video_file,camera_file,frame_count,mobile_cell_count,stationary_cell_count,total_cells,motility_ratio,count_date_yyyy_mm_dd,start_date_yyyy_mm_dd,species,site,culture,experiment,well,days_from_start,toxin_exposure,cu_ug_l,ntu,tile,tile_count,lux_exposure,comment,collection_date,year,season,collection_site,preparation,release,non_mobile_count,video_file_name,experiment_chr,experiment_block,experiment_suffix,species_std,spm_material,brake_type,brake_class,log_ntu,lux_f
C1750,20241227_C1750_clip.mp4,504,42021,66316,108337,0.3878730258360486,2024-12-27,2024-12-23,L. digitata,BR,52,10.2,24221,4,CONTROL,0,0,none,NA,0,100 NTU,13/12/2024,2024,Winter,Bognor,2024-12-19,2024-12-20,66316,C1750,10.2,10,2,L. digitata,Control,Control,NA,0,0
C1751,20241227_C1751_clip.mp4,504,47765,71683,119448,0.3998811198178287,2024-12-27,2024-12-23,L. digitata,BR,52,10.2,24222,4,CONTROL,0,0,none,NA,0,100 NTU,13/12/2024,2024,Winter,Bognor,2024-12-19,2024-12-20,71683,C1751,10.2,10,2,L. digitata,Control,Control,NA,0,0
C1752,20241227_C1752_clip.mp4,504,46962,71004,117966,0.398097756980825,2024-12-27,2024-12-23,L. digitata,BR,52,10.2,24223,4,CONTROL,0,0,none,NA,0,100 NTU,13/12/2024,2024,Winter,Bognor,2024-12-19,2024-12-20,71004,C1752,10.2,10,2,L. digitata,Control,Control,NA,0,0
C1755,20241227_C1755_clip.mp4,504,1172,2363,3535,0.33154172560113154,2024-12-27,2024-12-23,L. digitata,BR,52,10.2,24224,4,SPM,0,100,none,NA,0,100 NTU,13/12/2024,2024,Winter,Bognor,2024-12-19,2024-12-20,2363,C1755,10.2,10,2,L. digitata,Field SPM,NA,NA,2.0043213737826426,0
C1756,20241227_C1756_clip.mp4,504,16127,25863,41990,0.3840676351512265,2024-12-27,2024-12-23,L. digitata,BR,52,10.2,24225,4,SPM,0,100,none,NA,0,100 NTU,13/12/2024,2024,Winter,Bognor,2024-12-19,2024-12-20,25863,C1756,10.2,10,2,L. digitata,Field SPM,NA,NA,2.0043213737826426,0
C1757,20241227_C1757_clip.mp4,504,39678,60662,100340,0.39543551923460235,2024-12-27,2024-12-23,L. digitata,BR,52,10.2,24226,4,SPM,0,100,none,NA,0,100 NTU,13/12/2024,2024,Winter,Bognor,2024-12-19,2024-12-20,60662,C1757,10.2,10,2,L. digitata,Field SPM,NA,NA,2.0043213737826426,0
C1758,20241227_C1758_clip.mp4,504,40580,61722,102302,0.396668686829192,2024-12-27,2024-12-23,L. digitata,BR,52,10.2,24231,4,PEAT,0,100,none,NA,0,100 NTU / time check 12:40,13/12/2024,2024,Winter,Bognor,2024-12-19,2024-12-20,61722,C1758,10.2,10,2,L. digitata,Organic,NA,NA,2.0043213737826426,0
C1759,20241227_C1759_clip.mp4,504,46912,69643,116555,0.40248809574878813,2024-12-27,2024-12-23,L. digitata,BR,52,10.2,24232,4,PEAT,0,100,none,NA,0,100 NTU,13/12/2024,2024,Winter,Bognor,2024-12-19,2024-12-20,69643,C1759,10.2,10,2,L. digitata,Organic,NA,NA,2.0043213737826426,0
C1760,20241227_C1760_clip.mp4,504,40402,63627,104029,0.38837247306039663,2024-12-27,2024-12-23,L. digitata,BR,52,10.2,24233,4,PEAT,0,100,none,NA,0,100 NTU,13/12/2024,2024,Winter,Bognor,2024-12-19,2024-12-20,63627,C1760,10.2,10,2,L. digitata,Organic,NA,NA,2.0043213737826426,0
C1761,20241227_C1761_clip.mp4,504,37304,57336,94640,0.394167371090448,2024-12-27,2024-12-23,L. digitata,BR,52,10.2,24234,4,COIR,0,100,none,NA,0,100 NTU,13/12/2024,2024,Winter,Bognor,2024-12-19,2024-12-20,57336,C1761,10.2,10,2,L. digitata,Organic,NA,NA,2.0043213737826426,0
C1762,20241227_C1762_clip.mp4,504,47454,68718,116172,0.4084805288709844,2024-12-27,2024-12-23,L. digitata,BR,52,10.2,24235,4,COIR,0,100,none,NA,0,100 NTU,13/12/2024,2024,Winter,Bognor,2024-12-19,2024-12-20,68718,C1762,10.2,10,2,L. digitata,Organic,NA,NA,2.0043213737826426,0
C1763,20241227_C1763_clip.mp4,504,44318,65187,109505,0.4047121136021186,2024-12-27,2024-12-23,L. digitata,BR,52,10.2,24236,4,COIR,0,100,none,NA,0,100 NTU / slight adjustment of focus,13/12/2024,2024,Winter,Bognor,2024-12-19,2024-12-20,65187,C1763,10.2,10,2,L. digitata,Organic,NA,NA,2.0043213737826426,0
C1765,20241227_C1765_clip.mp4,504,42997,62952,105949,0.4058273320182352,2024-12-27,2024-12-23,L. digitata,BR,52,10.2,24241,4,KAOLINITE,0,100,none,NA,0,100 NTU / time check 12:44,13/12/2024,2024,Winter,Bognor,2024-12-19,2024-12-20,62952,C1765,10.2,10,2,L. digitata,Mineral / inert,NA,NA,2.0043213737826426,0
C1766,20241227_C1766_clip.mp4,504,39717,57799,97516,0.4072870093112925,2024-12-27,2024-12-23,L. digitata,BR,52,10.2,24242,4,KAOLINITE,0,100,none,NA,0,100 NTU,13/12/2024,2024,Winter,Bognor,2024-12-19,2024-12-20,57799,C1766,10.2,10,2,L. digitata,Mineral / inert,NA,NA,2.0043213737826426,0
C1767,20241227_C1767_clip.mp4,504,28478,43024,71502,0.39828256552264274,2024-12-27,2024-12-23,L. digitata,BR,52,10.2,24243,4,KAOLINITE,0,100,none,NA,0,100 NTU,13/12/2024,2024,Winter,Bognor,2024-12-19,2024-12-20,43024,C1767,10.2,10,2,L. digitata,Mineral / inert,NA,NA,2.0043213737826426,0
C1768,20241227_C1768_clip.mp4,504,44088,66444,110532,0.3988709152100749,2024-12-27,2024-12-23,L. digitata,BR,52,10.2,24244,4,GRAPHITE,0,100,none,NA,0,100 NTU,13/12/2024,2024,Winter,Bognor,2024-12-19,2024-12-20,66444,C1768,10.2,10,2,L. digitata,Mineral / inert,NA,NA,2.0043213737826426,0
C1770,20241227_C1770_clip.mp4,504,42777,63904,106681,0.40098049324622004,2024-12-27,2024-12-23,L. digitata,BR,52,10.2,24245,4,GRAPHITE,0,100,none,NA,0,100 NTU,13/12/2024,2024,Winter,Bognor,2024-12-19,2024-12-20,63904,C1770,10.2,10,2,L. digitata,Mineral / inert,NA,NA,2.0043213737826426,0
C1771,20241227_C1771_clip.mp4,504,43405,66748,110153,0.3940428313345982,2024-12-27,2024-12-23,L. digitata,BR,52,10.2,24246,4,GRAPHITE,0,100,none,NA,0,100 NTU,13/12/2024,2024,Winter,Bognor,2024-12-19,2024-12-20,66748,C1771,10.2,10,2,L. digitata,Mineral / inert,NA,NA,2.0043213737826426,0
C1773,20241227_C1773_clip.mp4,504,2852,5174,8026,0.35534512833291804,2024-12-27,2024-12-23,L. digitata,BR,52,10.2,24251,4,SAND,0,100,none,NA,0,100 NTU,13/12/2024,2024,Winter,Bognor,2024-12-19,2024-12-20,5174,C1773,10.2,10,2,L. digitata,Mineral / inert,NA,NA,2.0043213737826426,0
C1774,20241227_C1774_clip.mp4,504,1130,2630,3760,0.300531914893617,2024-12-27,2024-12-23,L. digitata,BR,52,10.2,24252,4,SAND,0,100,none,NA,0,100 NTU,13/12/2024,2024,Winter,Bognor,2024-12-19,2024-12-20,2630,C1774,10.2,10,2,L. digitata,Mineral / inert,NA,NA,2.0043213737826426,0
C1775,20241227_C1775_clip.mp4,504,33673,54215,87888,0.3831353540870198,2024-12-27,2024-12-23,L. digitata,BR,52,10.2,24253,4,SAND,0,100,none,NA,0,100 NTU,13/12/2024,2024,Winter,Bognor,2024-12-19,2024-12-20,54215,C1775,10.2,10,2,L. digitata,Mineral / inert,NA,NA,2.0043213737826426,0
C1776,20241227_C1776_clip.mp4,504,45402,68327,113729,0.3992121622453376,2024-12-27,2024-12-23,L. digitata,BR,52,10.2,24254,4,PLASTER OF PARIS,0,100,none,NA,0,100 NTU,13/12/2024,2024,Winter,Bognor,2024-12-19,2024-12-20,68327,C1776,10.2,10,2,L. digitata,Mineral / inert,NA,NA,2.0043213737826426,0
C1777,20241227_C1777_clip.mp4,504,29602,45584,75186,0.39371691538318304,2024-12-27,2024-12-23,L. digitata,BR,52,10.2,24255,4,PLASTER OF PARIS,0,100,none,NA,0,100 NTU,13/12/2024,2024,Winter,Bognor,2024-12-19,2024-12-20,45584,C1777,10.2,10,2,L. digitata,Mineral / inert,NA,NA,2.0043213737826426,0
C1778,20241227_C1778_clip.mp4,504,37499,62204,99703,0.37610703790257066,2024-12-27,2024-12-23,L. digitata,BR,52,10.2,24256,4,PLASTER OF PARIS,0,100,none,NA,0,100 NTU,13/12/2024,2024,Winter,Bognor,2024-12-19,2024-12-20,62204,C1778,10.2,10,2,L. digitata,Mineral / inert,NA,NA,2.0043213737826426,0
C1780,20241227_C1780_clip.mp4,504,42256,63729,105985,0.39869792895221023,2024-12-27,2024-12-23,L. digitata,BR,52,10.2,24261,4,CLAY CLOGGED,0,100,none,NA,0,100 NTU,13/12/2024,2024,Winter,Bognor,2024-12-19,2024-12-20,63729,C1780,10.2,10,2,L. digitata,Mineral / inert,NA,NA,2.0043213737826426,0
C1781,20241227_C1781_clip.mp4,504,42386,63108,105494,0.4017858835573587,2024-12-27,2024-12-23,L. digitata,BR,52,10.2,24262,4,CLAY CLOGGED,0,100,none,NA,0,100 NTU,13/12/2024,2024,Winter,Bognor,2024-12-19,2024-12-20,63108,C1781,10.2,10,2,L. digitata,Mineral / inert,NA,NA,2.0043213737826426,0
C1782,20241227_C1782_clip.mp4,504,931,1993,2924,0.3183994528043776,2024-12-27,2024-12-23,L. digitata,BR,52,10.2,24263,4,CLAY CLOGGED,0,100,none,NA,0,100 NTU,13/12/2024,2024,Winter,Bognor,2024-12-19,2024-12-20,1993,C1782,10.2,10,2,L. digitata,Mineral / inert,NA,NA,2.0043213737826426,0
C1783,20241227_C1783_clip.mp4,504,5641,5768,11409,0.4944342185993514,2024-12-27,2024-12-23,L. digitata,BR,52,10.2,24264,4,CLAY SCHOOL,0,100,none,NA,0,100 NTU,13/12/2024,2024,Winter,Bognor,2024-12-19,2024-12-20,5768,C1783,10.2,10,2,L. digitata,Mineral / inert,NA,NA,2.0043213737826426,0
C1784,20241227_C1784_clip.mp4,504,12225,16963,29188,0.4188365081540359,2024-12-27,2024-12-23,L. digitata,BR,52,10.2,24265,4,CLAY SCHOOL,0,100,none,NA,0,100 NTU,13/12/2024,2024,Winter,Bognor,2024-12-19,2024-12-20,16963,C1784,10.2,10,2,L. digitata,Mineral / inert,NA,NA,2.0043213737826426,0
C1785,20241227_C1785_clip.mp4,504,25684,42047,67731,0.37920597658383903,2024-12-27,2024-12-23,L. digitata,BR,52,10.2,24266,4,CLAY SCHOOL,0,100,none,NA,0,100 NTU,13/12/2024,2024,Winter,Bognor,2024-12-19,2024-12-20,42047,C1785,10.2,10,2,L. digitata,Mineral / inert,NA,NA,2.0043213737826426,0
C1786,20241227_C1786_clip.mp4,504,3076,5195,8271,0.3719018256559062,2024-12-27,2024-12-23,L. digitata,BR,52,9.2,24271,4,none,0,0,none,NA,70,70 Lux (12:12),13/12/2024,2024,Winter,Bognor,2024-12-19,2024-12-20,5195,C1786,9.2,9,2,L. digitata,NA,Control,NA,0,70
C1787,20241227_C1787_clip.mp4,504,39850,60381,100231,0.3975815865351039,2024-12-27,2024-12-23,L. digitata,BR,52,9.2,24272,4,none,0,0,none,NA,70,70 Lux (12:12),13/12/2024,2024,Winter,Bognor,2024-12-19,2024-12-20,60381,C1787,9.2,9,2,L. digitata,NA,Control,NA,0,70
C1788,20241227_C1788_clip.mp4,504,676,1670,2346,0.28815004262574595,2024-12-27,2024-12-23,L. digitata,BR,52,9.2,24273,4,none,0,0,none,NA,70,70 Lux (12:12),13/12/2024,2024,Winter,Bognor,2024-12-19,2024-12-20,1670,C1788,9.2,9,2,L. digitata,NA,Control,NA,0,70
C1789,20241227_C1789_clip.mp4,504,863,2216,3079,0.28028580708022083,2024-12-27,2024-12-23,L. digitata,BR,52,9.2,24274,4,none,0,0,none,NA,70,70 Lux (12:12),13/12/2024,2024,Winter,Bognor,2024-12-19,2024-12-20,2216,C1789,9.2,9,2,L. digitata,NA,Control,NA,0,70
C1790,20241227_C1790_clip.mp4,504,47363,69088,116451,0.4067204231822827,2024-12-27,2024-12-23,L. digitata,BR,52,9.2,24275,4,none,0,0,none,NA,70,70 Lux (12:12),13/12/2024,2024,Winter,Bognor,2024-12-19,2024-12-20,69088,C1790,9.2,9,2,L. digitata,NA,Control,NA,0,70
C1791,20241227_C1791_clip.mp4,504,6940,11316,18256,0.3801489921121823,2024-12-27,2024-12-23,L. digitata,BR,52,9.2,24276,4,none,0,0,none,NA,70,70 Lux (12:12),13/12/2024,2024,Winter,Bognor,2024-12-19,2024-12-20,11316,C1791,9.2,9,2,L. digitata,NA,Control,NA,0,70
C1792,20241227_C1792_clip.mp4,504,40507,61467,101974,0.3972287053562673,2024-12-27,2024-12-23,L. digitata,BR,52,9.2,24281,4,none,0,0,none,NA,117,117 Lux (12:12),13/12/2024,2024,Winter,Bognor,2024-12-19,2024-12-20,61467,C1792,9.2,9,2,L. digitata,NA,Control,NA,0,117
C1795,20241227_C1795_clip.mp4,504,42152,67927,110079,0.3829249902342863,2024-12-27,2024-12-23,L. digitata,BR,52,9.2,24282,4,none,0,0,none,NA,117,117 Lux (12:12),13/12/2024,2024,Winter,Bognor,2024-12-19,2024-12-20,67927,C1795,9.2,9,2,L. digitata,NA,Control,NA,0,117
C1796,20241227_C1796_clip.mp4,504,45075,68182,113257,0.39798864529344763,2024-12-27,2024-12-23,L. digitata,BR,52,9.2,24283,4,none,0,0,none,NA,117,117 Lux (12:12),13/12/2024,2024,Winter,Bognor,2024-12-19,2024-12-20,68182,C1796,9.2,9,2,L. digitata,NA,Control,NA,0,117
C1797,20241227_C1797_clip.mp4,504,923,1916,2839,0.32511447692849593,2024-12-27,2024-12-23,L. digitata,BR,52,9.2,24284,4,none,0,0,none,NA,117,117 Lux (12:12),13/12/2024,2024,Winter,Bognor,2024-12-19,2024-12-20,1916,C1797,9.2,9,2,L. digitata,NA,Control,NA,0,117
C1798,20241227_C1798_clip.mp4,504,45071,66303,111374,0.40468152351536263,2024-12-27,2024-12-23,L. digitata,BR,52,9.2,24285,4,none,0,0,none,NA,117,117 Lux (12:12),13/12/2024,2024,Winter,Bognor,2024-12-19,2024-12-20,66303,C1798,9.2,9,2,L. digitata,NA,Control,NA,0,117
C1800,20241227_C1800_clip.mp4,504,40540,61498,102038,0.3973029655618495,2024-12-27,2024-12-23,L. digitata,BR,52,9.2,24286,4,none,0,0,none,NA,117,117 Lux (12:12),13/12/2024,2024,Winter,Bognor,2024-12-19,2024-12-20,61498,C1800,9.2,9,2,L. digitata,NA,Control,NA,0,117
C1802,20241227_C1802_clip.mp4,504,41987,63307,105294,0.39875966341861835,2024-12-27,2024-12-23,L. digitata,BR,52,9.2,24291,4,none,0,0,none,NA,117,117 Lux (12:12),13/12/2024,2024,Winter,Bognor,2024-12-19,2024-12-20,63307,C1802,9.2,9,2,L. digitata,NA,Control,NA,0,117
C1804,20241227_C1804_clip.mp4,504,40243,62079,102322,0.3932976290533805,2024-12-27,2024-12-23,L. digitata,BR,52,9.2,24292,4,none,0,0,none,NA,4,4 Lux (12:12),13/12/2024,2024,Winter,Bognor,2024-12-19,2024-12-20,62079,C1804,9.2,9,2,L. digitata,NA,Control,NA,0,4
C1805,20241227_C1805_clip.mp4,504,4397,7517,11914,0.369061608192043,2024-12-27,2024-12-23,L. digitata,BR,52,9.2,24293,4,none,0,0,none,NA,4,4 Lux (12:12),13/12/2024,2024,Winter,Bognor,2024-12-19,2024-12-20,7517,C1805,9.2,9,2,L. digitata,NA,Control,NA,0,4
C1806,20241227_C1806_clip.mp4,504,41155,60677,101832,0.404146044465394,2024-12-27,2024-12-23,L. digitata,BR,52,9.2,24294,4,none,0,0,none,NA,4,4 Lux (12:12),13/12/2024,2024,Winter,Bognor,2024-12-19,2024-12-20,60677,C1806,9.2,9,2,L. digitata,NA,Control,NA,0,4
C1807,20241227_C1807_clip.mp4,504,42005,62804,104809,0.40077665086013603,2024-12-27,2024-12-23,L. digitata,BR,52,9.2,24295,4,none,0,0,none,NA,4,4 Lux (12:12),13/12/2024,2024,Winter,Bognor,2024-12-19,2024-12-20,62804,C1807,9.2,9,2,L. digitata,NA,Control,NA,0,4
C1808,20241227_C1808_clip.mp4,504,38482,60110,98592,0.39031564427134047,2024-12-27,2024-12-23,L. digitata,BR,52,9.2,24296,4,none,0,0,none,NA,4,4 Lux (12:12),13/12/2024,2024,Winter,Bognor,2024-12-19,2024-12-20,60110,C1808,9.2,9,2,L. digitata,NA,Control,NA,0,4
C1809,20241227_C1809_clip.mp4,504,28786,47114,75900,0.379262187088274,2024-12-27,2024-12-23,L. digitata,BR,52,9.2,24301,4,none,0,0,none,NA,0,0 Lux,13/12/2024,2024,Winter,Bognor,2024-12-19,2024-12-20,47114,C1809,9.2,9,2,L. digitata,NA,Control,NA,0,0
C1810,20241227_C1810_clip.mp4,504,43928,64322,108250,0.4058013856812933,2024-12-27,2024-12-23,L. digitata,BR,52,9.2,24302,4,none,0,0,none,NA,0,0 Lux,13/12/2024,2024,Winter,Bognor,2024-12-19,2024-12-20,64322,C1810,9.2,9,2,L. digitata,NA,Control,NA,0,0
C1811,20241227_C1811_clip.mp4,504,47486,71464,118950,0.3992097519966372,2024-12-27,2024-12-23,L. digitata,BR,52,9.2,24303,4,none,0,0,none,NA,0,0 Lux,13/12/2024,2024,Winter,Bognor,2024-12-19,2024-12-20,71464,C1811,9.2,9,2,L. digitata,NA,Control,NA,0,0
C1812,20241227_C1812_clip.mp4,504,46262,70485,116747,0.39625857623750504,2024-12-27,2024-12-23,L. digitata,BR,52,9.2,24304,4,none,0,0,none,NA,0,0 Lux,13/12/2024,2024,Winter,Bognor,2024-12-19,2024-12-20,70485,C1812,9.2,9,2,L. digitata,NA,Control,NA,0,0
C1813,20241227_C1813_clip.mp4,504,43845,65460,109305,0.40112529161520516,2024-12-27,2024-12-23,L. digitata,BR,52,9.2,24305,4,none,0,0,none,NA,0,0 Lux,13/12/2024,2024,Winter,Bognor,2024-12-19,2024-12-20,65460,C1813,9.2,9,2,L. digitata,NA,Control,NA,0,0
C1814,20241227_C1814_clip.mp4,504,42681,63495,106176,0.40198349909584086,2024-12-27,2024-12-23,L. digitata,BR,52,9.2,24306,4,none,0,0,none,NA,0,0 Lux,13/12/2024,2024,Winter,Bognor,2024-12-19,2024-12-20,63495,C1814,9.2,9,2,L. digitata,NA,Control,NA,0,0
C1819,20241231_C1819_clip.MP4,504,42293,63273,105566,0.40063088494401605,2024-12-31,2024-12-23,L. digitata,BR,52,10.2,24221,8,CONTROL,0,0,none,NA,0,NA,13/12/2024,2024,Winter,Bognor,2024-12-19,2024-12-20,63273,C1819,10.2,10,2,L. digitata,Control,Control,NA,0,0
C1820,20241231_C1820_clip.MP4,504,1228,2509,3737,0.3286058335563286,2024-12-31,2024-12-23,L. digitata,BR,52,10.2,24222,8,CONTROL,0,0,none,NA,0,NA,13/12/2024,2024,Winter,Bognor,2024-12-19,2024-12-20,2509,C1820,10.2,10,2,L. digitata,Control,Control,NA,0,0
C1821,20241231_C1821_clip.MP4,504,36675,53968,90643,0.40460929139591584,2024-12-31,2024-12-23,L. digitata,BR,52,10.2,24223,8,CONTROL,0,0,none,NA,0,NA,13/12/2024,2024,Winter,Bognor,2024-12-19,2024-12-20,53968,C1821,10.2,10,2,L. digitata,Control,Control,NA,0,0
C1822,20241231_C1822_clip.MP4,504,47190,71331,118521,0.3981572885817703,2024-12-31,2024-12-23,L. digitata,BR,52,10.2,24224,8,SPM,0,100,none,NA,0,NA,13/12/2024,2024,Winter,Bognor,2024-12-19,2024-12-20,71331,C1822,10.2,10,2,L. digitata,Field SPM,NA,NA,2.0043213737826426,0
C1823,20241231_C1823_clip.MP4,504,34930,55014,89944,0.38835275282397935,2024-12-31,2024-12-23,L. digitata,BR,52,10.2,24225,8,SPM,0,100,none,NA,0,NA,13/12/2024,2024,Winter,Bognor,2024-12-19,2024-12-20,55014,C1823,10.2,10,2,L. digitata,Field SPM,NA,NA,2.0043213737826426,0
C1824,20241231_C1824_clip.MP4,504,41076,60282,101358,0.4052566151660451,2024-12-31,2024-12-23,L. digitata,BR,52,10.2,24226,8,SPM,0,100,none,NA,0,NA,13/12/2024,2024,Winter,Bognor,2024-12-19,2024-12-20,60282,C1824,10.2,10,2,L. digitata,Field SPM,NA,NA,2.0043213737826426,0
C1825,20241231_C1825_clip.MP4,504,35828,54135,89963,0.3982526149639296,2024-12-31,2024-12-23,L. digitata,BR,52,10.2,24231,8,PEAT,0,100,none,NA,0,NA,13/12/2024,2024,Winter,Bognor,2024-12-19,2024-12-20,54135,C1825,10.2,10,2,L. digitata,Organic,NA,NA,2.0043213737826426,0
C1826,20241231_C1826_clip.MP4,504,36804,57879,94683,0.38870758214251766,2024-12-31,2024-12-23,L. digitata,BR,52,10.2,24232,8,PEAT,0,100,none,NA,0,NA,13/12/2024,2024,Winter,Bognor,2024-12-19,2024-12-20,57879,C1826,10.2,10,2,L. digitata,Organic,NA,NA,2.0043213737826426,0
C1827,20241231_C1827_clip.MP4,504,43770,65389,109159,0.40097472494251507,2024-12-31,2024-12-23,L. digitata,BR,52,10.2,24233,8,PEAT,0,100,none,NA,0,NA,13/12/2024,2024,Winter,Bognor,2024-12-19,2024-12-20,65389,C1827,10.2,10,2,L. digitata,Organic,NA,NA,2.0043213737826426,0
C1828,20241231_C1828_clip.MP4,504,23322,39271,62593,0.37259757480868466,2024-12-31,2024-12-23,L. digitata,BR,52,10.2,24234,8,COIR,0,100,none,NA,0,NA,13/12/2024,2024,Winter,Bognor,2024-12-19,2024-12-20,39271,C1828,10.2,10,2,L. digitata,Organic,NA,NA,2.0043213737826426,0
C1829,20241231_C1829_clip.MP4,504,39819,64418,104237,0.3820044705814634,2024-12-31,2024-12-23,L. digitata,BR,52,10.2,24235,8,COIR,0,100,none,NA,0,NA,13/12/2024,2024,Winter,Bognor,2024-12-19,2024-12-20,64418,C1829,10.2,10,2,L. digitata,Organic,NA,NA,2.0043213737826426,0
C1830,20241231_C1830_clip.MP4,504,35298,59109,94407,0.37389176650036543,2024-12-31,2024-12-23,L. digitata,BR,52,10.2,24236,8,COIR,0,100,none,NA,0,NA,13/12/2024,2024,Winter,Bognor,2024-12-19,2024-12-20,59109,C1830,10.2,10,2,L. digitata,Organic,NA,NA,2.0043213737826426,0
C1831,20241231_C1831_clip.MP4,504,35837,54541,90378,0.3965234902299232,2024-12-31,2024-12-23,L. digitata,BR,52,10.2,24241,8,KAOLINITE,0,100,none,NA,0,NA,13/12/2024,2024,Winter,Bognor,2024-12-19,2024-12-20,54541,C1831,10.2,10,2,L. digitata,Mineral / inert,NA,NA,2.0043213737826426,0
C1832,20241231_C1832_clip.MP4,504,35760,56156,91916,0.38905087253579357,2024-12-31,2024-12-23,L. digitata,BR,52,10.2,24242,8,KAOLINITE,0,100,none,NA,0,NA,13/12/2024,2024,Winter,Bognor,2024-12-19,2024-12-20,56156,C1832,10.2,10,2,L. digitata,Mineral / inert,NA,NA,2.0043213737826426,0
C1833,20241231_C1833_clip.MP4,504,40311,62672,102983,0.3914335375741627,2024-12-31,2024-12-23,L. digitata,BR,52,10.2,24243,8,KAOLINITE,0,100,none,NA,0,NA,13/12/2024,2024,Winter,Bognor,2024-12-19,2024-12-20,62672,C1833,10.2,10,2,L. digitata,Mineral / inert,NA,NA,2.0043213737826426,0
C1834,20241231_C1834_clip.MP4,504,36376,54924,91300,0.39842278203723985,2024-12-31,2024-12-23,L. digitata,BR,52,10.2,24244,8,GRAPHITE,0,100,none,NA,0,NA,13/12/2024,2024,Winter,Bognor,2024-12-19,2024-12-20,54924,C1834,10.2,10,2,L. digitata,Mineral / inert,NA,NA,2.0043213737826426,0
C1835,20241231_C1835_clip.MP4,504,38298,56961,95259,0.40204075205492396,2024-12-31,2024-12-23,L. digitata,BR,52,10.2,24245,8,GRAPHITE,0,100,none,NA,0,NA,13/12/2024,2024,Winter,Bognor,2024-12-19,2024-12-20,56961,C1835,10.2,10,2,L. digitata,Mineral / inert,NA,NA,2.0043213737826426,0
C1836,20241231_C1836_clip.MP4,504,38484,58527,97011,0.39669728175155394,2024-12-31,2024-12-23,L. digitata,BR,52,10.2,24246,8,GRAPHITE,0,100,none,NA,0,NA,13/12/2024,2024,Winter,Bognor,2024-12-19,2024-12-20,58527,C1836,10.2,10,2,L. digitata,Mineral / inert,NA,NA,2.0043213737826426,0
C1838,20241231_C1838_clip.MP4,504,34691,53656,88347,0.39266754954893773,2024-12-31,2024-12-23,L. digitata,BR,52,10.2,24251,8,SAND,0,100,none,NA,0,SZ's,13/12/2024,2024,Winter,Bognor,2024-12-19,2024-12-20,53656,C1838,10.2,10,2,L. digitata,Mineral / inert,NA,NA,2.0043213737826426,0
C1839,20241231_C1839_clip.MP4,504,40156,66571,106727,0.37624968377261614,2024-12-31,2024-12-23,L. digitata,BR,52,10.2,24252,8,SAND,0,100,none,NA,0,Bottom sample?/lack of movement,13/12/2024,2024,Winter,Bognor,2024-12-19,2024-12-20,66571,C1839,10.2,10,2,L. digitata,Mineral / inert,NA,NA,2.0043213737826426,0
C1840,20241231_C1840_clip.MP4,504,35217,61428,96645,0.3643954679497129,2024-12-31,2024-12-23,L. digitata,BR,52,10.2,24253,8,SAND,0,100,none,NA,0,NA,13/12/2024,2024,Winter,Bognor,2024-12-19,2024-12-20,61428,C1840,10.2,10,2,L. digitata,Mineral / inert,NA,NA,2.0043213737826426,0
C1841,20241231_C1841_clip.MP4,504,35309,62038,97347,0.3627127697823251,2024-12-31,2024-12-23,L. digitata,BR,52,10.2,24254,8,PLASTER OF PARIS,0,100,none,NA,0,NA,13/12/2024,2024,Winter,Bognor,2024-12-19,2024-12-20,62038,C1841,10.2,10,2,L. digitata,Mineral / inert,NA,NA,2.0043213737826426,0
C1842,20241231_C1842_clip.MP4,504,31830,49894,81724,0.3894816700112574,2024-12-31,2024-12-23,L. digitata,BR,52,10.2,24255,8,PLASTER OF PARIS,0,100,none,NA,0,NA,13/12/2024,2024,Winter,Bognor,2024-12-19,2024-12-20,49894,C1842,10.2,10,2,L. digitata,Mineral / inert,NA,NA,2.0043213737826426,0
C1843,20241231_C1843_clip.MP4,504,36748,58129,94877,0.38732253338533046,2024-12-31,2024-12-23,L. digitata,BR,52,10.2,24256,8,PLASTER OF PARIS,0,100,none,NA,0,NA,13/12/2024,2024,Winter,Bognor,2024-12-19,2024-12-20,58129,C1843,10.2,10,2,L. digitata,Mineral / inert,NA,NA,2.0043213737826426,0
C1844,20241231_C1844_clip.MP4,504,36070,55607,91677,0.39344655693358205,2024-12-31,2024-12-23,L. digitata,BR,52,10.2,24261,8,CLAY CLOGGED,0,100,none,NA,0,NA,13/12/2024,2024,Winter,Bognor,2024-12-19,2024-12-20,55607,C1844,10.2,10,2,L. digitata,Mineral / inert,NA,NA,2.0043213737826426,0
C1845,20241231_C1845_clip.MP4,504,791,1789,2580,0.3065891472868217,2024-12-31,2024-12-23,L. digitata,BR,52,10.2,24262,8,CLAY CLOGGED,0,100,none,NA,0,NA,13/12/2024,2024,Winter,Bognor,2024-12-19,2024-12-20,1789,C1845,10.2,10,2,L. digitata,Mineral / inert,NA,NA,2.0043213737826426,0
C1846,20241231_C1846_clip.MP4,504,10517,15974,26491,0.39700275565286325,2024-12-31,2024-12-23,L. digitata,BR,52,10.2,24263,8,CLAY CLOGGED,0,100,none,NA,0,NA,13/12/2024,2024,Winter,Bognor,2024-12-19,2024-12-20,15974,C1846,10.2,10,2,L. digitata,Mineral / inert,NA,NA,2.0043213737826426,0
C1848,20241231_C1848_clip.MP4,504,46988,68054,115042,0.40844213417708314,2024-12-31,2024-12-23,L. digitata,BR,52,10.2,24264,8,CLAY SCHOOL,0,100,none,NA,0,NA,13/12/2024,2024,Winter,Bognor,2024-12-19,2024-12-20,68054,C1848,10.2,10,2,L. digitata,Mineral / inert,NA,NA,2.0043213737826426,0
C1849,20241231_C1849_clip.MP4,504,38018,59711,97729,0.389014519743372,2024-12-31,2024-12-23,L. digitata,BR,52,10.2,24265,8,CLAY SCHOOL,0,100,none,NA,0,NA,13/12/2024,2024,Winter,Bognor,2024-12-19,2024-12-20,59711,C1849,10.2,10,2,L. digitata,Mineral / inert,NA,NA,2.0043213737826426,0
C1850,20241231_C1850_clip.MP4,504,30101,53643,83744,0.3594406763469622,2024-12-31,2024-12-23,L. digitata,BR,52,10.2,24266,8,CLAY SCHOOL,0,100,none,NA,0,NA,13/12/2024,2024,Winter,Bognor,2024-12-19,2024-12-20,53643,C1850,10.2,10,2,L. digitata,Mineral / inert,NA,NA,2.0043213737826426,0
C1851,20241231_C1851_clip.MP4,504,44283,67106,111389,0.3975527206456652,2024-12-31,2024-12-23,L. digitata,BR,52,9.2,24271,8,none,0,0,none,NA,70,Time check before this tray started 11:21,13/12/2024,2024,Winter,Bognor,2024-12-19,2024-12-20,67106,C1851,9.2,9,2,L. digitata,NA,Control,NA,0,70
C1852,20241231_C1852_clip.MP4,504,46714,67618,114332,0.40858202428016654,2024-12-31,2024-12-23,L. digitata,BR,52,9.2,24272,8,none,0,0,none,NA,70,NA,13/12/2024,2024,Winter,Bognor,2024-12-19,2024-12-20,67618,C1852,9.2,9,2,L. digitata,NA,Control,NA,0,70
C1854,20241231_C1854_clip.MP4,504,39968,60673,100641,0.39713436869665447,2024-12-31,2024-12-23,L. digitata,BR,52,9.2,24273,8,none,0,0,none,NA,70,NA,13/12/2024,2024,Winter,Bognor,2024-12-19,2024-12-20,60673,C1854,9.2,9,2,L. digitata,NA,Control,NA,0,70
C1855,20241231_C1855_clip.MP4,504,37686,56156,93842,0.4015899064384817,2024-12-31,2024-12-23,L. digitata,BR,52,9.2,24274,8,none,0,0,none,NA,70,NA,13/12/2024,2024,Winter,Bognor,2024-12-19,2024-12-20,56156,C1855,9.2,9,2,L. digitata,NA,Control,NA,0,70
C1856,20241231_C1856_clip.MP4,504,3417,5800,9217,0.3707280026038841,2024-12-31,2024-12-23,L. digitata,BR,52,9.2,24275,8,none,0,0,none,NA,70,NA,13/12/2024,2024,Winter,Bognor,2024-12-19,2024-12-20,5800,C1856,9.2,9,2,L. digitata,NA,Control,NA,0,70
C1857,20241231_C1857_clip.MP4,504,2014,3293,5307,0.37949877520256264,2024-12-31,2024-12-23,L. digitata,BR,52,9.2,24276,8,none,0,0,none,NA,117,NA,13/12/2024,2024,Winter,Bognor,2024-12-19,2024-12-20,3293,C1857,9.2,9,2,L. digitata,NA,Control,NA,0,117
C1858,20241231_C1858_clip.MP4,504,36973,58614,95587,0.3867994601776392,2024-12-31,2024-12-23,L. digitata,BR,52,9.2,24281,8,none,0,0,none,NA,117,NA,13/12/2024,2024,Winter,Bognor,2024-12-19,2024-12-20,58614,C1858,9.2,9,2,L. digitata,NA,Control,NA,0,117
C1859,20241231_C1859_clip.MP4,504,40446,61167,101613,0.39803962091464673,2024-12-31,2024-12-23,L. digitata,BR,52,9.2,24282,8,none,0,0,none,NA,117,NA,13/12/2024,2024,Winter,Bognor,2024-12-19,2024-12-20,61167,C1859,9.2,9,2,L. digitata,NA,Control,NA,0,117
C1860,20241231_C1860_clip.MP4,504,17209,31860,49069,0.3507102243779168,2024-12-31,2024-12-23,L. digitata,BR,52,9.2,24283,8,none,0,0,none,NA,117,NA,13/12/2024,2024,Winter,Bognor,2024-12-19,2024-12-20,31860,C1860,9.2,9,2,L. digitata,NA,Control,NA,0,117
C1861,20241231_C1861_clip.MP4,504,3032,5504,8536,0.35520149953139646,2024-12-31,2024-12-23,L. digitata,BR,52,9.2,24284,8,none,0,0,none,NA,117,NA,13/12/2024,2024,Winter,Bognor,2024-12-19,2024-12-20,5504,C1861,9.2,9,2,L. digitata,NA,Control,NA,0,117
C1862,20241231_C1862_clip.MP4,504,36471,54754,91225,0.3997917237599342,2024-12-31,2024-12-23,L. digitata,BR,52,9.2,24285,8,none,0,0,none,NA,117,NA,13/12/2024,2024,Winter,Bognor,2024-12-19,2024-12-20,54754,C1862,9.2,9,2,L. digitata,NA,Control,NA,0,117
C1863,20241231_C1863_clip.MP4,504,3260,5614,8874,0.36736533693937345,2024-12-31,2024-12-23,L. digitata,BR,52,9.2,24286,8,none,0,0,none,NA,117,NA,13/12/2024,2024,Winter,Bognor,2024-12-19,2024-12-20,5614,C1863,9.2,9,2,L. digitata,NA,Control,NA,0,117
C1864,20241231_C1864_clip.MP4,504,3509,5684,9193,0.38170347003154576,2024-12-31,2024-12-23,L. digitata,BR,52,9.2,24291,8,none,0,0,none,NA,4,NA,13/12/2024,2024,Winter,Bognor,2024-12-19,2024-12-20,5684,C1864,9.2,9,2,L. digitata,NA,Control,NA,0,4
C1865,20241231_C1865_clip.MP4,504,1179,2328,3507,0.3361847733105218,2024-12-31,2024-12-23,L. digitata,BR,52,9.2,24292,8,none,0,0,none,NA,4,NA,13/12/2024,2024,Winter,Bognor,2024-12-19,2024-12-20,2328,C1865,9.2,9,2,L. digitata,NA,Control,NA,0,4
C1866,20241231_C1866_clip.MP4,504,32988,52351,85339,0.38655245550100187,2024-12-31,2024-12-23,L. digitata,BR,52,9.2,24293,8,none,0,0,none,NA,4,NA,13/12/2024,2024,Winter,Bognor,2024-12-19,2024-12-20,52351,C1866,9.2,9,2,L. digitata,NA,Control,NA,0,4
C1867,20241231_C1867_clip.MP4,504,1620,10725,12345,0.13122721749696234,2024-12-31,2024-12-23,L. digitata,BR,52,9.2,24294,8,none,0,0,none,NA,4,looks green,13/12/2024,2024,Winter,Bognor,2024-12-19,2024-12-20,10725,C1867,9.2,9,2,L. digitata,NA,Control,NA,0,4
C1868,20241231_C1868_clip.MP4,504,40082,61219,101301,0.39567230333362946,2024-12-31,2024-12-23,L. digitata,BR,52,9.2,24295,8,none,0,0,none,NA,4,NA,13/12/2024,2024,Winter,Bognor,2024-12-19,2024-12-20,61219,C1868,9.2,9,2,L. digitata,NA,Control,NA,0,4
C1869,20241231_C1869_clip.MP4,504,1349,2653,4002,0.3370814592703648,2024-12-31,2024-12-23,L. digitata,BR,52,9.2,24296,8,none,0,0,none,NA,4,NA,13/12/2024,2024,Winter,Bognor,2024-12-19,2024-12-20,2653,C1869,9.2,9,2,L. digitata,NA,Control,NA,0,4
C1870,20241231_C1870_clip.MP4,504,36511,58563,95074,0.3840271788291226,2024-12-31,2024-12-23,L. digitata,BR,52,9.2,24301,8,none,0,0,none,NA,0,Time check before starting this tray 11:40,13/12/2024,2024,Winter,Bognor,2024-12-19,2024-12-20,58563,C1870,9.2,9,2,L. digitata,NA,Control,NA,0,0
C1871,20241231_C1871_clip.MP4,504,1697,2564,4261,0.39826331846984275,2024-12-31,2024-12-23,L. digitata,BR,52,9.2,24302,8,none,0,0,none,NA,0,agitators,13/12/2024,2024,Winter,Bognor,2024-12-19,2024-12-20,2564,C1871,9.2,9,2,L. digitata,NA,Control,NA,0,0
C1872,20241231_C1872_clip.MP4,504,40831,62153,102984,0.396479064709081,2024-12-31,2024-12-23,L. digitata,BR,52,9.2,24303,8,none,0,0,none,NA,0,NA,13/12/2024,2024,Winter,Bognor,2024-12-19,2024-12-20,62153,C1872,9.2,9,2,L. digitata,NA,Control,NA,0,0
C1873,20241231_C1873_clip.MP4,504,1778,3783,5561,0.3197266678654918,2024-12-31,2024-12-23,L. digitata,BR,52,9.2,24304,8,none,0,0,none,NA,0,NA,13/12/2024,2024,Winter,Bognor,2024-12-19,2024-12-20,3783,C1873,9.2,9,2,L. digitata,NA,Control,NA,0,0
C1874,20241231_C1874_clip.MP4,504,4346,6713,11059,0.39298309069536125,2024-12-31,2024-12-23,L. digitata,BR,52,9.2,24305,8,none,0,0,none,NA,0,NA,13/12/2024,2024,Winter,Bognor,2024-12-19,2024-12-20,6713,C1874,9.2,9,2,L. digitata,NA,Control,NA,0,0
C1875,20241231_C1875_clip.MP4,504,45232,65508,110740,0.408452230449702,2024-12-31,2024-12-23,L. digitata,BR,52,9.2,24306,8,none,0,0,none,NA,0,NA,13/12/2024,2024,Winter,Bognor,2024-12-19,2024-12-20,65508,C1875,9.2,9,2,L. digitata,NA,Control,NA,0,0
C1876,20241231_C1876_clip.MP4,504,37179,59288,96467,0.38540640840909324,2024-12-31,2024-12-27,L. digitata,BR,52,8.2,24311,4,CONTROL,0,0,none,NA,0,NA,13/12/2024,2024,Winter,Bognor,2024-12-19,2024-12-20,59288,C1876,8.2,8,2,L. digitata,Control,Control,NA,0,0
C1878,20241231_C1878_clip.MP4,504,45596,70612,116208,0.3923654137408784,2024-12-31,2024-12-27,L. digitata,BR,52,8.2,24312,4,CONTROL,0,0,none,NA,0,NA,13/12/2024,2024,Winter,Bognor,2024-12-19,2024-12-20,70612,C1878,8.2,8,2,L. digitata,Control,Control,NA,0,0
C1879,20241231_C1879_clip.MP4,504,33069,552988,586057,0.0564262520539811,2024-12-31,2024-12-27,L. digitata,BR,52,8.2,24313,4,CONTROL,0,0,none,NA,0,NA,13/12/2024,2024,Winter,Bognor,2024-12-19,2024-12-20,552988,C1879,8.2,8,2,L. digitata,Control,Control,NA,0,0
C1880,20241231_C1880_clip.MP4,504,200,1129,1329,0.1504890895410083,2024-12-31,2024-12-27,L. digitata,BR,52,8.2,24314,4,SPM,0,460,none,NA,0,NA,13/12/2024,2024,Winter,Bognor,2024-12-19,2024-12-20,1129,C1880,8.2,8,2,L. digitata,Field SPM,NA,NA,2.663700925389648,0
C1881,20241231_C1881_clip.MP4,504,41923,66613,108536,0.38625893712685194,2024-12-31,2024-12-27,L. digitata,BR,52,8.2,24315,4,SPM,0,460,none,NA,0,NA,13/12/2024,2024,Winter,Bognor,2024-12-19,2024-12-20,66613,C1881,8.2,8,2,L. digitata,Field SPM,NA,NA,2.663700925389648,0
C1882,20241231_C1882_clip.MP4,504,1620,3525,5145,0.31486880466472306,2024-12-31,2024-12-27,L. digitata,BR,52,8.2,24316,4,SPM,0,460,none,NA,0,NA,13/12/2024,2024,Winter,Bognor,2024-12-19,2024-12-20,3525,C1882,8.2,8,2,L. digitata,Field SPM,NA,NA,2.663700925389648,0
C1883,20241231_C1883_clip.MP4,504,39888,61769,101657,0.3923782917064245,2024-12-31,2024-12-27,L. digitata,BR,52,8.2,24321,4,SPM,0,850,none,NA,0,NA,13/12/2024,2024,Winter,Bognor,2024-12-19,2024-12-20,61769,C1883,8.2,8,2,L. digitata,Field SPM,NA,NA,2.929929560084588,0
C1884,20241231_C1884_clip.MP4,504,36421,54687,91108,0.39975633314308295,2024-12-31,2024-12-27,L. digitata,BR,52,8.2,24322,4,SPM,0,850,none,NA,0,NA,13/12/2024,2024,Winter,Bognor,2024-12-19,2024-12-20,54687,C1884,8.2,8,2,L. digitata,Field SPM,NA,NA,2.929929560084588,0
C1885,20241231_C1885_clip.MP4,504,40860,66882,107742,0.3792392938686863,2024-12-31,2024-12-27,L. digitata,BR,52,8.2,24323,4,SPM,0,850,none,NA,0,NA,13/12/2024,2024,Winter,Bognor,2024-12-19,2024-12-20,66882,C1885,8.2,8,2,L. digitata,Field SPM,NA,NA,2.929929560084588,0
C1886,20241231_C1886_clip.MP4,504,40361,60593,100954,0.3997959466687798,2024-12-31,2024-12-27,L. digitata,BR,52,8.2,24324,4,SPM,0,1184,none,NA,0,NA,13/12/2024,2024,Winter,Bognor,2024-12-19,2024-12-20,60593,C1886,8.2,8,2,L. digitata,Field SPM,NA,NA,3.0737183503461227,0
C1887,20241231_C1887_clip.MP4,504,47929,76762,124691,0.3843821927805535,2024-12-31,2024-12-27,L. digitata,BR,52,8.2,24325,4,SPM,0,1184,none,NA,0,NA,13/12/2024,2024,Winter,Bognor,2024-12-19,2024-12-20,76762,C1887,8.2,8,2,L. digitata,Field SPM,NA,NA,3.0737183503461227,0
C1888,20241231_C1888_clip.MP4,504,40217,59892,100109,0.40173211199792225,2024-12-31,2024-12-27,L. digitata,BR,52,8.2,24326,4,SPM,0,1184,none,NA,0,NA,13/12/2024,2024,Winter,Bognor,2024-12-19,2024-12-20,59892,C1888,8.2,8,2,L. digitata,Field SPM,NA,NA,3.0737183503461227,0
C1889,20241231_C1889_clip.MP4,504,36343,55796,92139,0.39443666634107166,2024-12-31,2024-12-27,L. digitata,BR,52,8.2,24331,4,SPM,0,1473,none,NA,0,NA,13/12/2024,2024,Winter,Bognor,2024-12-19,2024-12-20,55796,C1889,8.2,8,2,L. digitata,Field SPM,NA,NA,3.1684974835230326,0
C1890,20241231_C1890_clip.MP4,504,4840,7312,12152,0.39828834759710335,2024-12-31,2024-12-27,L. digitata,BR,52,8.2,24332,4,SPM,0,1473,none,NA,0,NA,13/12/2024,2024,Winter,Bognor,2024-12-19,2024-12-20,7312,C1890,8.2,8,2,L. digitata,Field SPM,NA,NA,3.1684974835230326,0
C1891,20241231_C1891_clip.MP4,504,38654,57868,96522,0.4004682870226477,2024-12-31,2024-12-27,L. digitata,BR,52,8.2,24333,4,SPM,0,1473,none,NA,0,NA,13/12/2024,2024,Winter,Bognor,2024-12-19,2024-12-20,57868,C1891,8.2,8,2,L. digitata,Field SPM,NA,NA,3.1684974835230326,0
C1892,20241231_C1892_clip.MP4,504,8752,17110,25862,0.3384115690975176,2024-12-31,2024-12-27,L. digitata,BR,52,8.2,24334,4,SPM,0,1727,none,NA,0,NA,13/12/2024,2024,Winter,Bognor,2024-12-19,2024-12-20,17110,C1892,8.2,8,2,L. digitata,Field SPM,NA,NA,3.2375437381428744,0
C1894,20241231_C1894_clip.MP4,504,38321,61670,99991,0.3832444920042804,2024-12-31,2024-12-27,L. digitata,BR,52,8.2,24335,4,SPM,0,1727,none,NA,0,NA,13/12/2024,2024,Winter,Bognor,2024-12-19,2024-12-20,61670,C1894,8.2,8,2,L. digitata,Field SPM,NA,NA,3.2375437381428744,0
C1896,20241231_C1896_clip.MP4,504,45254,68572,113826,0.3975717322931492,2024-12-31,2024-12-27,L. digitata,BR,52,8.2,24336,4,SPM,0,1727,none,NA,0,Refocused,13/12/2024,2024,Winter,Bognor,2024-12-19,2024-12-20,68572,C1896,8.2,8,2,L. digitata,Field SPM,NA,NA,3.2375437381428744,0
C1870i,20250104_C1870_clip.MP4,504,241,622,863,0.27925840092699883,2025-01-04,2024-12-23,L. digitata,BR,52,10.2,24221,12,CONTROL,0,0,none,NA,0,NA,13/12/2024,2024,Winter,Bognor,2024-12-19,2024-12-20,622,C1870i,10.2,10,2,L. digitata,Control,Control,NA,0,0
C1872i,20250104_C1872_clip.MP4,504,773,1376,2149,0.35970218706375057,2025-01-04,2024-12-23,L. digitata,BR,52,10.2,24222,12,CONTROL,0,0,none,NA,0,Refocused,13/12/2024,2024,Winter,Bognor,2024-12-19,2024-12-20,1376,C1872i,10.2,10,2,L. digitata,Control,Control,NA,0,0
C1873i,20250104_C1873_clip.MP4,504,447,1029,1476,0.30284552845528456,2025-01-04,2024-12-23,L. digitata,BR,52,10.2,24223,12,CONTROL,0,0,none,NA,0,NA,13/12/2024,2024,Winter,Bognor,2024-12-19,2024-12-20,1029,C1873i,10.2,10,2,L. digitata,Control,Control,NA,0,0
C1874i,20250104_C1874_clip.MP4,504,359,912,1271,0.2824547600314713,2025-01-04,2024-12-23,L. digitata,BR,52,10.2,24224,12,SPM,0,100,none,NA,0,NA,13/12/2024,2024,Winter,Bognor,2024-12-19,2024-12-20,912,C1874i,10.2,10,2,L. digitata,Field SPM,NA,NA,2.0043213737826426,0
C1875i,20250104_C1875_clip.MP4,504,376,882,1258,0.2988871224165342,2025-01-04,2024-12-23,L. digitata,BR,52,10.2,24225,12,SPM,0,100,none,NA,0,NA,13/12/2024,2024,Winter,Bognor,2024-12-19,2024-12-20,882,C1875i,10.2,10,2,L. digitata,Field SPM,NA,NA,2.0043213737826426,0
C1876i,20250104_C1876_clip.MP4,504,242,589,831,0.29121540312876054,2025-01-04,2024-12-23,L. digitata,BR,52,10.2,24226,12,SPM,0,100,none,NA,0,NA,13/12/2024,2024,Winter,Bognor,2024-12-19,2024-12-20,589,C1876i,10.2,10,2,L. digitata,Field SPM,NA,NA,2.0043213737826426,0
C1877i,20250104_C1877_clip.MP4,504,2653,3331,5984,0.44334893048128343,2025-01-04,2024-12-23,L. digitata,BR,52,10.2,24231,12,PEAT,0,100,none,NA,0,NA,13/12/2024,2024,Winter,Bognor,2024-12-19,2024-12-20,3331,C1877i,10.2,10,2,L. digitata,Organic,NA,NA,2.0043213737826426,0
C1878i,20250104_C1878_clip.MP4,504,556,1312,1868,0.29764453961456105,2025-01-04,2024-12-23,L. digitata,BR,52,10.2,24232,12,PEAT,0,100,none,NA,0,NA,13/12/2024,2024,Winter,Bognor,2024-12-19,2024-12-20,1312,C1878i,10.2,10,2,L. digitata,Organic,NA,NA,2.0043213737826426,0
C1879i,20250104_C1879_clip.MP4,504,228,639,867,0.2629757785467128,2025-01-04,2024-12-23,L. digitata,BR,52,10.2,24233,12,PEAT,0,100,none,NA,0,NA,13/12/2024,2024,Winter,Bognor,2024-12-19,2024-12-20,639,C1879i,10.2,10,2,L. digitata,Organic,NA,NA,2.0043213737826426,0
C1880i,20250104_C1880_clip.MP4,504,248,622,870,0.2850574712643678,2025-01-04,2024-12-23,L. digitata,BR,52,10.2,24234,12,COIR,0,100,none,NA,0,NA,13/12/2024,2024,Winter,Bognor,2024-12-19,2024-12-20,622,C1880i,10.2,10,2,L. digitata,Organic,NA,NA,2.0043213737826426,0
C1881i,20250104_C1881_clip.MP4,504,246,759,1005,0.24477611940298508,2025-01-04,2024-12-23,L. digitata,BR,52,10.2,24235,12,COIR,0,100,none,NA,0,NA,13/12/2024,2024,Winter,Bognor,2024-12-19,2024-12-20,759,C1881i,10.2,10,2,L. digitata,Organic,NA,NA,2.0043213737826426,0
C1882i,20250104_C1882_clip.MP4,504,2157,3629,5786,0.37279640511579676,2025-01-04,2024-12-23,L. digitata,BR,52,10.2,24236,12,COIR,0,100,none,NA,0,NA,13/12/2024,2024,Winter,Bognor,2024-12-19,2024-12-20,3629,C1882i,10.2,10,2,L. digitata,Organic,NA,NA,2.0043213737826426,0
C1883i,20250104_C1883_clip.MP4,504,232,685,917,0.2529989094874591,2025-01-04,2024-12-23,L. digitata,BR,52,10.2,24241,12,KAOLINITE,0,100,none,NA,0,NA,13/12/2024,2024,Winter,Bognor,2024-12-19,2024-12-20,685,C1883i,10.2,10,2,L. digitata,Mineral / inert,NA,NA,2.0043213737826426,0
C1884i,20250104_C1884_clip.MP4,504,457,1118,1575,0.29015873015873017,2025-01-04,2024-12-23,L. digitata,BR,52,10.2,24242,12,KAOLINITE,0,100,none,NA,0,NA,13/12/2024,2024,Winter,Bognor,2024-12-19,2024-12-20,1118,C1884i,10.2,10,2,L. digitata,Mineral / inert,NA,NA,2.0043213737826426,0
C1885i,20250104_C1885_clip.MP4,504,44626,90055,134681,0.3313459211024569,2025-01-04,2024-12-23,L. digitata,BR,52,10.2,24243,12,KAOLINITE,0,100,none,NA,0,NA,13/12/2024,2024,Winter,Bognor,2024-12-19,2024-12-20,90055,C1885i,10.2,10,2,L. digitata,Mineral / inert,NA,NA,2.0043213737826426,0
C1886i,20250104_C1886_clip.MP4,504,576,1222,1798,0.3203559510567297,2025-01-04,2024-12-23,L. digitata,BR,52,10.2,24244,12,GRAPHITE,0,100,none,NA,0,NA,13/12/2024,2024,Winter,Bognor,2024-12-19,2024-12-20,1222,C1886i,10.2,10,2,L. digitata,Mineral / inert,NA,NA,2.0043213737826426,0
C1887i,20250104_C1887_clip.MP4,504,981,1228,2209,0.44409234947940246,2025-01-04,2024-12-23,L. digitata,BR,52,10.2,24245,12,GRAPHITE,0,100,none,NA,0,NA,13/12/2024,2024,Winter,Bognor,2024-12-19,2024-12-20,1228,C1887i,10.2,10,2,L. digitata,Mineral / inert,NA,NA,2.0043213737826426,0
C1888i,20250104_C1888_clip.MP4,504,1603,3085,4688,0.3419368600682594,2025-01-04,2024-12-23,L. digitata,BR,52,10.2,24246,12,GRAPHITE,0,100,none,NA,0,NA,13/12/2024,2024,Winter,Bognor,2024-12-19,2024-12-20,3085,C1888i,10.2,10,2,L. digitata,Mineral / inert,NA,NA,2.0043213737826426,0
C1889i,20250104_C1889_clip.MP4,504,303,785,1088,0.27849264705882354,2025-01-04,2024-12-23,L. digitata,BR,52,10.2,24251,12,SAND,0,100,none,NA,0,NA,13/12/2024,2024,Winter,Bognor,2024-12-19,2024-12-20,785,C1889i,10.2,10,2,L. digitata,Mineral / inert,NA,NA,2.0043213737826426,0
C1890i,20250104_C1890_clip.MP4,504,500,1055,1555,0.3215434083601286,2025-01-04,2024-12-23,L. digitata,BR,52,10.2,24252,12,SAND,0,100,none,NA,0,NA,13/12/2024,2024,Winter,Bognor,2024-12-19,2024-12-20,1055,C1890i,10.2,10,2,L. digitata,Mineral / inert,NA,NA,2.0043213737826426,0
C1892i,20250104_C1892_clip.MP4,504,280,650,930,0.3010752688172043,2025-01-04,2024-12-23,L. digitata,BR,52,10.2,24253,12,SAND,0,100,none,NA,0,Refocused/ fewer but those that are there are fewer,13/12/2024,2024,Winter,Bognor,2024-12-19,2024-12-20,650,C1892i,10.2,10,2,L. digitata,Mineral / inert,NA,NA,2.0043213737826426,0
C1893i,20250104_C1893_clip.MP4,504,215,656,871,0.2468427095292767,2025-01-04,2024-12-23,L. digitata,BR,52,10.2,24254,12,PLASTER OF PARIS,0,100,none,NA,0,NA,13/12/2024,2024,Winter,Bognor,2024-12-19,2024-12-20,656,C1893i,10.2,10,2,L. digitata,Mineral / inert,NA,NA,2.0043213737826426,0
C1895i,20250104_C1895_clip.MP4,504,5804,9070,14874,0.3902111066290171,2025-01-04,2024-12-23,L. digitata,BR,52,10.2,24255,12,PLASTER OF PARIS,0,100,none,NA,0,Refocused,13/12/2024,2024,Winter,Bognor,2024-12-19,2024-12-20,9070,C1895i,10.2,10,2,L. digitata,Mineral / inert,NA,NA,2.0043213737826426,0
C1896i,20250104_C1896_clip.MP4,504,285,669,954,0.29874213836477986,2025-01-04,2024-12-23,L. digitata,BR,52,10.2,24256,12,PLASTER OF PARIS,0,100,none,NA,0,NA,13/12/2024,2024,Winter,Bognor,2024-12-19,2024-12-20,669,C1896i,10.2,10,2,L. digitata,Mineral / inert,NA,NA,2.0043213737826426,0
C1897i,20250104_C1897_clip.MP4,504,257,842,1099,0.2338489535941765,2025-01-04,2024-12-23,L. digitata,BR,52,10.2,24261,12,CLAY CLOGGED,0,100,none,NA,0,Didn't switch  off video and so moved slide (first 11 seconds though should be ok),13/12/2024,2024,Winter,Bognor,2024-12-19,2024-12-20,842,C1897i,10.2,10,2,L. digitata,Mineral / inert,NA,NA,2.0043213737826426,0
C1899i,20250104_C1899_clip.MP4,504,239,639,878,0.2722095671981777,2025-01-04,2024-12-23,L. digitata,BR,52,10.2,24262,12,CLAY CLOGGED,0,100,none,NA,0,NA,13/12/2024,2024,Winter,Bognor,2024-12-19,2024-12-20,639,C1899i,10.2,10,2,L. digitata,Mineral / inert,NA,NA,2.0043213737826426,0
C1900i,20250104_C1900_clip.MP4,504,236,631,867,0.2722029988465975,2025-01-04,2024-12-23,L. digitata,BR,52,10.2,24263,12,CLAY CLOGGED,0,100,none,NA,0,NA,13/12/2024,2024,Winter,Bognor,2024-12-19,2024-12-20,631,C1900i,10.2,10,2,L. digitata,Mineral / inert,NA,NA,2.0043213737826426,0
C1901i,20250104_C1901_clip.MP4,504,496,1144,1640,0.3024390243902439,2025-01-04,2024-12-23,L. digitata,BR,52,10.2,24264,12,CLAY SCHOOL,0,100,none,NA,0,NA,13/12/2024,2024,Winter,Bognor,2024-12-19,2024-12-20,1144,C1901i,10.2,10,2,L. digitata,Mineral / inert,NA,NA,2.0043213737826426,0
C1902i,20250104_C1902_clip.MP4,504,237,612,849,0.2791519434628975,2025-01-04,2024-12-23,L. digitata,BR,52,10.2,24265,12,CLAY SCHOOL,0,100,none,NA,0,NA,13/12/2024,2024,Winter,Bognor,2024-12-19,2024-12-20,612,C1902i,10.2,10,2,L. digitata,Mineral / inert,NA,NA,2.0043213737826426,0
C1903i,20250104_C1903_clip.MP4,504,1317,2543,3860,0.3411917098445596,2025-01-04,2024-12-23,L. digitata,BR,52,10.2,24266,12,CLAY SCHOOL,0,100,none,NA,0,NA,13/12/2024,2024,Winter,Bognor,2024-12-19,2024-12-20,2543,C1903i,10.2,10,2,L. digitata,Mineral / inert,NA,NA,2.0043213737826426,0
C1904i,20250104_C1904_clip.MP4,504,476,852,1328,0.35843373493975905,2025-01-04,2024-12-23,L. digitata,BR,52,9.2,24271,12,none,0,0,none,NA,70,NA,13/12/2024,2024,Winter,Bognor,2024-12-19,2024-12-20,852,C1904i,9.2,9,2,L. digitata,NA,Control,NA,0,70
C1905i,20250104_C1905_clip.MP4,504,332,939,1271,0.2612116443745083,2025-01-04,2024-12-23,L. digitata,BR,52,9.2,24272,12,none,0,0,none,NA,70,NA,13/12/2024,2024,Winter,Bognor,2024-12-19,2024-12-20,939,C1905i,9.2,9,2,L. digitata,NA,Control,NA,0,70
C1906i,20250104_C1906_clip.MP4,504,264,762,1026,0.2573099415204678,2025-01-04,2024-12-23,L. digitata,BR,52,9.2,24273,12,none,0,0,none,NA,70,NA,13/12/2024,2024,Winter,Bognor,2024-12-19,2024-12-20,762,C1906i,9.2,9,2,L. digitata,NA,Control,NA,0,70
C1907i,20250104_C1907_clip.MP4,504,273,696,969,0.28173374613003094,2025-01-04,2024-12-23,L. digitata,BR,52,9.2,24274,12,none,0,0,none,NA,70,NA,13/12/2024,2024,Winter,Bognor,2024-12-19,2024-12-20,696,C1907i,9.2,9,2,L. digitata,NA,Control,NA,0,70
C1908i,20250104_C1908_clip.MP4,504,266,682,948,0.2805907172995781,2025-01-04,2024-12-23,L. digitata,BR,52,9.2,24275,12,none,0,0,none,NA,70,NA,13/12/2024,2024,Winter,Bognor,2024-12-19,2024-12-20,682,C1908i,9.2,9,2,L. digitata,NA,Control,NA,0,70
C1909i,20250104_C1909_clip.MP4,504,305,1075,1380,0.2210144927536232,2025-01-04,2024-12-23,L. digitata,BR,52,9.2,24276,12,none,0,0,none,NA,117,NA,13/12/2024,2024,Winter,Bognor,2024-12-19,2024-12-20,1075,C1909i,9.2,9,2,L. digitata,NA,Control,NA,0,117
C1910i,20250104_C1910_clip.MP4,504,500,703,1203,0.41562759767248547,2025-01-04,2024-12-23,L. digitata,BR,52,9.2,24281,12,none,0,0,none,NA,117,NA,13/12/2024,2024,Winter,Bognor,2024-12-19,2024-12-20,703,C1910i,9.2,9,2,L. digitata,NA,Control,NA,0,117
C1911i,20250104_C1911_clip.MP4,504,553,1063,1616,0.34220297029702973,2025-01-04,2024-12-23,L. digitata,BR,52,9.2,24282,12,none,0,0,none,NA,117,NA,13/12/2024,2024,Winter,Bognor,2024-12-19,2024-12-20,1063,C1911i,9.2,9,2,L. digitata,NA,Control,NA,0,117
C1912i,20250104_C1912_clip.MP4,504,1435,1972,3407,0.421191664220722,2025-01-04,2024-12-23,L. digitata,BR,52,9.2,24283,12,none,0,0,none,NA,117,NA,13/12/2024,2024,Winter,Bognor,2024-12-19,2024-12-20,1972,C1912i,9.2,9,2,L. digitata,NA,Control,NA,0,117
C1913i,20250104_C1913_clip.MP4,504,278,760,1038,0.2678227360308285,2025-01-04,2024-12-23,L. digitata,BR,52,9.2,24284,12,none,0,0,none,NA,117,NA,13/12/2024,2024,Winter,Bognor,2024-12-19,2024-12-20,760,C1913i,9.2,9,2,L. digitata,NA,Control,NA,0,117
C1914i,20250104_C1914_clip.MP4,504,232,636,868,0.2672811059907834,2025-01-04,2024-12-23,L. digitata,BR,52,9.2,24285,12,none,0,0,none,NA,117,NA,13/12/2024,2024,Winter,Bognor,2024-12-19,2024-12-20,636,C1914i,9.2,9,2,L. digitata,NA,Control,NA,0,117
C1915i,20250104_C1915_clip.MP4,504,276,699,975,0.28307692307692306,2025-01-04,2024-12-23,L. digitata,BR,52,9.2,24286,12,none,0,0,none,NA,117,NA,13/12/2024,2024,Winter,Bognor,2024-12-19,2024-12-20,699,C1915i,9.2,9,2,L. digitata,NA,Control,NA,0,117
C1916i,20250104_C1916_clip.MP4,504,307,991,1298,0.23651771956856701,2025-01-04,2024-12-23,L. digitata,BR,52,9.2,24291,12,none,0,0,none,NA,4,NA,13/12/2024,2024,Winter,Bognor,2024-12-19,2024-12-20,991,C1916i,9.2,9,2,L. digitata,NA,Control,NA,0,4
C1918i,20250104_C1918_clip.MP4,504,251,630,881,0.2849035187287174,2025-01-04,2024-12-23,L. digitata,BR,52,9.2,24292,12,none,0,0,none,NA,4,Refocused,13/12/2024,2024,Winter,Bognor,2024-12-19,2024-12-20,630,C1918i,9.2,9,2,L. digitata,NA,Control,NA,0,4
C1919i,20250104_C1919_clip.MP4,504,322,750,1072,0.3003731343283582,2025-01-04,2024-12-23,L. digitata,BR,52,9.2,24293,12,none,0,0,none,NA,4,NA,13/12/2024,2024,Winter,Bognor,2024-12-19,2024-12-20,750,C1919i,9.2,9,2,L. digitata,NA,Control,NA,0,4
C1920i,20250104_C1920_clip.MP4,504,230,655,885,0.2598870056497175,2025-01-04,2024-12-23,L. digitata,BR,52,9.2,24294,12,none,0,0,none,NA,4,NA,13/12/2024,2024,Winter,Bognor,2024-12-19,2024-12-20,655,C1920i,9.2,9,2,L. digitata,NA,Control,NA,0,4
C1921i,20250104_C1921_clip.MP4,504,382,897,1279,0.2986708365910868,2025-01-04,2024-12-23,L. digitata,BR,52,9.2,24295,12,none,0,0,none,NA,4,NA,13/12/2024,2024,Winter,Bognor,2024-12-19,2024-12-20,897,C1921i,9.2,9,2,L. digitata,NA,Control,NA,0,4
C1922i,20250104_C1922_clip.MP4,504,213,646,859,0.2479627473806752,2025-01-04,2024-12-23,L. digitata,BR,52,9.2,24296,12,none,0,0,none,NA,4,NA,13/12/2024,2024,Winter,Bognor,2024-12-19,2024-12-20,646,C1922i,9.2,9,2,L. digitata,NA,Control,NA,0,4
C1923i,20250104_C1923_clip.MP4,504,243,655,898,0.27060133630289535,2025-01-04,2024-12-23,L. digitata,BR,52,9.2,24301,12,none,0,0,none,NA,0,NA,13/12/2024,2024,Winter,Bognor,2024-12-19,2024-12-20,655,C1923i,9.2,9,2,L. digitata,NA,Control,NA,0,0
C1924i,20250104_C1924_clip.MP4,504,707,1519,2226,0.31761006289308175,2025-01-04,2024-12-23,L. digitata,BR,52,9.2,24302,12,none,0,0,none,NA,0,NA,13/12/2024,2024,Winter,Bognor,2024-12-19,2024-12-20,1519,C1924i,9.2,9,2,L. digitata,NA,Control,NA,0,0
C1925i,20250104_C1925_clip.MP4,504,294,831,1125,0.2613333333333333,2025-01-04,2024-12-23,L. digitata,BR,52,9.2,24303,12,none,0,0,none,NA,0,NA,13/12/2024,2024,Winter,Bognor,2024-12-19,2024-12-20,831,C1925i,9.2,9,2,L. digitata,NA,Control,NA,0,0
C1926i,20250104_C1926_clip.MP4,504,263,608,871,0.3019517795637199,2025-01-04,2024-12-23,L. digitata,BR,52,9.2,24304,12,none,0,0,none,NA,0,NA,13/12/2024,2024,Winter,Bognor,2024-12-19,2024-12-20,608,C1926i,9.2,9,2,L. digitata,NA,Control,NA,0,0
C1927i,20250104_C1927_clip.MP4,504,580,1309,1889,0.3070407623080995,2025-01-04,2024-12-23,L. digitata,BR,52,9.2,24305,12,none,0,0,none,NA,0,NA,13/12/2024,2024,Winter,Bognor,2024-12-19,2024-12-20,1309,C1927i,9.2,9,2,L. digitata,NA,Control,NA,0,0
C1928i,20250104_C1928_clip.MP4,504,316,906,1222,0.25859247135842883,2025-01-04,2024-12-23,L. digitata,BR,52,9.2,24306,12,none,0,0,none,NA,0,NA,13/12/2024,2024,Winter,Bognor,2024-12-19,2024-12-20,906,C1928i,9.2,9,2,L. digitata,NA,Control,NA,0,0
C1929i,20250104_C1929_clip.MP4,504,469,1138,1607,0.2918481642812695,2025-01-04,2024-12-27,L. digitata,BR,52,8.2,24311,8,CONTROL,0,0,none,NA,0,NA,13/12/2024,2024,Winter,Bognor,2024-12-19,2024-12-20,1138,C1929i,8.2,8,2,L. digitata,Control,Control,NA,0,0
C1930i,20250104_C1930_clip.MP4,504,245,644,889,0.27559055118110237,2025-01-04,2024-12-27,L. digitata,BR,52,8.2,24312,8,CONTROL,0,0,none,NA,0,NA,13/12/2024,2024,Winter,Bognor,2024-12-19,2024-12-20,644,C1930i,8.2,8,2,L. digitata,Control,Control,NA,0,0
C1931i,20250104_C1931_clip.MP4,504,332,660,992,0.3346774193548387,2025-01-04,2024-12-27,L. digitata,BR,52,8.2,24313,8,CONTROL,0,0,none,NA,0,NA,13/12/2024,2024,Winter,Bognor,2024-12-19,2024-12-20,660,C1931i,8.2,8,2,L. digitata,Control,Control,NA,0,0
C1932i,20250104_C1932_clip.MP4,504,1153,2252,3405,0.33861967694566814,2025-01-04,2024-12-27,L. digitata,BR,52,8.2,24314,8,SPM,0,460,none,NA,0,NA,13/12/2024,2024,Winter,Bognor,2024-12-19,2024-12-20,2252,C1932i,8.2,8,2,L. digitata,Field SPM,NA,NA,2.663700925389648,0
C1933i,20250104_C1933_clip.MP4,504,957,1890,2847,0.3361433087460485,2025-01-04,2024-12-27,L. digitata,BR,52,8.2,24315,8,SPM,0,460,none,NA,0,NA,13/12/2024,2024,Winter,Bognor,2024-12-19,2024-12-20,1890,C1933i,8.2,8,2,L. digitata,Field SPM,NA,NA,2.663700925389648,0
C1934i,20250104_C1934_clip.MP4,504,618,1199,1817,0.34012107870115577,2025-01-04,2024-12-27,L. digitata,BR,52,8.2,24316,8,SPM,0,460,none,NA,0,NA,13/12/2024,2024,Winter,Bognor,2024-12-19,2024-12-20,1199,C1934i,8.2,8,2,L. digitata,Field SPM,NA,NA,2.663700925389648,0
C1935i,20250104_C1935_clip.MP4,504,782,1744,2526,0.3095803642121932,2025-01-04,2024-12-27,L. digitata,BR,52,8.2,24321,8,SPM,0,850,none,NA,0,NA,13/12/2024,2024,Winter,Bognor,2024-12-19,2024-12-20,1744,C1935i,8.2,8,2,L. digitata,Field SPM,NA,NA,2.929929560084588,0
C1936i,20250104_C1936_clip.MP4,504,551,1449,2000,0.2755,2025-01-04,2024-12-27,L. digitata,BR,52,8.2,24322,8,SPM,0,850,none,NA,0,NA,13/12/2024,2024,Winter,Bognor,2024-12-19,2024-12-20,1449,C1936i,8.2,8,2,L. digitata,Field SPM,NA,NA,2.929929560084588,0
C1937i,20250104_C1937_clip.MP4,504,251,646,897,0.2798216276477146,2025-01-04,2024-12-27,L. digitata,BR,52,8.2,24323,8,SPM,0,850,none,NA,0,NA,13/12/2024,2024,Winter,Bognor,2024-12-19,2024-12-20,646,C1937i,8.2,8,2,L. digitata,Field SPM,NA,NA,2.929929560084588,0
C1938i,20250104_C1938_clip.MP4,504,295,863,1158,0.2547495682210708,2025-01-04,2024-12-27,L. digitata,BR,52,8.2,24324,8,SPM,0,1184,none,NA,0,NA,13/12/2024,2024,Winter,Bognor,2024-12-19,2024-12-20,863,C1938i,8.2,8,2,L. digitata,Field SPM,NA,NA,3.0737183503461227,0
C1939i,20250104_C1939_clip.MP4,504,265,746,1011,0.26211671612265086,2025-01-04,2024-12-27,L. digitata,BR,52,8.2,24325,8,SPM,0,1184,none,NA,0,NA,13/12/2024,2024,Winter,Bognor,2024-12-19,2024-12-20,746,C1939i,8.2,8,2,L. digitata,Field SPM,NA,NA,3.0737183503461227,0
C1940i,20250104_C1940_clip.MP4,504,336,976,1312,0.25609756097560976,2025-01-04,2024-12-27,L. digitata,BR,52,8.2,24326,8,SPM,0,1184,none,NA,0,NA,13/12/2024,2024,Winter,Bognor,2024-12-19,2024-12-20,976,C1940i,8.2,8,2,L. digitata,Field SPM,NA,NA,3.0737183503461227,0
C1941i,20250104_C1941_clip.MP4,504,214,644,858,0.2494172494172494,2025-01-04,2024-12-27,L. digitata,BR,52,8.2,24331,8,SPM,0,1473,none,NA,0,NA,13/12/2024,2024,Winter,Bognor,2024-12-19,2024-12-20,644,C1941i,8.2,8,2,L. digitata,Field SPM,NA,NA,3.1684974835230326,0
C1942i,20250104_C1942_clip.MP4,504,309,1242,1551,0.19922630560928434,2025-01-04,2024-12-27,L. digitata,BR,52,8.2,24332,8,SPM,0,1473,none,NA,0,NA,13/12/2024,2024,Winter,Bognor,2024-12-19,2024-12-20,1242,C1942i,8.2,8,2,L. digitata,Field SPM,NA,NA,3.1684974835230326,0
C1943i,20250104_C1943_clip.MP4,504,290,627,917,0.31624863685932386,2025-01-04,2024-12-27,L. digitata,BR,52,8.2,24333,8,SPM,0,1473,none,NA,0,NA,13/12/2024,2024,Winter,Bognor,2024-12-19,2024-12-20,627,C1943i,8.2,8,2,L. digitata,Field SPM,NA,NA,3.1684974835230326,0
C1944i,20250104_C1944_clip.MP4,504,759,1538,2297,0.3304309969525468,2025-01-04,2024-12-27,L. digitata,BR,52,8.2,24334,8,SPM,0,1727,none,NA,0,NA,13/12/2024,2024,Winter,Bognor,2024-12-19,2024-12-20,1538,C1944i,8.2,8,2,L. digitata,Field SPM,NA,NA,3.2375437381428744,0
C1945i,20250104_C1945_clip.MP4,504,3670,4886,8556,0.4289387564282375,2025-01-04,2024-12-27,L. digitata,BR,52,8.2,24335,8,SPM,0,1727,none,NA,0,NA,13/12/2024,2024,Winter,Bognor,2024-12-19,2024-12-20,4886,C1945i,8.2,8,2,L. digitata,Field SPM,NA,NA,3.2375437381428744,0
C1946i,20250104_C1946_clip.MP4,504,318,776,1094,0.2906764168190128,2025-01-04,2024-12-27,L. digitata,BR,52,8.2,24336,8,SPM,0,1727,none,NA,0,NA,13/12/2024,2024,Winter,Bognor,2024-12-19,2024-12-20,776,C1946i,8.2,8,2,L. digitata,Field SPM,NA,NA,3.2375437381428744,0
C1948,20250108_C1948_clip.MP4,504,471,1053,1524,0.3090551181102362,2025-01-08,2025-01-04,L. digitata,BR,52,8.2,24341,4,CONTROL,0,0,ceramic,634,0,NA,13/12/2024,2024,Winter,Bognor,2024-12-19,2024-12-20,1053,C1948,8.2,8,2,L. digitata,Control,Control,NA,0,0
C1949,20250108_C1949_clip.MP4,504,1275,2642,3917,0.3255042124074547,2025-01-08,2025-01-04,L. digitata,BR,52,8.2,24342,4,CONTROL,0,0,ceramic,2373,0,NA,13/12/2024,2024,Winter,Bognor,2024-12-19,2024-12-20,2642,C1949,8.2,8,2,L. digitata,Control,Control,NA,0,0
C1950,20250108_C1950_clip.MP4,504,849,1398,2247,0.37783711615487314,2025-01-08,2025-01-04,L. digitata,BR,52,8.2,24343,4,CONTROL,0,0,ceramic,2552,0,NA,13/12/2024,2024,Winter,Bognor,2024-12-19,2024-12-20,1398,C1950,8.2,8,2,L. digitata,Control,Control,NA,0,0
C1951,20250108_C1951_clip.MP4,504,310,947,1257,0.2466189339697693,2025-01-08,2025-01-04,L. digitata,BR,52,8.2,24344,4,CONTROL,0,0,ceramic,2590,0,NA,13/12/2024,2024,Winter,Bognor,2024-12-19,2024-12-20,947,C1951,8.2,8,2,L. digitata,Control,Control,NA,0,0
C1952,20250108_C1952_clip.MP4,504,907,1348,2255,0.40221729490022173,2025-01-08,2025-01-04,L. digitata,BR,52,8.2,24345,4,CONTROL,0,0,ceramic,1828,0,NA,13/12/2024,2024,Winter,Bognor,2024-12-19,2024-12-20,1348,C1952,8.2,8,2,L. digitata,Control,Control,NA,0,0
C1953,20250108_C1953_clip.MP4,504,493,1312,1805,0.27313019390581716,2025-01-08,2025-01-04,L. digitata,BR,52,8.2,24346,4,CONTROL,0,0,ceramic,304,0,NA,13/12/2024,2024,Winter,Bognor,2024-12-19,2024-12-20,1312,C1953,8.2,8,2,L. digitata,Control,Control,NA,0,0
C1954,20250108_C1954_clip.MP4,504,310,830,1140,0.2719298245614035,2025-01-08,2025-01-04,L. digitata,BR,52,8.2,24351,4,SPM,0,460,ceramic,2360,0,NA,13/12/2024,2024,Winter,Bognor,2024-12-19,2024-12-20,830,C1954,8.2,8,2,L. digitata,Field SPM,NA,NA,2.663700925389648,0
C1956,20250108_C1956_clip.MP4,504,435,1138,1573,0.2765416401780038,2025-01-08,2025-01-04,L. digitata,BR,52,8.2,24352,4,SPM,0,460,ceramic,11812,0,NA,13/12/2024,2024,Winter,Bognor,2024-12-19,2024-12-20,1138,C1956,8.2,8,2,L. digitata,Field SPM,NA,NA,2.663700925389648,0
C1957,20250108_C1957_clip.MP4,504,519,1185,1704,0.3045774647887324,2025-01-08,2025-01-04,L. digitata,BR,52,8.2,24353,4,SPM,0,460,ceramic,5888,0,NA,13/12/2024,2024,Winter,Bognor,2024-12-19,2024-12-20,1185,C1957,8.2,8,2,L. digitata,Field SPM,NA,NA,2.663700925389648,0
C1958,20250108_C1958_clip.MP4,504,294,827,1121,0.2622658340767172,2025-01-08,2025-01-04,L. digitata,BR,52,8.2,24354,4,SPM,0,1381,ceramic,2221,0,NA,13/12/2024,2024,Winter,Bognor,2024-12-19,2024-12-20,827,C1958,8.2,8,2,L. digitata,Field SPM,NA,NA,3.1405080430381798,0
C1959,20250108_C1959_clip.MP4,504,327,908,1235,0.2647773279352227,2025-01-08,2025-01-04,L. digitata,BR,52,8.2,24355,4,SPM,0,1381,ceramic,800,0,NA,13/12/2024,2024,Winter,Bognor,2024-12-19,2024-12-20,908,C1959,8.2,8,2,L. digitata,Field SPM,NA,NA,3.1405080430381798,0
C1960,20250108_C1960_clip.MP4,504,626,1166,1792,0.34933035714285715,2025-01-08,2025-01-04,L. digitata,BR,52,8.2,24356,4,SPM,0,1381,ceramic,655,0,NA,13/12/2024,2024,Winter,Bognor,2024-12-19,2024-12-20,1166,C1960,8.2,8,2,L. digitata,Field SPM,NA,NA,3.1405080430381798,0
C1961,20250108_C1961_clip.MP4,504,273,769,1042,0.2619961612284069,2025-01-08,2025-01-04,L. digitata,BR,52,8.2,24361,4,SPM,0,2763,ceramic,577,0,NA,13/12/2024,2024,Winter,Bognor,2024-12-19,2024-12-20,769,C1961,8.2,8,2,L. digitata,Field SPM,NA,NA,3.441538038702161,0
C1962,20250108_C1962_clip.MP4,504,785,1498,2283,0.34384581690757776,2025-01-08,2025-01-04,L. digitata,BR,52,8.2,24362,4,SPM,0,2763,ceramic,173,0,NA,13/12/2024,2024,Winter,Bognor,2024-12-19,2024-12-20,1498,C1962,8.2,8,2,L. digitata,Field SPM,NA,NA,3.441538038702161,0
C1963,20250108_C1963_clip.MP4,504,344,891,1235,0.2785425101214575,2025-01-08,2025-01-04,L. digitata,BR,52,8.2,24363,4,SPM,0,2763,ceramic,2335,0,NA,13/12/2024,2024,Winter,Bognor,2024-12-19,2024-12-20,891,C1963,8.2,8,2,L. digitata,Field SPM,NA,NA,3.441538038702161,0
C1964,20250108_C1964_clip.MP4,504,399,1146,1545,0.258252427184466,2025-01-08,2025-01-04,L. digitata,BR,52,8.2,24364,4,SPM,0,4144,ceramic,1429,0,NA,13/12/2024,2024,Winter,Bognor,2024-12-19,2024-12-20,1146,C1964,8.2,8,2,L. digitata,Field SPM,NA,NA,3.6175245348862926,0
C1965,20250108_C1965_clip.MP4,504,584,1547,2131,0.2740497419052088,2025-01-08,2025-01-04,L. digitata,BR,52,8.2,24365,4,SPM,0,4144,ceramic,433,0,NA,13/12/2024,2024,Winter,Bognor,2024-12-19,2024-12-20,1547,C1965,8.2,8,2,L. digitata,Field SPM,NA,NA,3.6175245348862926,0
C1966,20250108_C1966_clip.MP4,504,623,1332,1955,0.31867007672634273,2025-01-08,2025-01-04,L. digitata,BR,52,8.2,24366,4,SPM,0,4144,ceramic,289,0,NA,13/12/2024,2024,Winter,Bognor,2024-12-19,2024-12-20,1332,C1966,8.2,8,2,L. digitata,Field SPM,NA,NA,3.6175245348862926,0
C1967,20250108_C1967_clip.MP4,504,446,1169,1615,0.2761609907120743,2025-01-08,2024-12-23,L. digitata,BR,52,10.2,24221,16,CONTROL,0,0,none,NA,0,NA,13/12/2024,2024,Winter,Bognor,2024-12-19,2024-12-20,1169,C1967,10.2,10,2,L. digitata,Control,Control,NA,0,0
C1968,20250108_C1968_clip.MP4,504,277,731,1008,0.2748015873015873,2025-01-08,2024-12-23,L. digitata,BR,52,10.2,24222,16,CONTROL,0,0,none,NA,0,NA,13/12/2024,2024,Winter,Bognor,2024-12-19,2024-12-20,731,C1968,10.2,10,2,L. digitata,Control,Control,NA,0,0
C1969,20250108_C1969_clip.MP4,504,923,2132,3055,0.3021276595744681,2025-01-08,2024-12-23,L. digitata,BR,52,10.2,24223,16,CONTROL,0,0,none,NA,0,NA,13/12/2024,2024,Winter,Bognor,2024-12-19,2024-12-20,2132,C1969,10.2,10,2,L. digitata,Control,Control,NA,0,0
C1970,20250108_C1970_clip.MP4,504,295,897,1192,0.24748322147651006,2025-01-08,2024-12-23,L. digitata,BR,52,10.2,24224,16,SPM,0,100,none,NA,0,NA,13/12/2024,2024,Winter,Bognor,2024-12-19,2024-12-20,897,C1970,10.2,10,2,L. digitata,Field SPM,NA,NA,2.0043213737826426,0
C1971,20250108_C1971_clip.MP4,504,519,1714,2233,0.23242274966412899,2025-01-08,2024-12-23,L. digitata,BR,52,10.2,24225,16,SPM,0,100,none,NA,0,NA,13/12/2024,2024,Winter,Bognor,2024-12-19,2024-12-20,1714,C1971,10.2,10,2,L. digitata,Field SPM,NA,NA,2.0043213737826426,0
C1972,20250108_C1972_clip.MP4,504,1331,3198,4529,0.29388385957164936,2025-01-08,2024-12-23,L. digitata,BR,52,10.2,24226,16,SPM,0,100,none,NA,0,NA,13/12/2024,2024,Winter,Bognor,2024-12-19,2024-12-20,3198,C1972,10.2,10,2,L. digitata,Field SPM,NA,NA,2.0043213737826426,0
C1973,20250108_C1973_clip.MP4,504,259,721,980,0.2642857142857143,2025-01-08,2024-12-23,L. digitata,BR,52,10.2,24231,16,PEAT,0,100,none,NA,0,NA,13/12/2024,2024,Winter,Bognor,2024-12-19,2024-12-20,721,C1973,10.2,10,2,L. digitata,Organic,NA,NA,2.0043213737826426,0
C1974,20250108_C1974_clip.MP4,504,801,1612,2413,0.33195192706174886,2025-01-08,2024-12-23,L. digitata,BR,52,10.2,24232,16,PEAT,0,100,none,NA,0,NA,13/12/2024,2024,Winter,Bognor,2024-12-19,2024-12-20,1612,C1974,10.2,10,2,L. digitata,Organic,NA,NA,2.0043213737826426,0
C1975,20250108_C1975_clip.MP4,504,321,840,1161,0.27648578811369506,2025-01-08,2024-12-23,L. digitata,BR,52,10.2,24233,16,PEAT,0,100,none,NA,0,NA,13/12/2024,2024,Winter,Bognor,2024-12-19,2024-12-20,840,C1975,10.2,10,2,L. digitata,Organic,NA,NA,2.0043213737826426,0
C1976,20250108_C1976_clip.MP4,504,373,1034,1407,0.26510305614783225,2025-01-08,2024-12-23,L. digitata,BR,52,10.2,24234,16,COIR,0,100,none,NA,0,NA,13/12/2024,2024,Winter,Bognor,2024-12-19,2024-12-20,1034,C1976,10.2,10,2,L. digitata,Organic,NA,NA,2.0043213737826426,0
C1977,20250108_C1977_clip.MP4,504,2119,3630,5749,0.36858584101582886,2025-01-08,2024-12-23,L. digitata,BR,52,10.2,24235,16,COIR,0,100,none,NA,0,NA,13/12/2024,2024,Winter,Bognor,2024-12-19,2024-12-20,3630,C1977,10.2,10,2,L. digitata,Organic,NA,NA,2.0043213737826426,0
C1978,20250108_C1978_clip.MP4,504,265,806,1071,0.24743230625583568,2025-01-08,2024-12-23,L. digitata,BR,52,10.2,24236,16,COIR,0,100,none,NA,0,NA,13/12/2024,2024,Winter,Bognor,2024-12-19,2024-12-20,806,C1978,10.2,10,2,L. digitata,Organic,NA,NA,2.0043213737826426,0
C1979,20250108_C1979_clip.MP4,504,566,1557,2123,0.26660386245878476,2025-01-08,2024-12-23,L. digitata,BR,52,10.2,24241,16,KAOLINITE,0,100,none,NA,0,NA,13/12/2024,2024,Winter,Bognor,2024-12-19,2024-12-20,1557,C1979,10.2,10,2,L. digitata,Mineral / inert,NA,NA,2.0043213737826426,0
C1980,20250108_C1980_clip.MP4,504,335,789,1124,0.29804270462633453,2025-01-08,2024-12-23,L. digitata,BR,52,10.2,24242,16,KAOLINITE,0,100,none,NA,0,NA,13/12/2024,2024,Winter,Bognor,2024-12-19,2024-12-20,789,C1980,10.2,10,2,L. digitata,Mineral / inert,NA,NA,2.0043213737826426,0
C1981,20250108_C1981_clip.MP4,504,261,698,959,0.2721584984358707,2025-01-08,2024-12-23,L. digitata,BR,52,10.2,24243,16,KAOLINITE,0,100,none,NA,0,NA,13/12/2024,2024,Winter,Bognor,2024-12-19,2024-12-20,698,C1981,10.2,10,2,L. digitata,Mineral / inert,NA,NA,2.0043213737826426,0
C1982,20250108_C1982_clip.MP4,504,312,847,1159,0.26919758412424505,2025-01-08,2024-12-23,L. digitata,BR,52,10.2,24244,16,GRAPHITE,0,100,none,NA,0,NA,13/12/2024,2024,Winter,Bognor,2024-12-19,2024-12-20,847,C1982,10.2,10,2,L. digitata,Mineral / inert,NA,NA,2.0043213737826426,0
C1983,20250108_C1983_clip.MP4,504,336,1204,1540,0.21818181818181817,2025-01-08,2024-12-23,L. digitata,BR,52,10.2,24245,16,GRAPHITE,0,100,none,NA,0,NA,13/12/2024,2024,Winter,Bognor,2024-12-19,2024-12-20,1204,C1983,10.2,10,2,L. digitata,Mineral / inert,NA,NA,2.0043213737826426,0
C1984,20250108_C1984_clip.MP4,504,287,886,1173,0.24467178175618073,2025-01-08,2024-12-23,L. digitata,BR,52,10.2,24246,16,GRAPHITE,0,100,none,NA,0,NA,13/12/2024,2024,Winter,Bognor,2024-12-19,2024-12-20,886,C1984,10.2,10,2,L. digitata,Mineral / inert,NA,NA,2.0043213737826426,0
C1985,20250108_C1985_clip.MP4,504,267,730,997,0.2678034102306921,2025-01-08,2024-12-23,L. digitata,BR,52,10.2,24251,16,SAND,0,100,none,NA,0,NA,13/12/2024,2024,Winter,Bognor,2024-12-19,2024-12-20,730,C1985,10.2,10,2,L. digitata,Mineral / inert,NA,NA,2.0043213737826426,0
C1986,20250108_C1986_clip.MP4,504,379,960,1339,0.2830470500373413,2025-01-08,2024-12-23,L. digitata,BR,52,10.2,24252,16,SAND,0,100,none,NA,0,NA,13/12/2024,2024,Winter,Bognor,2024-12-19,2024-12-20,960,C1986,10.2,10,2,L. digitata,Mineral / inert,NA,NA,2.0043213737826426,0
C1987,20250108_C1987_clip.MP4,504,270,747,1017,0.26548672566371684,2025-01-08,2024-12-23,L. digitata,BR,52,10.2,24253,16,SAND,0,100,none,NA,0,NA,13/12/2024,2024,Winter,Bognor,2024-12-19,2024-12-20,747,C1987,10.2,10,2,L. digitata,Mineral / inert,NA,NA,2.0043213737826426,0
C1988,20250108_C1988_clip.MP4,504,250,740,990,0.25252525252525254,2025-01-08,2024-12-23,L. digitata,BR,52,10.2,24254,16,PLASTER OF PARIS,0,100,none,NA,0,NA,13/12/2024,2024,Winter,Bognor,2024-12-19,2024-12-20,740,C1988,10.2,10,2,L. digitata,Mineral / inert,NA,NA,2.0043213737826426,0
C1989,20250108_C1989_clip.MP4,504,270,715,985,0.27411167512690354,2025-01-08,2024-12-23,L. digitata,BR,52,10.2,24255,16,PLASTER OF PARIS,0,100,none,NA,0,NA,13/12/2024,2024,Winter,Bognor,2024-12-19,2024-12-20,715,C1989,10.2,10,2,L. digitata,Mineral / inert,NA,NA,2.0043213737826426,0
C1990,20250108_C1990_clip.MP4,504,338,910,1248,0.2708333333333333,2025-01-08,2024-12-23,L. digitata,BR,52,10.2,24256,16,PLASTER OF PARIS,0,100,none,NA,0,NA,13/12/2024,2024,Winter,Bognor,2024-12-19,2024-12-20,910,C1990,10.2,10,2,L. digitata,Mineral / inert,NA,NA,2.0043213737826426,0
C1991,20250108_C1991_clip.MP4,504,263,767,1030,0.25533980582524274,2025-01-08,2024-12-23,L. digitata,BR,52,10.2,24261,16,CLAY CLOGGED,0,100,none,NA,0,NA,13/12/2024,2024,Winter,Bognor,2024-12-19,2024-12-20,767,C1991,10.2,10,2,L. digitata,Mineral / inert,NA,NA,2.0043213737826426,0
C1992,20250108_C1992_clip.MP4,504,295,753,1048,0.2814885496183206,2025-01-08,2024-12-23,L. digitata,BR,52,10.2,24262,16,CLAY CLOGGED,0,100,none,NA,0,NA,13/12/2024,2024,Winter,Bognor,2024-12-19,2024-12-20,753,C1992,10.2,10,2,L. digitata,Mineral / inert,NA,NA,2.0043213737826426,0
C1993,20250108_C1993_clip.MP4,504,274,714,988,0.2773279352226721,2025-01-08,2024-12-23,L. digitata,BR,52,10.2,24263,16,CLAY CLOGGED,0,100,none,NA,0,NA,13/12/2024,2024,Winter,Bognor,2024-12-19,2024-12-20,714,C1993,10.2,10,2,L. digitata,Mineral / inert,NA,NA,2.0043213737826426,0
C1994,20250108_C1994_clip.MP4,504,290,840,1130,0.25663716814159293,2025-01-08,2024-12-23,L. digitata,BR,52,10.2,24264,16,CLAY SCHOOL,0,100,none,NA,0,NA,13/12/2024,2024,Winter,Bognor,2024-12-19,2024-12-20,840,C1994,10.2,10,2,L. digitata,Mineral / inert,NA,NA,2.0043213737826426,0
C1995,20250108_C1995_clip.MP4,504,280,899,1179,0.23748939779474132,2025-01-08,2024-12-23,L. digitata,BR,52,10.2,24265,16,CLAY SCHOOL,0,100,none,NA,0,NA,13/12/2024,2024,Winter,Bognor,2024-12-19,2024-12-20,899,C1995,10.2,10,2,L. digitata,Mineral / inert,NA,NA,2.0043213737826426,0
C1996,20250108_C1996_clip.MP4,504,286,796,1082,0.2643253234750462,2025-01-08,2024-12-23,L. digitata,BR,52,10.2,24266,16,CLAY SCHOOL,0,100,none,NA,0,NA,13/12/2024,2024,Winter,Bognor,2024-12-19,2024-12-20,796,C1996,10.2,10,2,L. digitata,Mineral / inert,NA,NA,2.0043213737826426,0
C1997,20250108_C1997_clip.MP4,504,282,791,1073,0.26281453867660765,2025-01-08,2024-12-23,L. digitata,BR,52,9.2,24271,16,none,0,0,none,NA,70,NA,13/12/2024,2024,Winter,Bognor,2024-12-19,2024-12-20,791,C1997,9.2,9,2,L. digitata,NA,Control,NA,0,70
C1998,20250108_C1998_clip.MP4,504,277,761,1038,0.26685934489402696,2025-01-08,2024-12-23,L. digitata,BR,52,9.2,24272,16,none,0,0,none,NA,70,NA,13/12/2024,2024,Winter,Bognor,2024-12-19,2024-12-20,761,C1998,9.2,9,2,L. digitata,NA,Control,NA,0,70
C1999,20250108_C1999_clip.MP4,504,275,696,971,0.28321318228630277,2025-01-08,2024-12-23,L. digitata,BR,52,9.2,24273,16,none,0,0,none,NA,70,NA,13/12/2024,2024,Winter,Bognor,2024-12-19,2024-12-20,696,C1999,9.2,9,2,L. digitata,NA,Control,NA,0,70
C2000,20250108_C2000_clip.MP4,504,11552,20386,31938,0.36170079529087606,2025-01-08,2024-12-23,L. digitata,BR,52,9.2,24274,16,none,0,0,none,NA,70,NA,13/12/2024,2024,Winter,Bognor,2024-12-19,2024-12-20,20386,C2000,9.2,9,2,L. digitata,NA,Control,NA,0,70
C2001,20250108_C2001_clip.MP4,504,303,912,1215,0.24938271604938272,2025-01-08,2024-12-23,L. digitata,BR,52,9.2,24275,16,none,0,0,none,NA,70,NA,13/12/2024,2024,Winter,Bognor,2024-12-19,2024-12-20,912,C2001,9.2,9,2,L. digitata,NA,Control,NA,0,70
C2002,20250108_C2002_clip.MP4,504,334,836,1170,0.28547008547008546,2025-01-08,2024-12-23,L. digitata,BR,52,9.2,24276,16,none,0,0,none,NA,117,NA,13/12/2024,2024,Winter,Bognor,2024-12-19,2024-12-20,836,C2002,9.2,9,2,L. digitata,NA,Control,NA,0,117
C2003,20250108_C2003_clip.MP4,504,530,1279,1809,0.29297954671089,2025-01-08,2024-12-23,L. digitata,BR,52,9.2,24281,16,none,0,0,none,NA,117,NA,13/12/2024,2024,Winter,Bognor,2024-12-19,2024-12-20,1279,C2003,9.2,9,2,L. digitata,NA,Control,NA,0,117
C2004,20250108_C2004_clip.MP4,504,268,772,1040,0.25769230769230766,2025-01-08,2024-12-23,L. digitata,BR,52,9.2,24282,16,none,0,0,none,NA,117,NA,13/12/2024,2024,Winter,Bognor,2024-12-19,2024-12-20,772,C2004,9.2,9,2,L. digitata,NA,Control,NA,0,117
C2005,20250108_C2005_clip.MP4,504,297,834,1131,0.2625994694960212,2025-01-08,2024-12-23,L. digitata,BR,52,9.2,24283,16,none,0,0,none,NA,117,NA,13/12/2024,2024,Winter,Bognor,2024-12-19,2024-12-20,834,C2005,9.2,9,2,L. digitata,NA,Control,NA,0,117
C2006,20250108_C2006_clip.MP4,504,305,949,1254,0.24322169059011164,2025-01-08,2024-12-23,L. digitata,BR,52,9.2,24284,16,none,0,0,none,NA,117,NA,13/12/2024,2024,Winter,Bognor,2024-12-19,2024-12-20,949,C2006,9.2,9,2,L. digitata,NA,Control,NA,0,117
C2007,20250108_C2007_clip.MP4,504,345,1221,1566,0.22030651340996169,2025-01-08,2024-12-23,L. digitata,BR,52,9.2,24285,16,none,0,0,none,NA,117,NA,13/12/2024,2024,Winter,Bognor,2024-12-19,2024-12-20,1221,C2007,9.2,9,2,L. digitata,NA,Control,NA,0,117
C2008,20250108_C2008_clip.MP4,504,317,832,1149,0.2758920800696258,2025-01-08,2024-12-23,L. digitata,BR,52,9.2,24286,16,none,0,0,none,NA,117,NA,13/12/2024,2024,Winter,Bognor,2024-12-19,2024-12-20,832,C2008,9.2,9,2,L. digitata,NA,Control,NA,0,117
C2009,20250108_C2009_clip.MP4,504,420,1147,1567,0.26802807913209953,2025-01-08,2024-12-23,L. digitata,BR,52,9.2,24291,16,none,0,0,none,NA,4,NA,13/12/2024,2024,Winter,Bognor,2024-12-19,2024-12-20,1147,C2009,9.2,9,2,L. digitata,NA,Control,NA,0,4
C2010,20250108_C2010_clip.MP4,504,284,713,997,0.2848545636910732,2025-01-08,2024-12-23,L. digitata,BR,52,9.2,24292,16,none,0,0,none,NA,4,NA,13/12/2024,2024,Winter,Bognor,2024-12-19,2024-12-20,713,C2010,9.2,9,2,L. digitata,NA,Control,NA,0,4
C2011,20250108_C2011_clip.MP4,504,309,755,1064,0.29041353383458646,2025-01-08,2024-12-23,L. digitata,BR,52,9.2,24293,16,none,0,0,none,NA,4,NA,13/12/2024,2024,Winter,Bognor,2024-12-19,2024-12-20,755,C2011,9.2,9,2,L. digitata,NA,Control,NA,0,4
C2012,20250108_C2012_clip.MP4,504,310,946,1256,0.24681528662420382,2025-01-08,2024-12-23,L. digitata,BR,52,9.2,24294,16,none,0,0,none,NA,4,NA,13/12/2024,2024,Winter,Bognor,2024-12-19,2024-12-20,946,C2012,9.2,9,2,L. digitata,NA,Control,NA,0,4
C2014,20250108_C2014_clip.MP4,504,294,915,1209,0.24317617866004962,2025-01-08,2024-12-23,L. digitata,BR,52,9.2,24295,16,none,0,0,none,NA,4,NA,13/12/2024,2024,Winter,Bognor,2024-12-19,2024-12-20,915,C2014,9.2,9,2,L. digitata,NA,Control,NA,0,4
C2015,20250108_C2015_clip.MP4,504,524,1594,2118,0.2474032105760151,2025-01-08,2024-12-23,L. digitata,BR,52,9.2,24296,16,none,0,0,none,NA,4,NA,13/12/2024,2024,Winter,Bognor,2024-12-19,2024-12-20,1594,C2015,9.2,9,2,L. digitata,NA,Control,NA,0,4
C2016,20250108_C2016_clip.MP4,504,291,1170,1461,0.19917864476386038,2025-01-08,2024-12-23,L. digitata,BR,52,9.2,24301,16,none,0,0,none,NA,0,NA,13/12/2024,2024,Winter,Bognor,2024-12-19,2024-12-20,1170,C2016,9.2,9,2,L. digitata,NA,Control,NA,0,0
C2017,20250108_C2017_clip.MP4,504,313,900,1213,0.258037922506183,2025-01-08,2024-12-23,L. digitata,BR,52,9.2,24302,16,none,0,0,none,NA,0,NA,13/12/2024,2024,Winter,Bognor,2024-12-19,2024-12-20,900,C2017,9.2,9,2,L. digitata,NA,Control,NA,0,0
C2018,20250108_C2018_clip.MP4,504,750,2224,2974,0.25218560860793543,2025-01-08,2024-12-23,L. digitata,BR,52,9.2,24303,16,none,0,0,none,NA,0,NA,13/12/2024,2024,Winter,Bognor,2024-12-19,2024-12-20,2224,C2018,9.2,9,2,L. digitata,NA,Control,NA,0,0
C2019,20250108_C2019_clip.MP4,504,540,2120,2660,0.20300751879699247,2025-01-08,2024-12-23,L. digitata,BR,52,9.2,24304,16,none,0,0,none,NA,0,NA,13/12/2024,2024,Winter,Bognor,2024-12-19,2024-12-20,2120,C2019,9.2,9,2,L. digitata,NA,Control,NA,0,0
C2020,20250108_C2020_clip.MP4,504,439,1188,1627,0.2698217578365089,2025-01-08,2024-12-23,L. digitata,BR,52,9.2,24305,16,none,0,0,none,NA,0,NA,13/12/2024,2024,Winter,Bognor,2024-12-19,2024-12-20,1188,C2020,9.2,9,2,L. digitata,NA,Control,NA,0,0
C2021,20250108_C2021_clip.MP4,504,264,852,1116,0.23655913978494625,2025-01-08,2024-12-23,L. digitata,BR,52,9.2,24306,16,none,0,0,none,NA,0,NA,13/12/2024,2024,Winter,Bognor,2024-12-19,2024-12-20,852,C2021,9.2,9,2,L. digitata,NA,Control,NA,0,0
C2022,20250108_C2022_clip.MP4,504,753,1411,2164,0.3479667282809612,2025-01-08,2024-12-23,L. digitata,BR,52,8.2,24311,12,CONTROL,0,0,none,NA,0,NA,13/12/2024,2024,Winter,Bognor,2024-12-19,2024-12-20,1411,C2022,8.2,8,2,L. digitata,Control,Control,NA,0,0
C2023,20250108_C2023_clip.MP4,504,463,904,1367,0.33869787856620337,2025-01-08,2024-12-23,L. digitata,BR,52,8.2,24312,12,CONTROL,0,0,none,NA,0,NA,13/12/2024,2024,Winter,Bognor,2024-12-19,2024-12-20,904,C2023,8.2,8,2,L. digitata,Control,Control,NA,0,0
C2024,20250108_C2024_clip.MP4,504,464,1115,1579,0.29385687143761874,2025-01-08,2024-12-23,L. digitata,BR,52,8.2,24313,12,CONTROL,0,0,none,NA,0,NA,13/12/2024,2024,Winter,Bognor,2024-12-19,2024-12-20,1115,C2024,8.2,8,2,L. digitata,Control,Control,NA,0,0
C2025,20250108_C2025_clip.MP4,504,306,896,1202,0.2545757071547421,2025-01-08,2024-12-23,L. digitata,BR,52,8.2,24314,12,SPM,0,460,none,NA,0,NA,13/12/2024,2024,Winter,Bognor,2024-12-19,2024-12-20,896,C2025,8.2,8,2,L. digitata,Field SPM,NA,NA,2.663700925389648,0
C2026,20250108_C2026_clip.MP4,504,315,826,1141,0.27607361963190186,2025-01-08,2024-12-23,L. digitata,BR,52,8.2,24315,12,SPM,0,460,none,NA,0,NA,13/12/2024,2024,Winter,Bognor,2024-12-19,2024-12-20,826,C2026,8.2,8,2,L. digitata,Field SPM,NA,NA,2.663700925389648,0
C2027,20250108_C2027_clip.MP4,504,314,854,1168,0.2688356164383562,2025-01-08,2024-12-23,L. digitata,BR,52,8.2,24316,12,SPM,0,460,none,NA,0,NA,13/12/2024,2024,Winter,Bognor,2024-12-19,2024-12-20,854,C2027,8.2,8,2,L. digitata,Field SPM,NA,NA,2.663700925389648,0
C2028,20250108_C2028_clip.MP4,504,599,1046,1645,0.3641337386018237,2025-01-08,2024-12-23,L. digitata,BR,52,8.2,24321,12,SPM,0,850,none,NA,0,NA,13/12/2024,2024,Winter,Bognor,2024-12-19,2024-12-20,1046,C2028,8.2,8,2,L. digitata,Field SPM,NA,NA,2.929929560084588,0
C2029,20250108_C2029_clip.MP4,504,378,877,1255,0.301195219123506,2025-01-08,2024-12-23,L. digitata,BR,52,8.2,24322,12,SPM,0,850,none,NA,0,NA,13/12/2024,2024,Winter,Bognor,2024-12-19,2024-12-20,877,C2029,8.2,8,2,L. digitata,Field SPM,NA,NA,2.929929560084588,0
C2030,20250108_C2030_clip.MP4,504,287,723,1010,0.28415841584158413,2025-01-08,2024-12-23,L. digitata,BR,52,8.2,24323,12,SPM,0,850,none,NA,0,NA,13/12/2024,2024,Winter,Bognor,2024-12-19,2024-12-20,723,C2030,8.2,8,2,L. digitata,Field SPM,NA,NA,2.929929560084588,0
C2031,20250108_C2031_clip.MP4,504,416,971,1387,0.2999279019466474,2025-01-08,2024-12-23,L. digitata,BR,52,8.2,24324,12,SPM,0,1184,none,NA,0,NA,13/12/2024,2024,Winter,Bognor,2024-12-19,2024-12-20,971,C2031,8.2,8,2,L. digitata,Field SPM,NA,NA,3.0737183503461227,0
C2032,20250108_C2032_clip.MP4,504,464,1697,2161,0.21471540953262377,2025-01-08,2024-12-23,L. digitata,BR,52,8.2,24325,12,SPM,0,1184,none,NA,0,NA,13/12/2024,2024,Winter,Bognor,2024-12-19,2024-12-20,1697,C2032,8.2,8,2,L. digitata,Field SPM,NA,NA,3.0737183503461227,0
C2033,20250108_C2033_clip.MP4,504,417,1094,1511,0.2759761747187293,2025-01-08,2024-12-23,L. digitata,BR,52,8.2,24326,12,SPM,0,1184,none,NA,0,NA,13/12/2024,2024,Winter,Bognor,2024-12-19,2024-12-20,1094,C2033,8.2,8,2,L. digitata,Field SPM,NA,NA,3.0737183503461227,0
C2034,20250108_C2034_clip.MP4,504,309,727,1036,0.2982625482625483,2025-01-08,2024-12-23,L. digitata,BR,52,8.2,24331,12,SPM,0,1473,none,NA,0,NA,13/12/2024,2024,Winter,Bognor,2024-12-19,2024-12-20,727,C2034,8.2,8,2,L. digitata,Field SPM,NA,NA,3.1684974835230326,0
C2035,20250108_C2035_clip.MP4,504,612,1506,2118,0.28895184135977336,2025-01-08,2024-12-23,L. digitata,BR,52,8.2,24332,12,SPM,0,1473,none,NA,0,NA,13/12/2024,2024,Winter,Bognor,2024-12-19,2024-12-20,1506,C2035,8.2,8,2,L. digitata,Field SPM,NA,NA,3.1684974835230326,0
C2036,20250108_C2036_clip.MP4,504,636,1651,2287,0.2780935723655444,2025-01-08,2024-12-23,L. digitata,BR,52,8.2,24333,12,SPM,0,1473,none,NA,0,NA,13/12/2024,2024,Winter,Bognor,2024-12-19,2024-12-20,1651,C2036,8.2,8,2,L. digitata,Field SPM,NA,NA,3.1684974835230326,0
C2037,20250108_C2037_clip.MP4,504,376,987,1363,0.27586206896551724,2025-01-08,2024-12-23,L. digitata,BR,52,8.2,24334,12,SPM,0,1727,none,NA,0,NA,13/12/2024,2024,Winter,Bognor,2024-12-19,2024-12-20,987,C2037,8.2,8,2,L. digitata,Field SPM,NA,NA,3.2375437381428744,0
C2038,20250108_C2038_clip.MP4,504,504,406,910,0.5538461538461539,2025-01-08,2024-12-23,L. digitata,BR,52,8.2,24335,12,SPM,0,1727,none,NA,0,NA,13/12/2024,2024,Winter,Bognor,2024-12-19,2024-12-20,406,C2038,8.2,8,2,L. digitata,Field SPM,NA,NA,3.2375437381428744,0
C2039,20250108_C2039_clip.MP4,504,287,777,1064,0.26973684210526316,2025-01-08,2024-12-23,L. digitata,BR,52,8.2,24336,12,SPM,0,1727,none,NA,0,NA,13/12/2024,2024,Winter,Bognor,2024-12-19,2024-12-20,777,C2039,8.2,8,2,L. digitata,Field SPM,NA,NA,3.2375437381428744,0
C2194,20250415_C2194_clip.MP4,504,2716,4190,6906,0.3932812047494932,2025-04-15,2025-04-11,L. digitata,HW,53,11.2,25571,4,none,0,0,ceramic,276,0,control,28/03/2025,2025,Spring,Harwich,2025-03-30,2025-04-03,4190,C2194,11.2,11,2,L. digitata,NA,Control,NA,0,0
C2196,20250415_C2196_clip.MP4,504,22467,20483,42950,0.5230966239813737,2025-04-15,2025-04-11,L. digitata,HW,53,11.2,25572,4,none,0,0,ceramic,365,0,control,28/03/2025,2025,Spring,Harwich,2025-03-30,2025-04-03,20483,C2196,11.2,11,2,L. digitata,NA,Control,NA,0,0
C2197,20250415_C2197_clip.MP4,504,8348,10105,18453,0.45239256489459706,2025-04-15,2025-04-11,L. digitata,HW,53,11.2,25573,4,none,0,0,ceramic,690,0,control,28/03/2025,2025,Spring,Harwich,2025-03-30,2025-04-03,10105,C2197,11.2,11,2,L. digitata,NA,Control,NA,0,0
C2198,20250415_C2198_clip.MP4,504,2790,2632,5422,0.5145702692733308,2025-04-15,2025-04-11,L. digitata,HW,53,11.2,25574,4,none,0,0,ceramic,1340,0,control,28/03/2025,2025,Spring,Harwich,2025-03-30,2025-04-03,2632,C2198,11.2,11,2,L. digitata,NA,Control,NA,0,0
C2199,20250415_C2199_clip.MP4,504,2078,2349,4427,0.46939236503275356,2025-04-15,2025-04-11,L. digitata,HW,53,11.2,25575,4,none,0,0,ceramic,1391,0,control,28/03/2025,2025,Spring,Harwich,2025-03-30,2025-04-03,2349,C2199,11.2,11,2,L. digitata,NA,Control,NA,0,0
C2200,20250415_C2200_clip.MP4,504,38581,28721,67302,0.5732519093043298,2025-04-15,2025-04-11,L. digitata,HW,53,11.2,25576,4,none,0,0,ceramic,241,0,control,28/03/2025,2025,Spring,Harwich,2025-03-30,2025-04-03,28721,C2200,11.2,11,2,L. digitata,NA,Control,NA,0,0
C2201,20250415_C2201_clip.MP4,504,31012,30055,61067,0.5078356559189088,2025-04-15,2025-04-11,L. digitata,HW,53,11.2,25581,4,BDS,4.5,NA,ceramic,179,0,NA,28/03/2025,2025,Spring,Harwich,2025-03-30,2025-04-03,30055,C2201,11.2,11,2,L. digitata,NA,Brake dust (coarse),coarse,NA,0
C2202,20250415_C2202_clip.MP4,504,30164,27384,57548,0.524153749913116,2025-04-15,2025-04-11,L. digitata,HW,53,11.2,25582,4,BDS,4.5,NA,ceramic,267,0,NA,28/03/2025,2025,Spring,Harwich,2025-03-30,2025-04-03,27384,C2202,11.2,11,2,L. digitata,NA,Brake dust (coarse),coarse,NA,0
C2203,20250415_C2203_clip.MP4,504,31562,27995,59557,0.529946102053495,2025-04-15,2025-04-11,L. digitata,HW,53,11.2,25583,4,BDS,4.5,NA,ceramic,2409,0,NA,28/03/2025,2025,Spring,Harwich,2025-03-30,2025-04-03,27995,C2203,11.2,11,2,L. digitata,NA,Brake dust (coarse),coarse,NA,0
C2204,20250415_C2204_clip.MP4,504,25476,25818,51294,0.4966662767575155,2025-04-15,2025-04-11,L. digitata,HW,53,11.2,25584,4,BDS,4.5,NA,ceramic,478,0,NA,28/03/2025,2025,Spring,Harwich,2025-03-30,2025-04-03,25818,C2204,11.2,11,2,L. digitata,NA,Brake dust (coarse),coarse,NA,0
C2205,20250415_C2205_clip.MP4,504,3441,4857,8298,0.41467823571945045,2025-04-15,2025-04-11,L. digitata,HW,53,11.2,25585,4,BDS,4.5,NA,ceramic,318,0,NA,28/03/2025,2025,Spring,Harwich,2025-03-30,2025-04-03,4857,C2205,11.2,11,2,L. digitata,NA,Brake dust (coarse),coarse,NA,0
C2206,20250415_C2206_clip.MP4,504,2316,3287,5603,0.4133499910762092,2025-04-15,2025-04-11,L. digitata,HW,53,11.2,25586,4,BDS,4.5,NA,ceramic,2634,0,NA,28/03/2025,2025,Spring,Harwich,2025-03-30,2025-04-03,3287,C2206,11.2,11,2,L. digitata,NA,Brake dust (coarse),coarse,NA,0
C2207,20250415_C2207_clip.MP4,504,1251,1954,3205,0.3903276131045242,2025-04-15,2025-04-11,L. digitata,HW,53,11.2,25591,4,BDS,45,NA,ceramic,858,0,NA,28/03/2025,2025,Spring,Harwich,2025-03-30,2025-04-03,1954,C2207,11.2,11,2,L. digitata,NA,Brake dust (coarse),coarse,NA,0
C2208,20250415_C2208_clip.MP4,504,2214,4110,6324,0.35009487666034156,2025-04-15,2025-04-11,L. digitata,HW,53,11.2,25592,4,BDS,45,NA,ceramic,199,0,NA,28/03/2025,2025,Spring,Harwich,2025-03-30,2025-04-03,4110,C2208,11.2,11,2,L. digitata,NA,Brake dust (coarse),coarse,NA,0
C2209,20250415_C2209_clip.MP4,504,226,672,898,0.2516703786191537,2025-04-15,2025-04-11,L. digitata,HW,53,11.2,25593,4,BDS,45,NA,ceramic,296,0,NA,28/03/2025,2025,Spring,Harwich,2025-03-30,2025-04-03,672,C2209,11.2,11,2,L. digitata,NA,Brake dust (coarse),coarse,NA,0
C2210,20250415_C2210_clip.MP4,504,27311,29487,56798,0.4808443959294341,2025-04-15,2025-04-11,L. digitata,HW,53,11.2,25594,4,BDS,45,NA,ceramic,334,0,NA,28/03/2025,2025,Spring,Harwich,2025-03-30,2025-04-03,29487,C2210,11.2,11,2,L. digitata,NA,Brake dust (coarse),coarse,NA,0
C2211,20250415_C2211_clip.MP4,504,31262,28755,60017,0.5208857490377726,2025-04-15,2025-04-11,L. digitata,HW,53,11.2,25595,4,BDS,45,NA,ceramic,106,0,NA,28/03/2025,2025,Spring,Harwich,2025-03-30,2025-04-03,28755,C2211,11.2,11,2,L. digitata,NA,Brake dust (coarse),coarse,NA,0
C2212,20250415_C2212_clip.MP4,504,1827,2703,4530,0.4033112582781457,2025-04-15,2025-04-11,L. digitata,HW,53,11.2,25596,4,BDS,450,NA,ceramic,64,0,NA,28/03/2025,2025,Spring,Harwich,2025-03-30,2025-04-03,2703,C2212,11.2,11,2,L. digitata,NA,Brake dust (coarse),coarse,NA,0
C2213,20250415_C2213_clip.MP4,504,30102,31004,61106,0.4926193827120086,2025-04-15,2025-04-11,L. digitata,HW,53,11.2,25601,4,BDS,450,NA,ceramic,75,0,NA,28/03/2025,2025,Spring,Harwich,2025-03-30,2025-04-03,31004,C2213,11.2,11,2,L. digitata,NA,Brake dust (coarse),coarse,NA,0
C2214,20250415_C2214_clip.MP4,504,118,1959,2077,0.05681271064034665,2025-04-15,2025-04-11,L. digitata,HW,53,11.2,26502,4,BDS,450,NA,ceramic,1041,0,NA,28/03/2025,2025,Spring,Harwich,2025-03-30,2025-04-03,1959,C2214,11.2,11,2,L. digitata,NA,Brake dust (coarse),coarse,NA,0
C2215,20250415_C2215_clip.MP4,504,1903,7764,9667,0.1968552808523844,2025-04-15,2025-04-11,L. digitata,HW,53,11.2,25603,4,BDS,450,NA,ceramic,266,0,NA,28/03/2025,2025,Spring,Harwich,2025-03-30,2025-04-03,7764,C2215,11.2,11,2,L. digitata,NA,Brake dust (coarse),coarse,NA,0
C2216,20250415_C2216_clip.MP4,504,9672,9679,19351,0.4998191307942742,2025-04-15,2025-04-11,L. digitata,HW,53,11.2,25604,4,BDS,450,NA,ceramic,434,0,NA,28/03/2025,2025,Spring,Harwich,2025-03-30,2025-04-03,9679,C2216,11.2,11,2,L. digitata,NA,Brake dust (coarse),coarse,NA,0
C2217,20250415_C2217_clip.MP4,504,10896,11333,22229,0.4901704979981106,2025-04-15,2025-04-11,L. digitata,HW,53,11.2,25605,4,BDS,450,NA,ceramic,2001,0,NA,28/03/2025,2025,Spring,Harwich,2025-03-30,2025-04-03,11333,C2217,11.2,11,2,L. digitata,NA,Brake dust (coarse),coarse,NA,0
C2218,20250415_C2218_clip.MP4,504,1947,2992,4939,0.39420935412026725,2025-04-15,2025-04-11,L. digitata,HW,53,11.2,25606,4,BDS,450,NA,ceramic,738,0,NA,28/03/2025,2025,Spring,Harwich,2025-03-30,2025-04-03,2992,C2218,11.2,11,2,L. digitata,NA,Brake dust (coarse),coarse,NA,0
C2219,20250415_C2219_clip.MP4,504,1820,3330,5150,0.3533980582524272,2025-04-15,2025-04-11,L. digitata,HW,53,11.2,25611,4,BDC,4.5,NA,ceramic,221,0,NA,28/03/2025,2025,Spring,Harwich,2025-03-30,2025-04-03,3330,C2219,11.2,11,2,L. digitata,NA,Brake dust (fine/superfine),fine,NA,0
C2220,20250415_C2220_clip.MP4,504,4896,5502,10398,0.4708597807270629,2025-04-15,2025-04-11,L. digitata,HW,53,11.2,25612,4,BDC,4.5,NA,ceramic,1487,0,NA,28/03/2025,2025,Spring,Harwich,2025-03-30,2025-04-03,5502,C2220,11.2,11,2,L. digitata,NA,Brake dust (fine/superfine),fine,NA,0
C2221,20250415_C2221_clip.MP4,504,1590,2382,3972,0.4003021148036254,2025-04-15,2025-04-11,L. digitata,HW,53,11.2,25613,4,BDC,4.5,NA,ceramic,100,0,NA,28/03/2025,2025,Spring,Harwich,2025-03-30,2025-04-03,2382,C2221,11.2,11,2,L. digitata,NA,Brake dust (fine/superfine),fine,NA,0
C2222,20250415_C2222_clip.MP4,504,492,836,1328,0.3704819277108434,2025-04-15,2025-04-11,L. digitata,HW,53,11.2,25614,4,BDC,4.5,NA,ceramic,586,0,NA,28/03/2025,2025,Spring,Harwich,2025-03-30,2025-04-03,836,C2222,11.2,11,2,L. digitata,NA,Brake dust (fine/superfine),fine,NA,0
C2223,20250415_C2223_clip.MP4,504,18254,18317,36571,0.49913866178119276,2025-04-15,2025-04-11,L. digitata,HW,53,11.2,25615,4,BDC,4.5,NA,ceramic,1069,0,NA,28/03/2025,2025,Spring,Harwich,2025-03-30,2025-04-03,18317,C2223,11.2,11,2,L. digitata,NA,Brake dust (fine/superfine),fine,NA,0
C2224,20250415_C2224_clip.MP4,504,26195,30377,56572,0.4630382521388673,2025-04-15,2025-04-11,L. digitata,HW,53,11.2,25616,4,BDC,4.5,NA,ceramic,223,0,NA,28/03/2025,2025,Spring,Harwich,2025-03-30,2025-04-03,30377,C2224,11.2,11,2,L. digitata,NA,Brake dust (fine/superfine),fine,NA,0
C2225,20250415_C2225_clip.MP4,504,19243,22449,41692,0.4615513767629281,2025-04-15,2025-04-11,L. digitata,HW,53,11.2,25621,4,BDC,45,NA,ceramic,901,0,NA,28/03/2025,2025,Spring,Harwich,2025-03-30,2025-04-03,22449,C2225,11.2,11,2,L. digitata,NA,Brake dust (fine/superfine),fine,NA,0
C2226,20250415_C2226_clip.MP4,504,1147,1548,2695,0.4256029684601113,2025-04-15,2025-04-11,L. digitata,HW,53,11.2,25622,4,BDC,45,NA,ceramic,1234,0,NA,28/03/2025,2025,Spring,Harwich,2025-03-30,2025-04-03,1548,C2226,11.2,11,2,L. digitata,NA,Brake dust (fine/superfine),fine,NA,0
C2227,20250415_C2227_clip.MP4,504,18421,20942,39363,0.4679775423621167,2025-04-15,2025-04-11,L. digitata,HW,53,11.2,25623,4,BDC,45,NA,ceramic,216,0,NA,28/03/2025,2025,Spring,Harwich,2025-03-30,2025-04-03,20942,C2227,11.2,11,2,L. digitata,NA,Brake dust (fine/superfine),fine,NA,0
C2228,20250415_C2228_clip.MP4,504,17582,18085,35667,0.49294866403117726,2025-04-15,2025-04-11,L. digitata,HW,53,11.2,25624,4,BDC,45,NA,ceramic,457,0,NA,28/03/2025,2025,Spring,Harwich,2025-03-30,2025-04-03,18085,C2228,11.2,11,2,L. digitata,NA,Brake dust (fine/superfine),fine,NA,0
C2229,20250415_C2229_clip.MP4,504,17485,16246,33731,0.5183658948741514,2025-04-15,2025-04-11,L. digitata,HW,53,11.2,25625,4,BDC,45,NA,ceramic,201,0,NA,28/03/2025,2025,Spring,Harwich,2025-03-30,2025-04-03,16246,C2229,11.2,11,2,L. digitata,NA,Brake dust (fine/superfine),fine,NA,0
C2230,20250415_C2230_clip.MP4,504,21295,21334,42629,0.49954256492059396,2025-04-15,2025-04-11,L. digitata,HW,53,11.2,25626,4,BDC,45,NA,ceramic,4469,0,NA,28/03/2025,2025,Spring,Harwich,2025-03-30,2025-04-03,21334,C2230,11.2,11,2,L. digitata,NA,Brake dust (fine/superfine),fine,NA,0
C2231,20250415_C2231_clip.MP4,504,1164,2017,3181,0.36592266582835586,2025-04-15,2025-04-11,L. digitata,HW,53,11.2,25631,4,BDC,450,NA,ceramic,1743,0,NA,28/03/2025,2025,Spring,Harwich,2025-03-30,2025-04-03,2017,C2231,11.2,11,2,L. digitata,NA,Brake dust (fine/superfine),fine,NA,0
C2232,20250415_C2232_clip.MP4,504,23098,25646,48744,0.47386344986049567,2025-04-15,2025-04-11,L. digitata,HW,53,11.2,25632,4,BDC,450,NA,ceramic,556,0,NA,28/03/2025,2025,Spring,Harwich,2025-03-30,2025-04-03,25646,C2232,11.2,11,2,L. digitata,NA,Brake dust (fine/superfine),fine,NA,0
C2233,20250415_C2233_clip.MP4,504,14719,20087,34806,0.42288685858759983,2025-04-15,2025-04-11,L. digitata,HW,53,11.2,25633,4,BDC,450,NA,ceramic,1225,0,NA,28/03/2025,2025,Spring,Harwich,2025-03-30,2025-04-03,20087,C2233,11.2,11,2,L. digitata,NA,Brake dust (fine/superfine),fine,NA,0
C2234,20250415_C2234_clip.MP4,504,27924,26109,54033,0.5167952917661429,2025-04-15,2025-04-11,L. digitata,HW,53,11.2,25634,4,BDC,450,NA,ceramic,190,0,NA,28/03/2025,2025,Spring,Harwich,2025-03-30,2025-04-03,26109,C2234,11.2,11,2,L. digitata,NA,Brake dust (fine/superfine),fine,NA,0
C2235,20250415_C2235_clip.MP4,504,14983,18790,33773,0.44363840938027416,2025-04-15,2025-04-11,L. digitata,HW,53,11.2,25635,4,BDC,450,NA,ceramic,383,0,NA,28/03/2025,2025,Spring,Harwich,2025-03-30,2025-04-03,18790,C2235,11.2,11,2,L. digitata,NA,Brake dust (fine/superfine),fine,NA,0
C2236,20250415_C2236_clip.MP4,504,29463,27897,57360,0.5136506276150627,2025-04-15,2025-04-11,L. digitata,HW,53,11.2,25636,4,BDC,450,NA,ceramic,264,0,NA,28/03/2025,2025,Spring,Harwich,2025-03-30,2025-04-03,27897,C2236,11.2,11,2,L. digitata,NA,Brake dust (fine/superfine),fine,NA,0
C2237,20250415_C2237_clip.MP4,504,31698,30168,61866,0.5123654349723596,2025-04-15,2025-04-11,L. digitata,HW,53,11.2,25641,4,BaSO4,4.5,NA,ceramic,NA,0,NA,28/03/2025,2025,Spring,Harwich,2025-03-30,2025-04-03,30168,C2237,11.2,11,2,L. digitata,NA,Brake wear (BaSO4),NA,NA,0
C2238,20250415_C2238_clip.MP4,504,17272,19059,36331,0.47540667749305,2025-04-15,2025-04-11,L. digitata,HW,53,11.2,25642,4,BaSO4,4.5,NA,ceramic,NA,0,NA,28/03/2025,2025,Spring,Harwich,2025-03-30,2025-04-03,19059,C2238,11.2,11,2,L. digitata,NA,Brake wear (BaSO4),NA,NA,0
C2239,20250415_C2239_clip.MP4,504,20722,33061,53783,0.3852890318502129,2025-04-15,2025-04-11,L. digitata,HW,53,11.2,25643,4,BaSO4,4.5,NA,ceramic,NA,0,NA,28/03/2025,2025,Spring,Harwich,2025-03-30,2025-04-03,33061,C2239,11.2,11,2,L. digitata,NA,Brake wear (BaSO4),NA,NA,0
C2240,20250415_C2240_clip.MP4,504,30460,27401,57861,0.5264340401997891,2025-04-15,2025-04-11,L. digitata,HW,53,11.2,25644,4,BaSO4,4.5,NA,ceramic,NA,0,NA,28/03/2025,2025,Spring,Harwich,2025-03-30,2025-04-03,27401,C2240,11.2,11,2,L. digitata,NA,Brake wear (BaSO4),NA,NA,0
C2241,20250415_C2241_clip.MP4,504,17367,16679,34046,0.5101039769723316,2025-04-15,2025-04-11,L. digitata,HW,53,11.2,25645,4,BaSO4,4.5,NA,ceramic,NA,0,NA,28/03/2025,2025,Spring,Harwich,2025-03-30,2025-04-03,16679,C2241,11.2,11,2,L. digitata,NA,Brake wear (BaSO4),NA,NA,0
C2242,20250415_C2242_clip.MP4,504,33165,29453,62618,0.5296400396052253,2025-04-15,2025-04-11,L. digitata,HW,53,11.2,25646,4,BaSO4,4.5,NA,ceramic,NA,0,NA,28/03/2025,2025,Spring,Harwich,2025-03-30,2025-04-03,29453,C2242,11.2,11,2,L. digitata,NA,Brake wear (BaSO4),NA,NA,0
C2243,20250415_C2243_clip.MP4,504,31287,27367,58654,0.5334163057932962,2025-04-15,2025-04-11,L. digitata,HW,53,11.2,25651,NA,BaSO4,45,NA,ceramic,532,0,NA,28/03/2025,2025,Spring,Harwich,2025-03-30,2025-04-03,27367,C2243,11.2,11,2,L. digitata,NA,Brake wear (BaSO4),NA,NA,0
C2244,20250415_C2244_clip.MP4,504,30894,30047,60941,0.5069493444479086,2025-04-15,2025-04-11,L. digitata,HW,53,11.2,25652,NA,BaSO4,45,NA,ceramic,359,0,NA,28/03/2025,2025,Spring,Harwich,2025-03-30,2025-04-03,30047,C2244,11.2,11,2,L. digitata,NA,Brake wear (BaSO4),NA,NA,0
C2245,20250415_C2245_clip.MP4,504,456,1435,1891,0.24114225277630882,2025-04-15,2025-04-11,L. digitata,HW,53,11.2,25653,NA,BaSO4,45,NA,ceramic,372,0,NA,28/03/2025,2025,Spring,Harwich,2025-03-30,2025-04-03,1435,C2245,11.2,11,2,L. digitata,NA,Brake wear (BaSO4),NA,NA,0
C2246,20250415_C2246_clip.MP4,504,23907,25512,49419,0.4837613063801372,2025-04-15,2025-04-11,L. digitata,HW,53,11.2,25654,NA,BaSO4,45,NA,ceramic,608,0,NA,28/03/2025,2025,Spring,Harwich,2025-03-30,2025-04-03,25512,C2246,11.2,11,2,L. digitata,NA,Brake wear (BaSO4),NA,NA,0
C2247,20250415_C2247_clip.MP4,504,216,510,726,0.2975206611570248,2025-04-15,2025-04-11,L. digitata,HW,53,11.2,25655,NA,BaSO4,45,NA,ceramic,2762,0,NA,28/03/2025,2025,Spring,Harwich,2025-03-30,2025-04-03,510,C2247,11.2,11,2,L. digitata,NA,Brake wear (BaSO4),NA,NA,0
C2248,20250415_C2248_clip.MP4,504,24189,22394,46583,0.5192666852714509,2025-04-15,2025-04-11,L. digitata,HW,53,11.2,25656,NA,BaSO4,45,NA,ceramic,5501,0,NA,28/03/2025,2025,Spring,Harwich,2025-03-30,2025-04-03,22394,C2248,11.2,11,2,L. digitata,NA,Brake wear (BaSO4),NA,NA,0
C2249,20250415_C2249_clip.MP4,504,33754,30692,64446,0.523756323123235,2025-04-15,2025-04-11,L. digitata,HW,53,11.2,25661,NA,BaSO4,450,NA,ceramic,2448,0,NA,28/03/2025,2025,Spring,Harwich,2025-03-30,2025-04-03,30692,C2249,11.2,11,2,L. digitata,NA,Brake wear (BaSO4),NA,NA,0
C2250,20250415_C2250_clip.MP4,504,1237,3864,5101,0.24250147029994118,2025-04-15,2025-04-11,L. digitata,HW,53,11.2,25662,NA,BaSO4,450,NA,ceramic,8011,0,NA,28/03/2025,2025,Spring,Harwich,2025-03-30,2025-04-03,3864,C2250,11.2,11,2,L. digitata,NA,Brake wear (BaSO4),NA,NA,0
C2251,20250415_C2251_clip.MP4,504,27742,29574,57316,0.4840184241747505,2025-04-15,2025-04-11,L. digitata,HW,53,11.2,25663,NA,BaSO4,450,NA,ceramic,1717,0,NA,28/03/2025,2025,Spring,Harwich,2025-03-30,2025-04-03,29574,C2251,11.2,11,2,L. digitata,NA,Brake wear (BaSO4),NA,NA,0
C2252,20250415_C2252_clip.MP4,504,27088,25111,52199,0.5189371443897393,2025-04-15,2025-04-11,L. digitata,HW,53,11.2,25664,NA,BaSO4,450,NA,ceramic,1232,0,NA,28/03/2025,2025,Spring,Harwich,2025-03-30,2025-04-03,25111,C2252,11.2,11,2,L. digitata,NA,Brake wear (BaSO4),NA,NA,0
C2253,20250415_C2253_clip.MP4,504,29254,36733,65987,0.44332974676830283,2025-04-15,2025-04-11,L. digitata,HW,53,11.2,25665,NA,BaSO4,450,NA,ceramic,358,0,NA,28/03/2025,2025,Spring,Harwich,2025-03-30,2025-04-03,36733,C2253,11.2,11,2,L. digitata,NA,Brake wear (BaSO4),NA,NA,0
C2254,20250415_C2254_clip.MP4,504,1774,4076,5850,0.30324786324786324,2025-04-15,2025-04-11,L. digitata,HW,53,11.2,25666,NA,BaSO4,450,NA,ceramic,123,0,NA,28/03/2025,2025,Spring,Harwich,2025-03-30,2025-04-03,4076,C2254,11.2,11,2,L. digitata,NA,Brake wear (BaSO4),NA,NA,0
