instrument_type,Instrument_id,file_name,directory,length,last_write_time,Site_code,timezone,site_code,date_time_deployment_start,date_time_deployment_end
AQUAlogger 310TYPT5 2554-327,AQL,02_jun_23 23-06-02 10-01-35 2nd June.csv,C:\SPM_Analysis\data_raw\turbidity_loggers,366419,22/01/2024 16:19,,,,02/06/2023 10:04,02/06/2023 14:24
,,070723 23-07-07 09-06-59 10th July.csv,C:\SPM_Analysis\data_raw\turbidity_loggers,19894,07/07/2023 09:14,,,,,
,,100723_AQL 23-07-07 09-16-34 10th July.csv,C:\SPM_Analysis\data_raw\turbidity_loggers,1808862,10/07/2023 14:51,,,,,
AQUAlogger 310TYPT5 2554-327,AQL,11_9_23 23-05-24 09-18-12 Pilot 24 May 23 Bogn.csv,C:\SPM_Analysis\data_raw\turbidity_loggers,122561,11/09/2023 19:15,,,,24/05/2023 10:12,24/05/2023 11:32
AQUAlogger 310TYPT5 2554-327,AQL,11_9_23 23-06-02 10-01-35 2nd June.csv,C:\SPM_Analysis\data_raw\turbidity_loggers,383573,11/09/2023 19:15,,,, 02/06/2023 10:01:35, 02/06/2023 14:24:58
AQUAlogger 310TYPT5 2554-327,AQL,11_9_23 23-07-07 09-06-59 10th July.csv,C:\SPM_Analysis\data_raw\turbidity_loggers,19894,11/09/2023 19:15,,,, 04/07/2023 21:27:31, 07/07/2023 09:06:42
AQUAlogger 310TYPT5 2554-327,AQL,11_9_23 23-07-07 09-16-34 10th July.csv,C:\SPM_Analysis\data_raw\turbidity_loggers,1808862,11/09/2023 19:15,,,, 07/07/2023 09:16:34, 10/07/2023 14:48:15
AQUAlogger 310TYPT5 2554-327,AQL,11_9_23 23-07-10 14-52-11 15th July.csv,C:\SPM_Analysis\data_raw\turbidity_loggers,2092449,11/09/2023 19:15,,,, 10/07/2023 14:52:11, 18/07/2023 14:44:01
AQUAlogger 310TYPT5 2554-327,AQL,11_9_23 23-07-18 14-44-44 19th July.csv,C:\SPM_Analysis\data_raw\turbidity_loggers,2523717,11/09/2023 19:15,,,, 18/07/2023 14:44:44, 20/07/2023 16:38:11
AQUAlogger 310TYPT5 2554-327,AQL,11_9_23 23-07-20 16-38-53 21st July.csv,C:\SPM_Analysis\data_raw\turbidity_loggers,2370472,11/09/2023 19:15,,,, 20/07/2023 16:38:53, 21/07/2023 15:13:59
AQUAlogger 310TYPT5 2554-327,AQL,11_9_23 23-07-21 15-14-46 24th July.csv,C:\SPM_Analysis\data_raw\turbidity_loggers,2273505,11/09/2023 19:15,,,, 21/07/2023 15:14:46, 09/08/2023 14:49:16
AQUAlogger 310TYPT5 2554-327,AQL,11_9_23 23-08-09 14-50-21 10_August_2023.csv,C:\SPM_Analysis\data_raw\turbidity_loggers,2543959,23/01/2024 14:43,,,, 09/08/2023 14:50:21, 10/08/2023 15:37:55
AQUAlogger 310TYPT5 2554-327,AQL,11_9_23 23-08-10 15-39-11 August_2023.csv,C:\SPM_Analysis\data_raw\turbidity_loggers,2235483,11/09/2023 19:15,,,,,
AQUAlogger 310TYPT5 2554-327,AQL,11_9_23 23-08-24 15-21-37 August_2023.csv,C:\SPM_Analysis\data_raw\turbidity_loggers,2789108,11/09/2023 19:15,,,,,
AQUAlogger 310TYPT5 2554-327,AQL,11_9_23 23-08-28 17-15-58 September_2023.csv,C:\SPM_Analysis\data_raw\turbidity_loggers,4226050,11/09/2023 19:15,,,,,
AQUAlogger 310TYPT5 2554-327,AQL,18_07_2023_data 23-07-10 14-52-11 15th July.csv,C:\SPM_Analysis\data_raw\turbidity_loggers,2089894,18/07/2023 14:44,,,,,
AQUAlogger 310TYPT5 2554-327,AQL,2024_Calibration_30_09_2024 24-09-30 19-05-47 Calibration_30_09_20.csv,C:\SPM_Analysis\data_raw\turbidity_loggers,329890,30/09/2024 20:18,,,,,
AQUAlogger 310TYPT5 2554-327,AQL,2024_Calibration_30_09_2024_IMPORT.csv,C:\SPM_Analysis\data_raw\turbidity_loggers,319737,30/09/2024 20:24,,,,,
AQUAlogger 310TYPT5 2554-327,AQL,2024_Calibration_30_09_2024_RAW.csv,C:\SPM_Analysis\data_raw\turbidity_loggers,319737,30/09/2024 20:24,,,,,
AQUAlogger 310TYPT5 2554-327,AQL,2024_Calibration_AQL_IMPORT.csv,C:\SPM_Analysis\data_raw\turbidity_loggers,124667,30/09/2024 20:44,,,,,
AQUAlogger 310TYPT5 2554-327,AQL,2024_Calibration_SPM16_10_24 24-10-16 16-17-17 SPM_stock_calibratio.csv,C:\SPM_Analysis\data_raw\turbidity_loggers,409355,16/10/2024 17:03,,,,,
AQUAlogger 310TYPT5 2554-327,AQL,2024_Calibration_SPM_16_10_24_v2 24-10-16 16-17-17 SPM_stock_calibratio.csv,C:\SPM_Analysis\data_raw\turbidity_loggers,409355,16/10/2024 17:06,,,,,
AQUAlogger 310TYPT5 2554-327,AQL,2024_Oct_09_calibration_SPM_Stock_Soln 24-10-09 10-57-40 SPM_stock_calibratio.csv,C:\SPM_Analysis\data_raw\turbidity_loggers,182967,09/10/2024 11:18,,,,,
AQUAlogger 310TYPT5 2554-327,AQL,2024_Oct_09_calibration_SPM_Stock_Soln.csv,C:\SPM_Analysis\data_raw\turbidity_loggers,175853,09/10/2024 11:22,,,,,
AQUAlogger 310TYPT5 2554-327,AQL,20_07_2023 23-07-18 14-44-44 19th July.csv,C:\SPM_Analysis\data_raw\turbidity_loggers,2418195,22/01/2024 07:56,,,,,
AQUAlogger 310TYPT5 2554-327,AQL,21_07-2023_all_data 23-04-05 14-47-56 Pilot 7 April 2023.csv,C:\SPM_Analysis\data_raw\turbidity_loggers,1951,21/07/2023 15:14,,,,,
AQUAlogger 310TYPT5 2554-327,AQL,21_07-2023_all_data 23-04-05 14-51-06 Pilot 7 April 2023.csv,C:\SPM_Analysis\data_raw\turbidity_loggers,15361,21/07/2023 15:14,,,,,
AQUAlogger 310TYPT5 2554-327,AQL,21_07-2023_all_data 23-04-05 15-22-45 Pilot 7 April 2023.csv,C:\SPM_Analysis\data_raw\turbidity_loggers,19021,21/07/2023 15:14,,,,,
AQUAlogger 310TYPT5 2554-327,AQL,21_07-2023_all_data 23-04-07 10-35-20 Pilot 7 April 2023.csv,C:\SPM_Analysis\data_raw\turbidity_loggers,509075,21/07/2023 15:14,,,,,
AQUAlogger 310TYPT5 2554-327,AQL,21_07-2023_all_data 23-04-07 17-20-51 Pilot 7 April 2023.csv,C:\SPM_Analysis\data_raw\turbidity_loggers,1797,21/07/2023 15:14,,,,,
AQUAlogger 310TYPT5 2554-327,AQL,21_07-2023_all_data 23-04-25 11-10-08 Pilot 25 April 2023.csv,C:\SPM_Analysis\data_raw\turbidity_loggers,43644,21/07/2023 15:14,,,,,
AQUAlogger 310TYPT5 2554-327,AQL,21_07-2023_all_data 23-04-25 11-43-36 Pilot 25 April 2023 .csv,C:\SPM_Analysis\data_raw\turbidity_loggers,15440,21/07/2023 15:14,,,,,
AQUAlogger 310TYPT5 2554-327,AQL,21_07-2023_all_data 23-04-25 12-04-56 Pilot 25 April 2023 .csv,C:\SPM_Analysis\data_raw\turbidity_loggers,72092,21/07/2023 15:14,,,,,
AQUAlogger 310TYPT5 2554-327,AQL,21_07-2023_all_data 23-04-25 13-00-18 Pilot 25 April 2023 .csv,C:\SPM_Analysis\data_raw\turbidity_loggers,147846,21/07/2023 15:14,,,,,
AQUAlogger 310TYPT5 2554-327,AQL,21_07-2023_all_data 23-04-25 13-25-26 Pilot 25 April 2023 .csv,C:\SPM_Analysis\data_raw\turbidity_loggers,52387,21/07/2023 15:14,,,,,
AQUAlogger 310TYPT5 2554-327,AQL,21_07-2023_all_data 23-04-25 13-59-32 Pilot 25 April 2023 .csv,C:\SPM_Analysis\data_raw\turbidity_loggers,90022,21/07/2023 15:14,,,,,
AQUAlogger 310TYPT5 2554-327,AQL,21_07-2023_all_data 23-04-25 14-26-18 Pilot 25 April 2023 .csv,C:\SPM_Analysis\data_raw\turbidity_loggers,121164,21/07/2023 15:14,,,,,
AQUAlogger 310TYPT5 2554-327,AQL,21_07-2023_all_data 23-04-25 14-51-49 Pilot 25 April 2023 .csv,C:\SPM_Analysis\data_raw\turbidity_loggers,144966,21/07/2023 15:14,,,,,
AQUAlogger 310TYPT5 2554-327,AQL,21_07-2023_all_data 23-05-24 05-41-01 Pilot 22 May 23 Bogn.csv,C:\SPM_Analysis\data_raw\turbidity_loggers,1814,21/07/2023 15:14,,,,,
AQUAlogger 310TYPT5 2554-327,AQL,21_07-2023_all_data 23-05-24 09-18-12 Pilot 24 May 23 Bogn.csv,C:\SPM_Analysis\data_raw\turbidity_loggers,122561,21/07/2023 15:14,,,,,
AQUAlogger 310TYPT5 2554-327,AQL,21_07-2023_all_data 23-06-02 10-01-35 2nd June.csv,C:\SPM_Analysis\data_raw\turbidity_loggers,383573,21/07/2023 15:14,,,,,
AQUAlogger 310TYPT5 2554-327,AQL,21_07-2023_all_data 23-07-04 21-25-10 10th July.csv,C:\SPM_Analysis\data_raw\turbidity_loggers,1795,21/07/2023 15:14,,,,,
AQUAlogger 310TYPT5 2554-327,AQL,21_07-2023_all_data 23-07-04 21-27-31 10th July.csv,C:\SPM_Analysis\data_raw\turbidity_loggers,1795,21/07/2023 15:14,,,,,
AQUAlogger 310TYPT5 2554-327,AQL,21_07-2023_all_data 23-07-07 09-06-59 10th July.csv,C:\SPM_Analysis\data_raw\turbidity_loggers,19894,21/07/2023 15:14,,,,,
AQUAlogger 310TYPT5 2554-327,AQL,21_07-2023_all_data 23-07-07 09-16-34 10th July.csv,C:\SPM_Analysis\data_raw\turbidity_loggers,1808862,21/07/2023 15:14,,,,,
AQUAlogger 310TYPT5 2554-327,AQL,21_07-2023_all_data 23-07-10 14-50-52 10th July.csv,C:\SPM_Analysis\data_raw\turbidity_loggers,1795,21/07/2023 15:14,,,,,
AQUAlogger 310TYPT5 2554-327,AQL,21_07-2023_all_data 23-07-10 14-52-11 15th July.csv,C:\SPM_Analysis\data_raw\turbidity_loggers,2092449,21/07/2023 15:14,,,,,
AQUAlogger 310TYPT5 2554-327,AQL,21_07-2023_all_data 23-07-18 14-44-44 19th July.csv,C:\SPM_Analysis\data_raw\turbidity_loggers,2523717,21/07/2023 15:14,,,,,
AQUAlogger 310TYPT5 2554-327,AQL,21_07-2023_all_data 23-07-20 16-38-53 21st July.csv,C:\SPM_Analysis\data_raw\turbidity_loggers,2361664,21/07/2023 15:14,,,,,
AQUAlogger 310TYPT5 2554-327,AQL,24APR2023FINAL 23-04-05 14-47-56 Pilot 7 April 2023.csv,C:\SPM_Analysis\data_raw\turbidity_loggers,1951,25/04/2023 15:25,,,,,
AQUAlogger 310TYPT5 2554-327,AQL,24APR2023FINAL 23-04-05 14-51-06 Pilot 7 April 2023.csv,C:\SPM_Analysis\data_raw\turbidity_loggers,15313,08/05/2023 14:00,,,,,
AQUAlogger 310TYPT5 2554-327,AQL,24APR2023FINAL 23-04-05 15-22-45 Pilot 7 April 2023.csv,C:\SPM_Analysis\data_raw\turbidity_loggers,18721,08/05/2023 16:19,,,,,
AQUAlogger 310TYPT5 2554-327,AQL,24APR2023FINAL 23-04-07 10-35-20 Pilot 7 April 2023.csv,C:\SPM_Analysis\data_raw\turbidity_loggers,486854,08/05/2023 16:20,,,,,
AQUAlogger 310TYPT5 2554-327,AQL,24APR2023FINAL 23-04-07 17-20-51 Pilot 7 April 2023.csv,C:\SPM_Analysis\data_raw\turbidity_loggers,1797,25/04/2023 15:25,,,,,
AQUAlogger 310TYPT5 2554-327,AQL,24APR2023FINAL 23-04-25 11-10-08 Pilot 25 April 2023.csv,C:\SPM_Analysis\data_raw\turbidity_loggers,43644,25/04/2023 15:25,,,,,
AQUAlogger 310TYPT5 2554-327,AQL,24APR2023FINAL 23-04-25 11-43-36 Pilot 25 April 2023 .csv,C:\SPM_Analysis\data_raw\turbidity_loggers,15440,25/04/2023 15:25,,,,,
AQUAlogger 310TYPT5 2554-327,AQL,24APR2023FINAL 23-04-25 12-04-56 Pilot 25 April 2023 .csv,C:\SPM_Analysis\data_raw\turbidity_loggers,72092,25/04/2023 15:25,,,,,
AQUAlogger 310TYPT5 2554-327,AQL,24APR2023FINAL 23-04-25 13-00-18 Pilot 25 April 2023 .csv,C:\SPM_Analysis\data_raw\turbidity_loggers,147846,25/04/2023 15:25,,,,,
AQUAlogger 310TYPT5 2554-327,AQL,24APR2023FINAL 23-04-25 13-25-26 Pilot 25 April 2023 .csv,C:\SPM_Analysis\data_raw\turbidity_loggers,52387,25/04/2023 15:25,,,,,
AQUAlogger 310TYPT5 2554-327,AQL,24APR2023FINAL 23-04-25 13-59-32 Pilot 25 April 2023 .csv,C:\SPM_Analysis\data_raw\turbidity_loggers,90022,25/04/2023 15:25,,,,,
AQUAlogger 310TYPT5 2554-327,AQL,24APR2023FINAL 23-04-25 14-26-18 Pilot 25 April 2023 .csv,C:\SPM_Analysis\data_raw\turbidity_loggers,121164,25/04/2023 15:25,,,,,
AQUAlogger 310TYPT5 2554-327,AQL,24APR2023FINAL 23-04-25 14-51-49 Pilot 25 April 2023 .csv,C:\SPM_Analysis\data_raw\turbidity_loggers,138737,08/05/2023 13:57,,,,,
AQUAlogger 310TYPT5 2554-327,AQL,24APR2023FINAL 23-04-25 14-51-49 Play data.csv,C:\SPM_Analysis\data_raw\turbidity_loggers,22325,27/04/2023 07:59,,,,,
AQUAlogger 310TYPT5 2554-327,AQL,24_Aug_2023 23-08-24 15-21-37 August_2023.csv,C:\SPM_Analysis\data_raw\turbidity_loggers,2789108,28/01/2024 12:26,,,,,
AQUAlogger 310TYPT5 2554-327,AQL,25APR2023 23-04-25 11-10-08 Pilot 25 April 2023.csv,C:\SPM_Analysis\data_raw\turbidity_loggers,43644,25/04/2023 12:08,,,,,
AQUAlogger 310TYPT5 2554-327,AQL,25APR2023 23-04-25 11-43-36 Pilot 25 April 2023 .csv,C:\SPM_Analysis\data_raw\turbidity_loggers,15440,25/04/2023 12:08,,,,,
AQUAlogger 310TYPT5 2554-327,AQL,25APR2023 23-04-25 12-04-56 Pilot 25 April 2023 .csv,C:\SPM_Analysis\data_raw\turbidity_loggers,1823,25/04/2023 12:08,,,,,
AQUAlogger 310TYPT5 2554-327,AQL,25APR2023.bin site 4 23-04-25 13-25-26 Pilot 25 April 2023 .csv,C:\SPM_Analysis\data_raw\turbidity_loggers,1812,25/04/2023 13:27,,,,,
AQUAlogger 310TYPT5 2554-327,AQL,25APR20231425PM 23-04-05 14-47-56 Pilot 7 April 2023.csv,C:\SPM_Analysis\data_raw\turbidity_loggers,1951,25/04/2023 14:25,,,,,
AQUAlogger 310TYPT5 2554-327,AQL,25APR20231425PM 23-04-05 14-51-06 Pilot 7 April 2023.csv,C:\SPM_Analysis\data_raw\turbidity_loggers,15361,25/04/2023 14:25,,,,,
AQUAlogger 310TYPT5 2554-327,AQL,25APR20231425PM 23-04-05 15-22-45 Pilot 7 April 2023.csv,C:\SPM_Analysis\data_raw\turbidity_loggers,19021,25/04/2023 14:25,,,,,
AQUAlogger 310TYPT5 2554-327,AQL,25APR20231425PM 23-04-07 10-35-20 Pilot 7 April 2023.csv,C:\SPM_Analysis\data_raw\turbidity_loggers,509075,25/04/2023 14:25,,,,,
AQUAlogger 310TYPT5 2554-327,AQL,25APR20231425PM 23-04-07 17-20-51 Pilot 7 April 2023.csv,C:\SPM_Analysis\data_raw\turbidity_loggers,1797,25/04/2023 14:25,,,,,
AQUAlogger 310TYPT5 2554-327,AQL,25APR20231425PM 23-04-25 11-10-08 Pilot 25 April 2023.csv,C:\SPM_Analysis\data_raw\turbidity_loggers,43644,25/04/2023 14:25,,,,,
AQUAlogger 310TYPT5 2554-327,AQL,25APR20231425PM 23-04-25 11-43-36 Pilot 25 April 2023 .csv,C:\SPM_Analysis\data_raw\turbidity_loggers,15371,08/05/2023 17:00,,,,,
AQUAlogger 310TYPT5 2554-327,AQL,25APR20231425PM 23-04-25 12-04-56 Pilot 25 April 2023 .csv,C:\SPM_Analysis\data_raw\turbidity_loggers,69562,08/05/2023 16:59,,,,,
AQUAlogger 310TYPT5 2554-327,AQL,25APR20231425PM 23-04-25 13-00-18 Pilot 25 April 2023 .csv,C:\SPM_Analysis\data_raw\turbidity_loggers,141745,08/05/2023 17:12,,,,,
AQUAlogger 310TYPT5 2554-327,AQL,25APR20231425PM 23-04-25 13-25-26 Pilot 25 April 2023 .csv,C:\SPM_Analysis\data_raw\turbidity_loggers,50619,08/05/2023 16:50,,,,,
AQUAlogger 310TYPT5 2554-327,AQL,25APR20231425PM 23-04-25 13-59-32 Pilot 25 April 2023 .csv,C:\SPM_Analysis\data_raw\turbidity_loggers,86469,08/05/2023 16:37,,,,,
AQUAlogger 310TYPT5 2554-327,AQL,AQL_12_October_2023.csv,C:\SPM_Analysis\data_raw\turbidity_loggers,2476115,12/10/2023 18:01,,,,,
AQUAlogger 310TYPT5 2554-327,AQL,AQL_13_10_2023 23-10-12 07-52-47 12 October_2023.csv,C:\SPM_Analysis\data_raw\turbidity_loggers,2476145,25/01/2024 16:06,,,,,
AQUAlogger 310TYPT5 2554-327,AQL,AQL_2023_April_07.csv,C:\SPM_Analysis\data_raw\turbidity_loggers,486854,29/01/2024 09:47,,,,,
AQUAlogger 310TYPT5 2554-327,AQL,AQL_2023_April_25_1.csv,C:\SPM_Analysis\data_raw\turbidity_loggers,42270,29/01/2024 09:17,,,,,
AQUAlogger 310TYPT5 2554-327,AQL,AQL_2023_April_25_2.csv,C:\SPM_Analysis\data_raw\turbidity_loggers,15401,29/01/2024 09:19,,,,,
AQUAlogger 310TYPT5 2554-327,AQL,AQL_2023_April_25_3.csv,C:\SPM_Analysis\data_raw\turbidity_loggers,69592,29/01/2024 09:21,,,,,
AQUAlogger 310TYPT5 2554-327,AQL,AQL_2023_April_25_4.csv,C:\SPM_Analysis\data_raw\turbidity_loggers,141775,29/01/2024 09:22,,,,,
AQUAlogger 310TYPT5 2554-327,AQL,AQL_2023_April_25_5.csv,C:\SPM_Analysis\data_raw\turbidity_loggers,50649,29/01/2024 09:23,,,,,
AQUAlogger 310TYPT5 2554-327,AQL,AQL_2023_April_25_6.csv,C:\SPM_Analysis\data_raw\turbidity_loggers,86499,29/01/2024 09:24,,,,,
AQUAlogger 310TYPT5 2554-327,AQL,AQL_2023_April_25_7.csv,C:\SPM_Analysis\data_raw\turbidity_loggers,116218,29/01/2024 09:27,,,,,
AQUAlogger 310TYPT5 2554-327,AQL,AQL_2023_April_25_8.csv,C:\SPM_Analysis\data_raw\turbidity_loggers,138767,29/01/2024 09:24,,,,,
AQUAlogger 310TYPT5 2554-327,AQL,AQL_2023_August_09.csv,C:\SPM_Analysis\data_raw\turbidity_loggers,2175021,28/01/2024 16:24,,,,,
AQUAlogger 310TYPT5 2554-327,AQL,AQL_2023_August_10.csv,C:\SPM_Analysis\data_raw\turbidity_loggers,2543959,28/01/2024 16:23,,,,,
AQUAlogger 310TYPT5 2554-327,AQL,AQL_2023_August_24.csv,C:\SPM_Analysis\data_raw\turbidity_loggers,2136113,28/01/2024 16:17,,,,,
AQUAlogger 310TYPT5 2554-327,AQL,AQL_2023_August_28.csv,C:\SPM_Analysis\data_raw\turbidity_loggers,2674559,28/01/2024 12:57,,,,,
AQUAlogger 310TYPT5 2554-327,AQL,AQL_2023_July_07.csv,C:\SPM_Analysis\data_raw\turbidity_loggers,19557,28/01/2024 16:33,,,,,
AQUAlogger 310TYPT5 2554-327,AQL,AQL_2023_July_10.csv,C:\SPM_Analysis\data_raw\turbidity_loggers,1726417,28/01/2024 16:32,,,,,
AQUAlogger 310TYPT5 2554-327,AQL,AQL_2023_July_18.csv,C:\SPM_Analysis\data_raw\turbidity_loggers,1986508,28/01/2024 16:31,,,,,
AQUAlogger 310TYPT5 2554-327,AQL,AQL_2023_July_20.csv,C:\SPM_Analysis\data_raw\turbidity_loggers,2420015,28/01/2024 16:29,,,,,
AQUAlogger 310TYPT5 2554-327,AQL,AQL_2023_July_21.csv,C:\SPM_Analysis\data_raw\turbidity_loggers,2277743,28/01/2024 16:28,,,,,
AQUAlogger 310TYPT5 2554-327,AQL,AQL_2023_June_02.csv,C:\SPM_Analysis\data_raw\turbidity_loggers,366449,28/01/2024 16:34,,,,,
AQUAlogger 310TYPT5 2554-327,AQL,AQL_2023_May_24.csv,C:\SPM_Analysis\data_raw\turbidity_loggers,118377,28/01/2024 16:35,,,,,
AQUAlogger 310TYPT5 2554-327,AQL,AQL_2023_October_12.csv,C:\SPM_Analysis\data_raw\turbidity_loggers,2478142,28/01/2024 12:55,,,,,
AQUAlogger 310TYPT5 2554-327,AQL,AQL_2023_September_11.csv,C:\SPM_Analysis\data_raw\turbidity_loggers,4042900,28/01/2024 12:56,,,,,
AQUAlogger 310TYPT5 2554-327,AQL,AQL_2023_September_11_play copy.csv,C:\SPM_Analysis\data_raw\turbidity_loggers,4178273,20/12/2024 14:14,,,,,
PEBL_CIC Grow Probe 3rd gen,GP10,Calibration_GP10_LOG_AVG_RAW.csv,C:\SPM_Analysis\data_raw\turbidity_loggers,501959,30/09/2024 22:27,,,,,
,GP11,Calibration_GP10_LOG_AVG_RAW_cleaned.csv,C:\SPM_Analysis\data_raw\turbidity_loggers,10617,01/10/2024 10:26,,,,,
,GP11,Calibration_GP11_LOG_AVG_RAW.csv,C:\SPM_Analysis\data_raw\turbidity_loggers,118927,30/09/2024 22:31,,,,,
,GP11,Calibration_GP11_LOG_AVG_RAW_cleaned.csv,C:\SPM_Analysis\data_raw\turbidity_loggers,6364,01/10/2024 10:48,,,,,
,GP12,Calibration_GP12_LOG_AVG_RAW.csv,C:\SPM_Analysis\data_raw\turbidity_loggers,103843,01/10/2024 11:17,,,,,
,GP7,Calibration_GP7_LOG_AVG_RAW.csv,C:\SPM_Analysis\data_raw\turbidity_loggers,970590,16/10/2024 01:16,,,,,
,GP7,Calibration_GP7_LOG_RAW.csv,C:\SPM_Analysis\data_raw\turbidity_loggers,18288203,16/10/2024 01:18,,,,,
,GP7,Calibration_GP7_LOG_RAWv2.csv,C:\SPM_Analysis\data_raw\turbidity_loggers,18288203,16/10/2024 17:10,,,,,
,GP8,Calibration_GP8_LOG_AVG_RAW.csv,C:\SPM_Analysis\data_raw\turbidity_loggers,14260,01/10/2024 11:17,,,,,
,GP9,Calibration_GP9_LOG_AVG_RAW.csv,C:\SPM_Analysis\data_raw\turbidity_loggers,67029,30/09/2024 22:24,,,,,
,GP9,Calibration_GP9_LOG_AVG_RAW_cleaned.csv,C:\SPM_Analysis\data_raw\turbidity_loggers,7789,01/10/2024 10:17,,,,,
,,GMT20230517-095050_Recording_1920x1032.mp4,C:\SPM_Analysis\data_raw\turbidity_loggers,77409780,17/05/2023 13:12,,,,,
,GP11,GP11_Calibration_2024_Nov_02_LOG_AVG.CSV,C:\SPM_Analysis\data_raw\turbidity_loggers,55756,02/11/2024 20:22,,,,,
,GP11,GP11_Calibration_2024_Nov_02_LOG_RAW.CSV,C:\SPM_Analysis\data_raw\turbidity_loggers,1051504,02/11/2024 20:22,,,,,
,GP11,GP11_LOG_AVG_data_to_2024_Oct_31.CSV,C:\SPM_Analysis\data_raw\turbidity_loggers,1374121,10/10/2024 21:11,,,,,
,GP11,GP11_LOG_RAW_data_to_2024_Oct_31.CSV,C:\SPM_Analysis\data_raw\turbidity_loggers,15507014,10/10/2024 21:11,,,,,
,GP12,GP12_Bognor_2025_Mar_31_AVG.CSV,C:\SPM_Analysis\data_raw\turbidity_loggers,506355,09/04/2025 08:11,,,,,
,GP12,GP12_Bognor_2025_Mar_31_RAW.CSV,C:\SPM_Analysis\data_raw\turbidity_loggers,9546511,09/04/2025 08:11,,,,,
,GP12,GP12_Calibration_2024_Nov_02_LOG_AVG.CSV,C:\SPM_Analysis\data_raw\turbidity_loggers,20785,02/11/2024 21:40,,,,,
,GP12,GP12_Calibration_2024_Nov_02_LOG_RAW.CSV,C:\SPM_Analysis\data_raw\turbidity_loggers,390417,02/11/2024 21:40,,,,,
,GP1,GP1_25042023_AVG.csv,C:\SPM_Analysis\data_raw\turbidity_loggers,83416,23/05/2023 20:19,,,,,
,GP1,GP1_25042023_RAW.csv,C:\SPM_Analysis\data_raw\turbidity_loggers,1470147,23/05/2023 20:20,,,,,
,GP2,GP2_25042023_AVG.csv,C:\SPM_Analysis\data_raw\turbidity_loggers,83272,04/07/2023 21:05,,,,,
,GP2,GP2_25042023_RAW.csv,C:\SPM_Analysis\data_raw\turbidity_loggers,1465909,23/05/2023 20:27,,,,,
,GP3,GP3_04072023_AVG.csv,C:\SPM_Analysis\data_raw\turbidity_loggers,40133,09/03/2025 18:08,,,,,
,GP3,GP3_04072023_AVG.xlsx,C:\SPM_Analysis\data_raw\turbidity_loggers,107827717,09/03/2025 18:07,,,,,
,GP4,GP4_02062023_AVG.CSV,C:\SPM_Analysis\data_raw\turbidity_loggers,185937,04/07/2023 20:28,,,,,
,GP4,GP4_02062023_RAW.CSV,C:\SPM_Analysis\data_raw\turbidity_loggers,3721328,04/07/2023 20:32,,,,,
,GP4,GP4_04062023_AVG.xlsx,C:\SPM_Analysis\data_raw\turbidity_loggers,213560,04/07/2023 20:57,,,,,
,GP4,GP4_04072023_RAW.xlsx,C:\SPM_Analysis\data_raw\turbidity_loggers,2506092,04/07/2023 20:56,,,,,
,GP4,GP4_10_07_2023_AVG.xlsx,C:\SPM_Analysis\data_raw\turbidity_loggers,226190,10/07/2023 18:06,,,,,
,GP4,GP4_10_07_2023_RAW.xlsx,C:\SPM_Analysis\data_raw\turbidity_loggers,2654013,10/07/2023 18:07,,,,,
,GP5,GP5_02062023_AVG.csv,C:\SPM_Analysis\data_raw\turbidity_loggers,211657,04/07/2023 20:46,,,,,
,GP5,GP5_02062023_RAW.csv,C:\SPM_Analysis\data_raw\turbidity_loggers,3267256,04/07/2023 20:23,,,,,
,GP5,GP5_04062023_AVG.xlsx,C:\SPM_Analysis\data_raw\turbidity_loggers,223364,04/07/2023 20:25,,,,,
,GP5,GP5_04072023_AVG.xlsx,C:\SPM_Analysis\data_raw\turbidity_loggers,223384,04/07/2023 20:37,,,,,
,GP5,GP5_04072023_RAW.xlsx,C:\SPM_Analysis\data_raw\turbidity_loggers,2623260,04/07/2023 20:36,,,,,
,GP6,GP6_02062023_AVG.csv,C:\SPM_Analysis\data_raw\turbidity_loggers,152784,30/06/2023 09:05,,,,,
,GP6,GP6_02062023_RAW.csv,C:\SPM_Analysis\data_raw\turbidity_loggers,2677813,30/06/2023 09:09,,,,,
,GP6,GP6_02062023_RAW.csv.xlsx,C:\SPM_Analysis\data_raw\turbidity_loggers,1991356,04/07/2023 20:51,,,,,
,GP6,GP6_04072023_AVG.csv,C:\SPM_Analysis\data_raw\turbidity_loggers,152784,04/07/2023 20:51,,,,,
,GP6,GP6_04072023_AVG.csv.xlsx,C:\SPM_Analysis\data_raw\turbidity_loggers,166489,04/07/2023 20:52,,,,,
,GP6,GP6_04072023_AVG.xlsx,C:\SPM_Analysis\data_raw\turbidity_loggers,166533,04/07/2023 20:53,,,,,
,GP7,GP7_Calibration_2024_Nov_02_LOG_AVG.CSV,C:\SPM_Analysis\data_raw\turbidity_loggers,20951,02/11/2024 17:27,,,,,
,GP7,GP7_Calibration_2024_Nov_02_LOG_RAW.CSV,C:\SPM_Analysis\data_raw\turbidity_loggers,397203,02/11/2024 17:27,,,,,
,GP7,GP7_LOG_AVG_data_to_2024_Oct_31.CSV,C:\SPM_Analysis\data_raw\turbidity_loggers,1004555,16/10/2024 00:56,,,,,
,GP7,GP7_LOG_RAW_data_to_2024_Oct_31.CSV,C:\SPM_Analysis\data_raw\turbidity_loggers,18967171,16/10/2024 00:56,,,,,
,GP8,GP8_Bognor_2024_Dec_13_LOG_AVG.csv,C:\SPM_Analysis\data_raw\turbidity_loggers,255178,31/12/2024 19:14,BR,,,,
,GP8,GP8_Bognor_2024_Dec_13_LOG_RAW.csv,C:\SPM_Analysis\data_raw\turbidity_loggers,4808368,31/12/2024 19:11,BR,,,,
,GP8,GP8_Calibration_2024_Oct_30_LOG_AVG.CSV,C:\SPM_Analysis\data_raw\turbidity_loggers,196246,30/10/2024 20:17,,,,,
,GP8,GP8_Calibration_2024_Oct_30_LOG_RAW.CSV,C:\SPM_Analysis\data_raw\turbidity_loggers,3708643,30/10/2024 20:17,,,,,
,GP8,GP8_LOG_AVG_data_to_2024_Oct_30.csv,C:\SPM_Analysis\data_raw\turbidity_loggers,1115952,30/10/2024 10:49,,,,,
,GP8,GP8_LOG_RAW_data_to_2024_Oct_30.CSV,C:\SPM_Analysis\data_raw\turbidity_loggers,11336196,10/10/2024 23:13,,,,,
,GP9,GP9_Dover_2024_Nov_18_AVG.CSV,C:\SPM_Analysis\data_raw\turbidity_loggers,147767,26/11/2024 14:31,DV,,,,
,GP9,GP9_Dover_2024_Nov_18_RAW.CSV,C:\SPM_Analysis\data_raw\turbidity_loggers,2809995,26/11/2024 14:31,DV,,,,
,,latest file site 4 23-04-25 13-25-26 Pilot 25 April 2023 .csv,C:\SPM_Analysis\data_raw\turbidity_loggers,1812,25/04/2023 13:25,,,,,
AQUAlogger 310TYPT5 2554-327,AQL,Rampion_data_11_JLY_2025 25-07-11 10-42-33 Rampion -_11_07-2025.csv,C:\SPM_Analysis\data_raw\turbidity_loggers,92570,11/07/2025 15:40,,,,,
AQUAlogger 310TYPT5 2554-327,AQL,spare 23-04-25 11-10-08 Pilot 25 April 2023.csv,C:\SPM_Analysis\data_raw\turbidity_loggers,42240,08/05/2023 17:01,,,,,
AQUAlogger 310TYPT5 2554-327,AQL,spare 23-04-25 11-43-36 Pilot 25 April 2023 .csv,C:\SPM_Analysis\data_raw\turbidity_loggers,14825,08/05/2023 17:01,,,,,
AQUAlogger 310TYPT5 2554-327,AQL,spare 23-04-25 12-04-56 Pilot 25 April 2023 .csv,C:\SPM_Analysis\data_raw\turbidity_loggers,66766,08/05/2023 16:24,,,,,
AQUAlogger 310TYPT5 2554-327,AQL,Upload_28_08_2023 23-04-05 14-47-56 Pilot 7 April 2023.csv,C:\SPM_Analysis\data_raw\turbidity_loggers,1951,28/08/2023 17:10,,,,,
AQUAlogger 310TYPT5,AQL,Upload_28_08_2023 23-04-05 14-51-06 Pilot 7 April 2023.csv,C:\SPM_Analysis\data_raw\turbidity_loggers,15361,28/08/2023 17:10,,,,,
AQUAlogger 310TYPT5,AQL,Upload_28_08_2023 23-04-05 15-22-45 Pilot 7 April 2023.csv,C:\SPM_Analysis\data_raw\turbidity_loggers,19021,28/08/2023 17:10,,,,,
AQUAlogger 310TYPT5,AQL,Upload_28_08_2023 23-04-07 10-35-20 Pilot 7 April 2023.csv,C:\SPM_Analysis\data_raw\turbidity_loggers,509075,28/08/2023 17:10,,,,,
AQUAlogger 310TYPT5,AQL,Upload_28_08_2023 23-04-07 17-20-51 Pilot 7 April 2023.csv,C:\SPM_Analysis\data_raw\turbidity_loggers,1797,28/08/2023 17:10,,,,,
AQUAlogger 310TYPT5,AQL,Upload_28_08_2023 23-04-25 11-10-08 Pilot 25 April 2023.csv,C:\SPM_Analysis\data_raw\turbidity_loggers,43644,28/08/2023 17:10,,,,,
AQUAlogger 310TYPT5,AQL,Upload_28_08_2023 23-04-25 11-43-36 Pilot 25 April 2023 .csv,C:\SPM_Analysis\data_raw\turbidity_loggers,15440,28/08/2023 17:10,,,,,
AQUAlogger 310TYPT5,AQL,Upload_28_08_2023 23-04-25 12-04-56 Pilot 25 April 2023 .csv,C:\SPM_Analysis\data_raw\turbidity_loggers,72092,28/08/2023 17:10,,,,,
AQUAlogger 310TYPT5,AQL,Upload_28_08_2023 23-04-25 13-00-18 Pilot 25 April 2023 .csv,C:\SPM_Analysis\data_raw\turbidity_loggers,147846,28/08/2023 17:10,,,,,
AQUAlogger 310TYPT5,AQL,Upload_28_08_2023 23-04-25 13-25-26 Pilot 25 April 2023 .csv,C:\SPM_Analysis\data_raw\turbidity_loggers,52387,28/08/2023 17:10,,,,,
AQUAlogger 310TYPT5,AQL,Upload_28_08_2023 23-04-25 13-59-32 Pilot 25 April 2023 .csv,C:\SPM_Analysis\data_raw\turbidity_loggers,90022,28/08/2023 17:10,,,,,
AQUAlogger 310TYPT5,AQL,Upload_28_08_2023 23-04-25 14-26-18 Pilot 25 April 2023 .csv,C:\SPM_Analysis\data_raw\turbidity_loggers,121164,28/08/2023 17:10,,,,,
AQUAlogger 310TYPT5,AQL,Upload_28_08_2023 23-04-25 14-51-49 Pilot 25 April 2023 .csv,C:\SPM_Analysis\data_raw\turbidity_loggers,144966,28/08/2023 17:10,,,,,
AQUAlogger 310TYPT5,AQL,Upload_28_08_2023 23-05-24 05-41-01 Pilot 22 May 23 Bogn.csv,C:\SPM_Analysis\data_raw\turbidity_loggers,1814,28/08/2023 17:10,,,,,
AQUAlogger 310TYPT5,AQL,Upload_28_08_2023 23-05-24 09-18-12 Pilot 24 May 23 Bogn.csv,C:\SPM_Analysis\data_raw\turbidity_loggers,122561,28/08/2023 17:10,,,,,
AQUAlogger 310TYPT5,AQL,Upload_28_08_2023 23-06-02 10-01-35 2nd June.csv,C:\SPM_Analysis\data_raw\turbidity_loggers,383573,28/08/2023 17:10,,,,,
AQUAlogger 310TYPT5,AQL,Upload_28_08_2023 23-07-04 21-25-10 10th July.csv,C:\SPM_Analysis\data_raw\turbidity_loggers,1795,28/08/2023 17:10,,,,,
AQUAlogger 310TYPT5,AQL,Upload_28_08_2023 23-07-04 21-27-31 10th July.csv,C:\SPM_Analysis\data_raw\turbidity_loggers,1795,28/08/2023 17:10,,,,,
AQUAlogger 310TYPT5,AQL,Upload_28_08_2023 23-07-07 09-06-59 10th July.csv,C:\SPM_Analysis\data_raw\turbidity_loggers,19894,28/08/2023 17:10,,,,,
AQUAlogger 310TYPT5,AQL,Upload_28_08_2023 23-07-07 09-16-34 10th July.csv,C:\SPM_Analysis\data_raw\turbidity_loggers,1808862,28/08/2023 17:10,,,,,
AQUAlogger 310TYPT5,AQL,Upload_28_08_2023 23-07-10 14-50-52 10th July.csv,C:\SPM_Analysis\data_raw\turbidity_loggers,1795,28/08/2023 17:10,,,,,
AQUAlogger 310TYPT5,AQL,Upload_28_08_2023 23-07-10 14-52-11 15th July.csv,C:\SPM_Analysis\data_raw\turbidity_loggers,2092449,28/08/2023 17:10,,,,,
AQUAlogger 310TYPT5,AQL,Upload_28_08_2023 23-07-18 14-44-44 19th July.csv,C:\SPM_Analysis\data_raw\turbidity_loggers,2523717,28/08/2023 17:10,,,, 18/07/2023 14:44:44, 20/07/2023 16:38:11
AQUAlogger 310TYPT5,AQL,Upload_28_08_2023 23-07-20 16-38-53 21st July.csv,C:\SPM_Analysis\data_raw\turbidity_loggers,2370472,28/08/2023 17:10,,,, 20/07/2023 16:38:53, 21/07/2023 15:13:59
AQUAlogger 310TYPT5,AQL,Upload_28_08_2023 23-07-21 15-14-46 24th July.csv,C:\SPM_Analysis\data_raw\turbidity_loggers,2273505,28/08/2023 17:10,,,, 21/07/2023 15:14:46, 09/08/2023 14:49:16
AQUAlogger 310TYPT5,AQL,Upload_28_08_2023 23-08-09 14-50-21 10_August_2023.csv,C:\SPM_Analysis\data_raw\turbidity_loggers,2664922,28/08/2023 17:10,,,, 09/08/2023 14:50:21, 10/08/2023 15:37:55
AQUAlogger 310TYPT5,AQL,Upload_28_08_2023 23-08-10 15-39-11 August_2023.csv,C:\SPM_Analysis\data_raw\turbidity_loggers,2235483,28/08/2023 17:10,,,, 10/08/2023 15:39:11, 24/08/2023 15:20:54
AQUAlogger 310TYPT5 2554-327,AQL,Upload_28_08_2023 23-08-24 15-21-37 August_2023.csv,C:\SPM_Analysis\data_raw\turbidity_loggers,2630017,22/01/2024 07:56,,,, 10/08/2023 15:39:11, 24/08/2023 15:20:54
,,,,,,,,,,
,,,,,,,,,,
