VERSION,5.2,AQUAtalk:V4.42,OS:V6.2
LOGGER TYPE,AQUAlogger 310TYPT5 max50m 
LOGGER,2554-327
REGIME
REGIME TITLE, Logging Mode, Start At, Burst Mode, Interval, Samples Per Burst, Within Burst Sample Rate, Samples Per Average, Intermittent Logging, Hours per Day, Days per Month, Months per Year
10th July, Triggered Logging, NA, Disabled, 1.000000 Seconds,NA, NA, 1, Disabled, NA, NA, NA, NA
[LOGGER CHANNEL 0],Disabled


[LOGGER CHANNEL 1],Disabled


[LOGGER CHANNEL 2],Battery        ,06/03/2023
COEFFS, -46.089977, 5.4978768e-06, 0, 0, 0
Channel Setup, Not Averaged, Gain x1, Interval Multiplier x20
[LOGGER CHANNEL 3],Disabled


[LOGGER CHANNEL 4],Temperature    ,13/03/2023
COEFFS, 967.58575, -0.00022002781, 1.9068084e-11, -7.0580938e-19, 8.0592888e-27
Channel Setup, Not Averaged, Gain x1, Interval Multiplier x1
[LOGGER CHANNEL 5],Pressure       ,09/03/2023
COEFFS, -0.0026125142, 3.2540086e-07, 5.6441919e-16, -1.0555092e-23, 0
Channel Setup, Not Averaged, Gain x1, Interval Multiplier x1
[LOGGER CHANNEL 6],Turbidity,09/03/2023
COEFFS Raw1, -0.011529949, 0.82234406, 0, 0, 0,COEFFS Raw2, 86.911514, 0.8452599, 0, 0, 0,Transition Raw2,1080.2458
Channel Setup, Not Averaged, Gain x1, Keep Powered, Interval Multiplier x1
[LOGGER CHANNEL 7],Disabled


[LOGGER CHANNEL 8],Depth       ,Not Calibrated
COEFFS, 51.507366, 1.0135, 1, 0, 0
Channel Setup, Not Averaged, Gain x5
[LOGGER CHANNEL 9],SSC         ,User Cal Req'd
COEFFS, 0, 2, 0, 0, 0
Channel Setup, Not Averaged, Gain x1
START TIME, 10/07/2023 14:50:52
STOP TIME, 10/07/2023 14:51:33
HEADING, Timecode,,Battery        , , Temperature    , , Pressure       , , Turbidity, , , Depth       , , SSC         , , 
UNITS, [dd/MM/yyyy HH:mm:ss],[ms], Raw, V      , Raw, °C     , Raw, bar    , Raw1,Raw2, FTU    , Raw, m      , Raw, mg/l   , 
