VERSION,5.2,AQUAtalk:V4.42,OS:V6.2,,,,,,,,,,,,,
LOGGER TYPE,AQUAlogger 310TYPT5 max50m ,,,,,,,,,,,,,,,
LOGGER,2554-327,,,,,,,,,,,,,,,
REGIME,,,,,,,,,,,,,,,,
REGIME TITLE, Logging Mode, Start At, Burst Mode, Interval, Samples Per Burst, Within Burst Sample Rate, Samples Per Average, Intermittent Logging, Hours per Day, Days per Month, Months per Year,,,,,
Pilot 25 April 2023 site 5, Triggered Logging, NA, Disabled, 1.000000 Seconds,NA, NA,1, Disabled, NA, NA, NA, NA,,,,
[LOGGER CHANNEL 0],Disabled,,,,,,,,,,,,,,,
,,,,,,,,,,,,,,,,
,,,,,,,,,,,,,,,,
[LOGGER CHANNEL 1],Disabled,,,,,,,,,,,,,,,
,,,,,,,,,,,,,,,,
,,,,,,,,,,,,,,,,
[LOGGER CHANNEL 2],Battery        ,06/03/2023,,,,,,,,,,,,,,
COEFFS,-46.089977, 5.4978768e-06,0,0,0,,,,,,,,,,,
Channel Setup, Not Averaged, Gain x1, Interval Multiplier x20,,,,,,,,,,,,,
[LOGGER CHANNEL 3],Disabled,,,,,,,,,,,,,,,
,,,,,,,,,,,,,,,,
,,,,,,,,,,,,,,,,
[LOGGER CHANNEL 4],Temperature    ,13/03/2023,,,,,,,,,,,,,,
COEFFS,967.58575,-0.000220028, 1.9068084e-11,-7.06E-19, 8.0592888e-27,,,,,,,,,,,
Channel Setup, Not Averaged, Gain x1, Interval Multiplier x1,,,,,,,,,,,,,
[LOGGER CHANNEL 5],Pressure       ,09/03/2023,,,,,,,,,,,,,,
COEFFS,-0.002612514, 3.2540086e-07, 5.6441919e-16,-1.06E-23,0,,,,,,,,,,,
Channel Setup, Not Averaged, Gain x1, Interval Multiplier x1,,,,,,,,,,,,,
[LOGGER CHANNEL 6],Turbidity,09/03/2023,,,,,,,,,,,,,,
COEFFS Raw1,-0.011529949,0.82234406,0,0,0,COEFFS Raw2,86.911514,0.8452599,0,0,0,Transition Raw2,1080.2458,,,
Channel Setup, Not Averaged, Gain x1, Keep Powered, Interval Multiplier x1,,,,,,,,,,,,
[LOGGER CHANNEL 7],Disabled,,,,,,,,,,,,,,,
,,,,,,,,,,,,,,,,
,,,,,,,,,,,,,,,,
[LOGGER CHANNEL 8],Depth       ,Not Calibrated,,,,,,,,,,,,,,
COEFFS,51.507366,1.0135,1,0,0,,,,,,,,,,,
Channel Setup, Not Averaged, Gain x5,,,,,,,,,,,,,,
[LOGGER CHANNEL 9],SSC         ,User Cal Req'd,,,,,,,,,,,,,,
COEFFS,0,2,0,0,0,,,,,,,,,,,
Channel Setup, Not Averaged, Gain x1,,,,,,,,,,,,,,
START TIME, 25/04/2023 13:59:32,,,,,,,,,,,,,,,
STOP TIME, 25/04/2023 14:23:03,,,,,,,,,,,,,,,
HEADING, Timecode,,Battery        , , Temperature    , , Pressure       , , Turbidity, , , Depth       , , SSC         , , 
UNITS, [dd/MM/yyyy HH:mm:ss],[ms], Raw, V      , Raw, °C     , Raw, bar    , Raw1,Raw2, FTU    , Raw, m      , Raw, mg/l   , 
Sample,25/04/2023 14:11,23,,,12633969,13.352454,3201666,1.044652,0.0903,3168.600098,2765.202131,,0.564084,,5530.404297,
Sample,25/04/2023 14:11,23,,,12633929,13.352901,3200082,1.044131,0.0727,3166.399902,2763.342394,,0.555587,,5526.68457,
Sample,25/04/2023 14:11,23,,,12633989,13.35223,3201654,1.044648,0.0721,3170.699951,2766.977053,,0.56402,,5533.954102,
Sample,25/04/2023 14:11,23,,,12633958,13.352577,3201917,1.044734,0.0181,3173.600098,2769.428431,,0.565428,,5538.856934,
Sample,25/04/2023 14:11,23,,,12634273,13.349054,3201675,1.044655,0.0482,3167.5,2764.272263,,0.564132,,5528.544434,
Sample,25/04/2023 14:11,23,,,12634818,13.342958,3201468,1.044587,0.0597,3162.800049,2760.299583,,0.563023,,5520.599121,
Sample,25/04/2023 14:11,23,,,12635473,13.335631,3201229,1.044508,0.0585,3151.100098,2750.410083,,0.561742,,5500.820312,
Sample,25/04/2023 14:11,23,,,12636976,13.31882,3200941,1.044413,0.0564,3149.899902,2749.395606,,0.560198,,5498.791016,
Sample,25/04/2023 14:11,23,,,12638419,13.302681,3201705,1.044664,0.0532,3150.699951,2750.071855,,0.564293,,5500.143555,
Sample,25/04/2023 14:11,23,,,12639724,13.288084,3201340,1.044544,1.1124,3173.899902,2769.681844,,0.562337,,5539.36377,
Sample,25/04/2023 14:11,23,,,12640162,13.283185,3201358,1.04455,9.631,3295.199951,2872.211912,,0.562434,,5744.423828,
Sample,25/04/2023 14:11,23,,,12640044,13.284505,3201568,1.044619,9.6052,3295.199951,2872.211912,,0.563559,,5744.423828,
Sample,25/04/2023 14:11,23,,,12639511,13.290467,3201598,1.044629,9.6162,3291.600098,2869.1691,,0.56372,,5738.338379,
Sample,25/04/2023 14:11,23,,,12638993,13.29626,3201407,1.044566,9.677,3295.199951,2872.211912,,0.562696,,5744.423828,
Sample,25/04/2023 14:11,23,,,12638548,13.301238,3201600,1.04463,9.5741,3290.300049,2868.070221,,0.56373,,5736.140625,
Sample,25/04/2023 14:11,23,,,12638133,13.305879,3201452,1.044581,9.631701,3291.5,2869.084491,,0.562937,,5738.168945,
Sample,25/04/2023 14:11,23,,,12637781,13.309817,3201484,1.044592,9.5767,3290.5,2868.239231,,0.563109,,5736.478516,
Sample,25/04/2023 14:11,23,,,12637353,13.314604,3201564,1.044618,9.612901,3289.5,2867.393971,,0.563538,,5734.788086,
Sample,25/04/2023 14:11,23,9423482,5.719166,12636996,13.318597,3201484,1.044592,9.5972,3287.100098,2865.36543,,0.563109,,5730.730957,
Sample,25/04/2023 14:11,23,,,12636505,13.324089,3201300,1.044531,9.634001,3290.100098,2867.90121,,0.562123,,5735.802246,
Sample,25/04/2023 14:11,23,,,12636001,13.329726,3201473,1.044588,9.6007,3289.5,2867.393971,,0.56305,,5734.788086,
Sample,25/04/2023 14:11,23,,,12635614,13.334054,3201525,1.044605,9.5812,3287.699951,2865.872462,,0.563329,,5731.745117,
Sample,25/04/2023 14:11,23,,,12635260,13.338014,3201593,1.044628,9.5843,3284.899902,2863.505693,,0.563693,,5727.01123,
Sample,25/04/2023 14:11,23,,,12634930,13.341705,3201531,1.044607,9.5474,3283.399902,2862.237803,,0.563361,,5724.475586,
Sample,25/04/2023 14:11,23,,,12634647,13.34487,3201556,1.044615,9.597401,3285.600098,2864.09754,,0.563495,,5728.195312,
Sample,25/04/2023 14:11,23,,,12634369,13.34798,3201488,1.044593,9.5568,3285.199951,2863.759312,,0.56313,,5727.518555,
Sample,25/04/2023 14:11,23,,,12634193,13.349948,3201382,1.044558,9.5642,3284.100098,2862.82965,,0.562562,,5725.65918,
Sample,25/04/2023 14:11,23,,,12634096,13.351033,3201343,1.044545,9.5494,3282.800049,2861.730771,,0.562353,,5723.461426,
Sample,25/04/2023 14:11,23,,,12633939,13.352789,3201508,1.0446,9.541901,3280.899902,2860.124654,,0.563237,,5720.249512,
Sample,25/04/2023 14:11,23,,,12633632,13.356223,3201527,1.044606,9.5288,3277.699951,2857.419863,,0.563339,,5714.839844,
Sample,25/04/2023 14:11,23,,,12633392,13.358908,3201460,1.044584,9.5302,3278.600098,2858.180721,,0.56298,,5716.361328,
Sample,25/04/2023 14:11,23,,,12633487,13.357845,3201525,1.044605,9.531301,3278.5,2858.096112,,0.563329,,5716.192383,
Sample,25/04/2023 14:11,23,,,12633563,13.356995,3201578,1.044623,9.5464,3279.300049,2858.772362,,0.563613,,5717.544922,
Sample,25/04/2023 14:11,23,,,12633424,13.35855,3201589,1.044626,9.5446,3278.600098,2858.180721,,0.563671,,5716.361328,
Sample,25/04/2023 14:11,23,,,12633215,13.360887,3201388,1.04456,9.5464,3277.600098,2857.335461,,0.562594,,5714.670898,
Sample,25/04/2023 14:11,23,,,12633076,13.362442,3201471,1.044588,9.5416,3279,2858.518742,,0.563039,,5717.037598,
Sample,25/04/2023 14:11,23,,,12632820,13.365306,3201469,1.044587,9.553099,3282.800049,2861.730771,,0.563028,,5723.461426,
Sample,25/04/2023 14:11,23,,,12632404,13.369959,3201392,1.044562,9.6086,3289.399902,2867.309363,,0.562616,,5734.618652,
Sample,25/04/2023 14:11,23,9423227,5.717764,12632016,13.374299,3201533,1.044608,9.5899,3290.399902,2868.154623,,0.563371,,5736.309082,
Sample,25/04/2023 14:11,23,,,12631669,13.37818,3201482,1.044591,9.609099,3286.100098,2864.52017,,0.563098,,5729.040527,
Sample,25/04/2023 14:11,23,,,12631372,13.381502,3201519,1.044603,9.5851,3285.5,2864.012932,,0.563296,,5728.025879,
Sample,25/04/2023 14:11,23,,,12631086,13.384701,3201450,1.044581,9.609301,3286.899902,2865.196213,,0.562927,,5730.392578,
Sample,25/04/2023 14:11,23,,,12630722,13.388772,3201420,1.044571,9.635099,3289.800049,2867.647591,,0.562766,,5735.29541,
Sample,25/04/2023 14:11,23,,,12630327,13.393191,3201609,1.044633,9.6256,3291.100098,2868.74647,,0.563779,,5737.493164,
Sample,25/04/2023 14:11,23,,,12629976,13.397117,3201371,1.044555,9.6658,3292.399902,2869.845143,,0.562503,,5739.69043,
Sample,25/04/2023 14:11,23,,,12629590,13.401434,3201471,1.044588,9.6843,3296.699951,2873.479801,,0.563039,,5746.959473,
Sample,25/04/2023 14:11,23,,,12629419,13.403347,3201459,1.044584,9.630099,3291.399902,2868.999883,,0.562975,,5738,
Sample,25/04/2023 14:11,23,,,12629407,13.403481,3201594,1.044628,9.6748,3294.399902,2871.535662,,0.563698,,5743.071289,
Sample,25/04/2023 14:11,23,,,12629319,13.404466,3201507,1.044599,9.673201,3295,2872.042901,,0.563232,,5744.085938,
Sample,25/04/2023 14:11,23,,,12629218,13.405595,3201526,1.044606,9.6271,3293,2870.352381,,0.563334,,5740.70459,
Sample,25/04/2023 14:11,23,,,12629010,13.407922,3201320,1.044538,9.620299,3290,2867.816601,,0.56223,,5735.633301,
Sample,25/04/2023 14:11,23,,,12628936,13.40875,3201429,1.044574,9.6132,3287.199951,2865.449832,,0.562814,,5730.899902,
Sample,25/04/2023 14:11,23,,,12628917,13.408962,3201510,1.0446,9.5852,3287.100098,2865.36543,,0.563248,,5730.730957,
Sample,25/04/2023 14:12,23,,,12628811,13.410148,3201320,1.044538,9.6173,3288,2866.126081,,0.56223,,5732.251953,
Sample,25/04/2023 14:12,23,,,12628619,13.412295,3201551,1.044614,9.5713,3285.800049,2864.266551,,0.563468,,5728.533203,
Sample,25/04/2023 14:12,23,,,12628439,13.414309,3201358,1.04455,9.5986,3286.5,2864.858192,,0.562434,,5729.716309,
Sample,25/04/2023 14:12,23,,,12628210,13.41687,3201501,1.044597,9.6229,3289.899902,2867.731993,,0.5632,,5735.463867,
Sample,25/04/2023 14:12,23,,,12628019,13.419007,3201459,1.044584,9.6075,3287.899902,2866.041473,,0.562975,,5732.083008,
Sample,25/04/2023 14:12,23,9422986,5.716439,12627768,13.421814,3201402,1.044565,9.584599,3284.399902,2863.083063,,0.562669,,5726.166016,
Sample,25/04/2023 14:12,23,,,12627395,13.425987,3201507,1.044599,9.6057,3287.5,2865.703452,,0.563232,,5731.406738,
Sample,25/04/2023 14:12,23,,,12627191,13.428268,3201519,1.044603,9.5922,3284.100098,2862.82965,,0.563296,,5725.65918,
Sample,25/04/2023 14:12,23,,,12626942,13.431054,3201459,1.044584,9.5902,3285.300049,2863.843921,,0.562975,,5727.687988,
Sample,25/04/2023 14:12,23,,,12626821,13.432407,3201453,1.044582,9.5883,3282.699951,2861.646163,,0.562943,,5723.29248,
Sample,25/04/2023 14:12,23,,,12626688,13.433895,3201529,1.044607,9.653299,3294.199951,2871.366652,,0.56335,,5742.733398,
Sample,25/04/2023 14:12,23,,,12626475,13.436277,3201349,1.044547,9.6725,3293.899902,2871.113032,,0.562385,,5742.226074,
Sample,25/04/2023 14:12,23,,,12626319,13.438022,3201558,1.044616,9.633299,3293.300049,2870.606,,0.563505,,5741.211914,
Sample,25/04/2023 14:12,23,,,12626125,13.440192,3201538,1.04461,9.665599,3295,2872.042901,,0.563398,,5744.085938,
Sample,25/04/2023 14:12,23,,,12625849,13.44328,3201496,1.044596,9.6613,3296.100098,2872.972769,,0.563173,,5745.945312,
Sample,25/04/2023 14:12,23,,,12625596,13.44611,3201580,1.044623,9.7041,3297.5,2874.156051,,0.563623,,5748.312012,
Sample,25/04/2023 14:12,23,,,12625301,13.449409,3201543,1.044611,9.7161,3299.199951,2875.592951,,0.563425,,5751.186035,
Sample,25/04/2023 14:12,23,,,12625101,13.451647,3201433,1.044575,9.7061,3299.699951,2876.015581,,0.562836,,5752.03125,
Sample,25/04/2023 14:12,23,,,12624905,13.453839,3201624,1.044638,9.7138,3297.199951,2873.902431,,0.563859,,5747.804688,
Sample,25/04/2023 14:12,23,,,12624647,13.456725,3201526,1.044606,9.753401,3299.699951,2876.015581,,0.563334,,5752.03125,
Sample,25/04/2023 14:12,23,,,12624466,13.45875,3201505,1.044599,21.744999,3377.800049,2942.030462,,0.563221,,5884.061035,
Sample,25/04/2023 14:12,23,,,12624319,13.460394,3201522,1.044604,26.709,3420,2977.700389,,0.563312,,5955.400879,
Sample,25/04/2023 14:12,23,,,12624233,13.461356,3201606,1.044632,49.122997,3464.699951,3015.483465,,0.563763,,6030.966797,
Sample,25/04/2023 14:12,23,,,12624148,13.462307,3201580,1.044623,64.202003,3502.800049,3047.68795,,0.563623,,6095.375977,
Sample,25/04/2023 14:12,23,,,12623969,13.464309,3201536,1.044609,64.310997,3499.5,3044.898551,,0.563387,,6089.796875,
Sample,25/04/2023 14:12,23,9422790,5.715362,12623846,13.465685,3201371,1.044555,58.536999,3472.699951,3022.245545,,0.562503,,6044.491211,
Sample,25/04/2023 14:12,23,,,12623689,13.467441,3201386,1.04456,59.793999,3484.899902,3032.557674,,0.562584,,6065.115234,
Sample,25/04/2023 14:12,23,,,12623813,13.466054,3201371,1.044555,36.086002,3425.600098,2982.433927,,0.562503,,5964.867676,
Sample,25/04/2023 14:12,23,,,12624748,13.455595,3201569,1.04462,0.0482,3153.5,2752.438624,,0.563564,,5504.877441,
Sample,25/04/2023 14:12,23,,,12626458,13.436468,3201920,1.044735,0.0213,3168,2764.694893,,0.565444,,5529.389648,
Sample,25/04/2023 14:12,23,,,12628143,13.41762,3202195,1.044826,0.1415,3174.100098,2769.851061,,0.566916,,5539.702148,
Sample,25/04/2023 14:12,23,,,12629707,13.400126,3201838,1.044708,0.0043,3179.5,2774.415382,,0.565005,,5548.830566,
Sample,25/04/2023 14:12,23,,,12631295,13.382363,3201851,1.044712,0.0193,3180.699951,2775.429652,,0.565075,,5550.859375,
Sample,25/04/2023 14:12,23,,,12633142,13.361704,3201823,1.044703,0.0118,3171.600098,2767.737911,,0.564925,,5535.475586,
Sample,25/04/2023 14:12,23,,,12634492,13.346604,3201737,1.044675,0.6453,3740.5,3248.606188,,0.564464,,6497.212402,
Sample,25/04/2023 14:12,23,,,12637807,13.309526,3201900,1.044729,1.086,3841.699951,3334.14645,,0.565337,,6668.292969,
Sample,25/04/2023 14:12,23,,,12643607,13.244654,3201450,1.044581,0.0604,3718.199951,3229.756851,,0.562927,,6459.513672,
Sample,25/04/2023 14:12,23,,,12649423,13.179606,3201938,1.044741,0.4138,3695.399902,3210.484884,,0.565541,,6420.969727,
Sample,25/04/2023 14:12,23,,,12655752,13.108821,3201269,1.044521,1.5925,4270.799805,3696.847351,,0.561957,,7393.694824,
Sample,25/04/2023 14:12,23,,,12664295,13.013277,3201085,1.044461,1.1889,765.200012,0.966155,,0.56097,,1.93231,
Sample,25/04/2023 14:12,23,,,12673035,12.91553,3200927,1.044409,0.3414,3197.800049,2789.883679,,0.560123,,5579.767578,
Sample,25/04/2023 14:12,23,,,12681678,12.818869,3200527,1.044277,0.0256,3216.399902,2805.60539,,0.557977,,5611.210938,
Sample,25/04/2023 14:12,23,,,12688236,12.745525,3200704,1.044335,0.0576,3201.899902,2793.349121,,0.558926,,5586.698242,
Sample,25/04/2023 14:12,23,,,12693558,12.686003,3207260,1.04649,2.1381,-34.040001,1.746724,,0.593901,,3.493448,
Sample,25/04/2023 14:12,23,,,12727168,12.310072,3318087,1.082924,1.7183,-59.450001,1.401504,,1.137535,,2.803008,
Sample,25/04/2023 14:12,23,9422417,5.713311,12753482,12.015675,3338445,1.089618,1.6184,-61.98,1.319352,,1.23014,,2.638703,
Sample,25/04/2023 14:12,23,,,12766249,11.872806,3340286,1.090224,1.7923,-60.940002,1.462357,,1.23843,,2.924715,
Sample,25/04/2023 14:12,23,,,12772295,11.805139,3354634,1.094942,1.5723,-60.73,1.281442,,1.302602,,2.562884,
Sample,25/04/2023 14:12,23,,,12776403,11.759159,3343215,1.091187,1.6379,-62.68,1.335387,,1.251594,,2.670775,
Sample,25/04/2023 14:12,23,,,12778908,11.731119,3418252,1.115863,2.4726,-62.529999,2.021798,,1.578899,,4.043596,
Sample,25/04/2023 14:12,23,,,12782099,11.695399,3430436,1.11987,1.7876,-63.75,1.458492,,1.630502,,2.916985,
Sample,25/04/2023 14:12,23,,,12784474,11.668812,3425077,1.118108,1.7016,-64.449997,1.387771,,1.607851,,2.775542,
Sample,25/04/2023 14:12,23,,,12786391,11.647351,3445858,1.124943,1.6358,-64.699997,1.33366,,1.6953,,2.667321,
Sample,25/04/2023 14:12,23,,,12788165,11.62749,3424373,1.117876,1.7516,-66.220001,1.428888,,1.604871,,2.857776,
Sample,25/04/2023 14:12,23,,,12788041,11.628879,3481712,1.136736,2.1655,-65.550003,1.769256,,1.843915,,3.538512,
Sample,25/04/2023 14:12,23,,,12788012,11.629203,3476554,1.135039,1.9265,-65.520004,1.572716,,1.822698,,3.145432,
Sample,25/04/2023 14:12,23,,,12788395,11.624915,3536835,1.15487,2.5547,-68.040001,2.089313,,2.067665,,4.178625,
Sample,25/04/2023 14:12,23,,,12792503,11.578922,3549956,1.159187,1.6182,-67.849998,1.319187,,2.120198,,2.638374,
Sample,25/04/2023 14:12,23,,,12797524,11.522702,3550678,1.159424,2.3276,-69.729996,1.902558,,2.123081,,3.805116,
Sample,25/04/2023 14:12,23,,,12801188,11.481673,3594497,1.173842,2.7238,-67.75,2.228371,,2.296739,,4.456742,
Sample,25/04/2023 14:13,23,,,12804671,11.442668,3596140,1.174383,1.6914,-67.840004,1.379383,,2.303203,,2.758765,
Sample,25/04/2023 14:13,23,,,12807037,11.41617,3606985,1.177951,2.7497,-66.949997,2.24967,,2.345784,,4.499339,
Sample,25/04/2023 14:13,23,,,12807659,11.409204,3627794,1.184799,1.7498,-70.050003,1.427408,,2.427111,,2.854815,
Sample,25/04/2023 14:13,23,,,12804755,11.441727,3604995,1.177297,2.1415,-70.879997,1.74952,,2.337981,,3.49904,
Sample,25/04/2023 14:13,23,,,12802567,11.46623,3602888,1.176603,1.8794,-69.959999,1.533983,,2.329714,,3.067967,
Sample,25/04/2023 14:13,23,9422361,5.713003,12800439,11.49006,3626446,1.184355,3.159,-70.809998,2.586255,,2.421857,,5.17251,
Sample,25/04/2023 14:13,23,,,12801573,11.477362,3661314,1.19583,2.1306,-69.709999,1.740556,,2.557152,,3.481113,
Sample,25/04/2023 14:13,23,,,12805326,11.435332,3712539,1.21269,1.6516,-69.669998,1.346654,,2.75385,,2.693307,
Sample,25/04/2023 14:13,23,,,12808844,11.395932,3721095,1.215506,2.0283,-68.199997,1.656431,,2.786489,,3.312861,
Sample,25/04/2023 14:13,23,,,12810402,11.378482,3763891,1.229594,1.8554,-70.599998,1.514247,,2.948925,,3.028495,
Sample,25/04/2023 14:13,23,,,12811470,11.366519,3765507,1.230126,2.3559,-68.650002,1.92583,,2.955033,,3.851661,
Sample,25/04/2023 14:13,23,,,12811725,11.363663,3816248,1.246831,2.0949,-69.139999,1.711199,,3.145979,,3.422397,
Sample,25/04/2023 14:13,23,,,12812216,11.358163,3836077,1.25336,2.3489,-70.849998,1.920074,,3.220182,,3.840148,
Sample,25/04/2023 14:13,23,,,12812927,11.350199,3804123,1.242839,2.466,-71.520004,2.016371,,3.100494,,4.032741,
Sample,25/04/2023 14:13,23,,,12813285,11.346189,3877947,1.267147,1.9626,-70.470001,1.602403,,3.376181,,3.204805,
Sample,25/04/2023 14:13,23,,,12814350,11.33426,3894222,1.272507,2.1555,-68.370003,1.761033,,3.436585,,3.522065,
Sample,25/04/2023 14:13,23,,,12815102,11.325836,3896213,1.273162,2.9632,-68.270004,2.42524,,3.443966,,4.85048,
Sample,25/04/2023 14:13,23,,,12815654,11.319653,3889139,1.270833,1.9861,-71.209999,1.621728,,3.417733,,3.243455,
Sample,25/04/2023 14:13,23,,,12816165,11.313929,3908737,1.277287,2.1164,-70.809998,1.728879,,3.490354,,3.457758,
Sample,25/04/2023 14:13,23,,,12816439,11.31086,3952326,1.291643,2.3873,-70.349998,1.951652,,3.651281,,3.903304,
Sample,25/04/2023 14:13,23,,,12816810,11.306704,3981329,1.301196,2.1476,-71.830002,1.754536,,3.757939,,3.509073,
Sample,25/04/2023 14:13,23,,,12817202,11.302312,4019610,1.313806,3.601,-71.459999,2.949731,,3.898254,,5.899463,
Sample,25/04/2023 14:13,23,,,12817538,11.298548,4059762,1.327034,2.3772,-68.75,1.943346,,4.044909,,3.886693,
Sample,25/04/2023 14:13,23,,,12817689,11.296857,4098119,1.339672,2.2409,-73.259995,1.831261,,4.184559,,3.662522,
Sample,25/04/2023 14:13,23,,,12818042,11.292902,4140941,1.353782,1.9301,-73.290001,1.575676,,4.339996,,3.151352,
Sample,25/04/2023 14:13,23,9422265,5.712475,12818584,11.286831,4134883,1.351786,2.5854,-72.900002,2.114558,,4.318034,,4.229116,
Sample,25/04/2023 14:13,23,,,12818863,11.283705,4163478,1.361209,1.571,-71.949997,1.280373,,4.421618,,2.560745,
Sample,25/04/2023 14:13,23,,,12819128,11.280736,4162753,1.36097,2.3858,-70.330002,1.950418,,4.418994,,3.900837,
Sample,25/04/2023 14:13,23,,,12819049,11.281621,4196570,1.372115,2.5425,-71.919998,2.07928,,4.541254,,4.15856,
Sample,25/04/2023 14:13,23,,,12819406,11.277622,4191331,1.370388,2.3643,-73.629997,1.932738,,4.52233,,3.865477,
Sample,25/04/2023 14:13,23,,,12819686,11.274485,4214322,1.377966,1.707,-72.080002,1.392211,,4.605334,,2.784423,
Sample,25/04/2023 14:13,23,,,12820289,11.26773,4243561,1.387603,3.9289,-71.139999,3.219377,,4.710737,,6.438755,
Sample,25/04/2023 14:13,23,,,12821046,11.259249,4270638,1.396529,2.0844,-70.940002,1.702564,,4.808198,,3.405128,
Sample,25/04/2023 14:13,23,,,12821531,11.253816,4276852,1.398577,3.6182,-71.860001,2.963875,,4.830545,,5.927751,
Sample,25/04/2023 14:13,23,,,12821965,11.248953,4273720,1.397545,1.4942,-74.879997,1.217217,,4.819282,,2.434433,
Sample,25/04/2023 14:13,23,,,12822864,11.238881,4263934,1.394319,4.2208,-73.240005,3.45942,,4.78408,,6.918839,
Sample,25/04/2023 14:13,23,,,12823682,11.229717,4320628,1.413009,3.2411,-71.909996,2.65377,,4.987783,,5.307539,
Sample,25/04/2023 14:13,23,,,12823654,11.23003,4371344,1.42973,2.3861,-73.220001,1.950665,,5.169555,,3.901331,
Sample,25/04/2023 14:13,23,,,12823596,11.23068,4353385,1.423809,2.1228,-73.209999,1.734142,,5.105234,,3.468284,
Sample,25/04/2023 14:13,23,,,12823378,11.233123,4372455,1.430097,2.4045,-72.190002,1.965796,,5.173532,,3.931593,
Sample,25/04/2023 14:13,23,,,12823390,11.232988,4363401,1.427111,2.8062,-73.309998,2.296132,,5.141113,,4.592264,
Sample,25/04/2023 14:13,23,,,12823666,11.229896,4359773,1.425915,3.6713,-69.389999,3.007542,,5.128118,,6.015084,
Sample,25/04/2023 14:13,23,,,12824190,11.224025,4360408,1.426124,2.8097,-72.120003,2.29901,,5.130393,,4.598021,
Sample,25/04/2023 14:13,23,,,12824539,11.220115,4357686,1.425227,2.8346,-74.18,2.319487,,5.120643,,4.638973,
Sample,25/04/2023 14:13,23,,,12824550,11.219992,4403977,1.440491,2.0613,-72.940002,1.683568,,5.28631,,3.367136,
Sample,25/04/2023 14:13,23,9422161,5.711903,12824579,11.219667,4431324,1.449509,1.9448,-73.659996,1.587765,,5.384038,,3.17553,
Sample,25/04/2023 14:13,23,,,12824656,11.218804,4430513,1.449242,1.6677,-73,1.359893,,5.381141,,2.719786,
Sample,25/04/2023 14:13,23,,,12824676,11.21858,4435625,1.450927,1.7514,-73.229996,1.428723,,5.399399,,2.857447,
Sample,25/04/2023 14:13,23,,,12824786,11.217347,4444474,1.453846,1.9476,-72.400002,1.590067,,5.430996,,3.180135,
Sample,25/04/2023 14:13,23,,,12825009,11.214849,4467726,1.461514,1.6315,-71.709999,1.330124,,5.513973,,2.660249,
Sample,25/04/2023 14:13,23,,,12825270,11.211925,4528895,1.48169,1.6352,-72.68,1.333167,,5.73195,,2.666334,
Sample,25/04/2023 14:13,23,,,12825912,11.204731,4539522,1.485196,2.0057,-73.650002,1.637845,,5.769776,,3.275691,
Sample,25/04/2023 14:13,23,,,12826085,11.202793,4615036,1.510108,2.4815,-72.629997,2.029117,,6.038229,,4.058234,
Sample,25/04/2023 14:13,23,,,12826615,11.196855,4643250,1.519417,1.8697,-72.470001,1.526007,,6.138389,,3.052014,
Sample,25/04/2023 14:13,23,,,12826837,11.194367,4675679,1.530118,2.7735,-70.349998,2.269241,,6.253425,,4.538483,
Sample,25/04/2023 14:13,23,,,12826750,11.195342,4690931,1.535151,1.9297,-73.479996,1.575348,,6.307498,,3.150695,
Sample,25/04/2023 14:13,23,,,12826931,11.193314,4669524,1.528087,2.2117,-74.590004,1.807248,,6.231598,,3.614497,
Sample,25/04/2023 14:13,23,,,12827134,11.191039,4684204,1.532931,3.8323,-72.740005,3.139939,,6.283651,,6.279879,
Sample,25/04/2023 14:13,23,,,12827665,11.185089,4678299,1.530982,2.1053,-75.240005,1.719751,,6.262715,,3.439502,
Sample,25/04/2023 14:13,23,,,12828182,11.179296,4687801,1.534118,2.4163,-73.459999,1.9755,,6.296403,,3.951,
Sample,25/04/2023 14:14,23,,,12828291,11.178075,4722315,1.545508,2.0772,-73.150002,1.696643,,6.418704,,3.393286,
Sample,25/04/2023 14:14,23,,,12828358,11.177324,4784388,1.565995,1.685,-74.220001,1.37412,,6.638433,,2.74824,
Sample,25/04/2023 14:14,23,,,12828633,11.174243,4788607,1.567388,3.4669,-73.57,2.839455,,6.653358,,5.678909,
Sample,25/04/2023 14:14,23,,,12828814,11.172215,4767056,1.560275,3.4051,-73.409996,2.788634,,6.577109,,5.577268,
Sample,25/04/2023 14:14,23,,,12828698,11.173515,4788136,1.567232,3.0556,-72.07,2.501225,,6.651692,,5.002449,
Sample,25/04/2023 14:14,23,9422081,5.711464,12828744,11.172999,4761454,1.558426,2.0587,-72.270004,1.68143,,6.557283,,3.36286,
Sample,25/04/2023 14:14,23,,,12828688,11.173627,4811601,1.574978,2.0415,-72.229996,1.667285,,6.734677,,3.334571,
Sample,25/04/2023 14:14,23,,,12828771,11.172697,4853707,1.588878,3.1014,-74.389999,2.538888,,6.883496,,5.077775,
Sample,25/04/2023 14:14,23,,,12828805,11.172316,4830728,1.581292,3.4648,-73,2.837728,,6.802293,,5.675456,
Sample,25/04/2023 14:14,23,,,12828824,11.172103,4889981,1.600854,2.2646,-72.050003,1.85075,,7.011614,,3.701501,
Sample,25/04/2023 14:14,23,,,12828847,11.171845,4948487,1.620172,1.91,-75.57,1.559147,,7.218094,,3.118294,
Sample,25/04/2023 14:14,23,,,12828790,11.172484,4974581,1.628788,3.7979,-73.220001,3.11165,,7.310126,,6.2233,
Sample,25/04/2023 14:14,23,,,12828900,11.171251,4967231,1.626361,2.0541,-73.129997,1.677647,,7.284206,,3.355294,
Sample,25/04/2023 14:14,23,,,12829117,11.16882,4948519,1.620182,2.8362,-73.050003,2.320802,,7.218207,,4.641604,
Sample,25/04/2023 14:14,23,,,12829153,11.168416,4968253,1.626699,2.0394,-74.57,1.665559,,7.28781,,3.331117,
Sample,25/04/2023 14:14,23,,,12829041,11.169671,4969726,1.627185,2.3775,-73.520004,1.943593,,7.293005,,3.887186,
Sample,25/04/2023 14:14,23,,,12828884,11.17143,5005532,1.63901,1.9724,-75.279999,1.610462,,7.419243,,3.220923,
Sample,25/04/2023 14:14,23,,,12828953,11.170657,5052413,1.654494,2.1993,-74.720001,1.797051,,7.584433,,3.594103,
Sample,25/04/2023 14:14,23,,,12829266,11.16715,5047715,1.652942,2.9269,-72.659996,2.395389,,7.567883,,4.790778,
Sample,25/04/2023 14:14,23,,,12829386,11.165805,5055280,1.655441,2.9691,-71.860001,2.430092,,7.594531,,4.860184,
Sample,25/04/2023 14:14,23,,,12829490,11.16464,5088591,1.666444,2.4397,-74.5,1.994743,,7.711841,,3.989486,
Sample,25/04/2023 14:14,23,,,12829628,11.163094,5088569,1.666436,1.9288,-73.120003,1.574607,,7.711764,,3.149215,
Sample,25/04/2023 14:14,23,,,12829451,11.165077,5115706,1.675401,2.5882,-71.900002,2.116861,,7.807296,,4.233722,
Sample,25/04/2023 14:14,23,,,12829599,11.163419,5105637,1.672074,2.3748,-74.990005,1.941373,,7.771853,,3.882746,
Sample,25/04/2023 14:14,23,,,12829876,11.160315,5099371,1.670005,1.9698,-73.340004,1.608324,,7.749795,,3.216647,
Sample,25/04/2023 14:14,23,9421986,5.710941,12829983,11.159116,5125805,1.678737,2.4212,-75.5,1.97953,,7.84284,,3.959059,
Sample,25/04/2023 14:14,23,,,12829745,11.161783,5121230,1.677225,2.55,-71.740005,2.085447,,7.826739,,4.170895,
Sample,25/04/2023 14:14,23,,,12829189,11.168013,5107203,1.672592,2.1405,-75.32,1.748698,,7.777366,,3.497395,
Sample,25/04/2023 14:14,23,,,12828895,11.171307,5094548,1.668411,2.8657,-74.07,2.345062,,7.732815,,4.690123,
Sample,25/04/2023 14:14,23,,,12828849,11.171823,5198768,1.702843,3.2902,-74.360001,2.694146,,8.099523,,5.388293,
Sample,25/04/2023 14:14,23,,,12829631,11.16306,5230611,1.713364,2.0001,-74.770004,1.63324,,8.211485,,3.266481,
Sample,25/04/2023 14:14,23,,,12830064,11.158208,5226467,1.711995,2.5419,-75.509995,2.078786,,8.196916,,4.157573,
Sample,25/04/2023 14:14,23,,,12830283,11.155754,5251625,1.720308,4.2663,-73.620003,3.496836,,8.285352,,6.993673,
Sample,25/04/2023 14:14,23,,,12830546,11.152807,5264478,1.724556,2.8681,-74.790001,2.347035,,8.330525,,4.69407,
Sample,25/04/2023 14:14,23,,,12830802,11.149938,5305644,1.73816,2.2386,-74.909996,1.82937,,8.475171,,3.658739,
Sample,25/04/2023 14:14,23,,,12830838,11.149535,5367548,1.758621,1.8258,-74.550003,1.489906,,8.692587,,2.979812,
Sample,25/04/2023 14:14,23,,,12830957,11.148201,5377776,1.762002,2.761,-75.059998,2.258962,,8.728499,,4.517924,
Sample,25/04/2023 14:14,23,,,12831077,11.146856,5382318,1.763503,2.7606,-74.209999,2.258633,,8.744446,,4.517266,
Sample,25/04/2023 14:14,23,,,12831266,11.144739,5427848,1.778555,2.5625,-75.809998,2.095727,,8.904268,,4.191453,
Sample,25/04/2023 14:14,23,,,12831190,11.14559,5451070,1.786232,2.0594,-75.279999,1.682005,,8.985762,,3.364011,
Sample,25/04/2023 14:14,23,,,12830884,11.149019,5479859,1.79575,5.3893,-73.419998,4.420329,,9.086775,,8.840657,
Sample,25/04/2023 14:14,23,,,12830771,11.150285,5533501,1.813487,2.3493,-74.020004,1.920403,,9.274938,,3.840806,
Sample,25/04/2023 14:14,23,,,12830913,11.148694,5595218,1.833897,1.7618,-73.199997,1.437276,,9.49135,,2.874552,
Sample,25/04/2023 14:14,23,,,12831046,11.147204,5627910,1.84471,1.7991,-74.979996,1.467949,,9.605954,,2.935899,
Sample,25/04/2023 14:14,23,,,12831094,11.146666,5714644,1.8734,1.9409,-74.240005,1.584558,,9.909909,,3.169116,
Sample,25/04/2023 14:14,23,9421906,5.710501,12831505,11.14206,5777121,1.89407,2.0558,-75.18,1.679045,,10.128779,,3.35809,
Sample,25/04/2023 14:14,23,,,12831671,11.1402,5744919,1.883416,3.4457,-75.150002,2.822021,,10.015976,,5.644042,
Sample,25/04/2023 14:14,23,,,12831733,11.139505,5745035,1.883454,2.7467,-73.800003,2.247202,,10.016383,,4.494405,
Sample,25/04/2023 14:14,23,,,12831980,11.136737,5699668,1.868446,4.2401,-74.080002,3.475291,,9.857436,,6.950582,
Sample,25/04/2023 14:14,23,,,12832224,11.134003,5719700,1.875073,2.7403,-73.740005,2.241939,,9.927624,,4.483879,
Sample,25/04/2023 14:14,23,,,12832316,11.132972,5741202,1.882186,2.8089,-73.729996,2.298352,,10.002955,,4.596704,
Sample,25/04/2023 14:14,23,,,12832387,11.132177,5753595,1.886286,3.3356,-74.389999,2.731481,,10.04637,,5.462962,
Sample,25/04/2023 14:14,23,,,12832278,11.133398,5846470,1.917017,2.1714,-73.979996,1.774108,,10.371653,,3.548216,
Sample,25/04/2023 14:14,23,,,12832503,11.130877,5903413,1.935862,2.554,-74.370003,2.088737,,10.571029,,4.177474,
Sample,25/04/2023 14:14,23,,,12832739,11.128232,5941793,1.948565,2.8171,-71.629997,2.305096,,10.705386,,4.610191,
Sample,25/04/2023 14:14,23,,,12832870,11.126764,5926910,1.943639,2.2759,-75.040001,1.860043,,10.653287,,3.720086,
Sample,25/04/2023 14:14,23,,,12832935,11.126035,5909837,1.937988,3.1481,-76.440002,2.577291,,10.593518,,5.154583,
Sample,25/04/2023 14:14,23,,,12833007,11.125229,5918264,1.940777,2.7236,-73.809998,2.228206,,10.62302,,4.456413,
Sample,25/04/2023 14:14,23,,,12833174,11.123357,5917350,1.940474,3.4571,-74.099998,2.831396,,10.61982,,5.662792,
Sample,25/04/2023 14:14,23,,,12833099,11.124198,5930983,1.944987,20.555,-56.790001,16.891753,,10.667545,,33.783504,
Sample,25/04/2023 14:15,23,,,12832990,11.125419,5936654,1.946864,3.2886,-74.75,2.692831,,10.687397,,5.385662,
Sample,25/04/2023 14:15,23,,,12832594,11.129857,5948885,1.950912,2.3359,-72.959999,1.909383,,10.730211,,3.818767,
Sample,25/04/2023 14:15,23,,,12832274,11.133443,5962558,1.955438,3.7348,-74.949997,3.059761,,10.778071,,6.119521,
Sample,25/04/2023 14:15,23,,,12832436,11.131627,5950466,1.951435,3.8611,-75.459999,3.163623,,10.735746,,6.327245,
Sample,25/04/2023 14:15,23,,,12832774,11.12784,5926010,1.943341,2.7415,-76.229996,2.242926,,10.650137,,4.485852,
Sample,25/04/2023 14:15,23,9421823,5.710045,12832848,11.12701,5887930,1.930738,2.6103,-74.139999,2.135035,,10.516822,,4.27007,
Sample,25/04/2023 14:15,23,,,12833018,11.125105,5863594,1.922684,2.2765,-74.979996,1.860536,,10.431614,,3.721073,
Sample,25/04/2023 14:15,23,,,12833396,11.120869,5804547,1.903145,2.7598,-75.419998,2.257975,,10.224838,,4.515951,
Sample,25/04/2023 14:15,23,,,12833314,11.121788,5782816,1.895954,3.927,-73.800003,3.217815,,10.148726,,6.43563,
Sample,25/04/2023 14:15,23,,,12833113,11.124041,5789012,1.898004,1.9458,-75.889999,1.588587,,10.170428,,3.177174,
Sample,25/04/2023 14:15,23,,,12833139,11.123749,5793273,1.899414,2.2287,-76.32,1.821228,,10.185352,,3.642456,
Sample,25/04/2023 14:15,23,,,12833044,11.124814,5798393,1.901108,2.998,-74.220001,2.453857,,10.203285,,4.907715,
Sample,25/04/2023 14:15,23,,,12832820,11.127324,5779026,1.8947,2.6186,-76.25,2.14186,,10.135451,,4.28372,
Sample,25/04/2023 14:15,23,,,12832533,11.13054,5685423,1.863734,2.5981,-74.389999,2.125002,,9.80752,,4.250004,
Sample,25/04/2023 14:15,23,,,12832633,11.12942,5651826,1.85262,3.4752,-77.709999,2.84628,,9.68978,,5.69256,
Sample,25/04/2023 14:15,23,,,12833015,11.125139,5609370,1.838578,2.9619,-73.509995,2.424171,,9.540963,,4.848342,
Sample,25/04/2023 14:15,23,,,12833365,11.121217,5615889,1.840734,3.7174,-73.919998,3.045452,,9.563816,,6.090904,
Sample,25/04/2023 14:15,23,,,12833856,11.115714,5613261,1.839865,3.7416,-76.150002,3.065353,,9.554603,,6.130705,
Sample,25/04/2023 14:15,23,,,12834023,11.113843,5557149,1.821307,3.3012,-74.5,2.703192,,9.35787,,5.406385,
Sample,25/04/2023 14:15,23,,,12833881,11.115434,5458778,1.78878,2.9084,-74.659996,2.380176,,9.012809,,4.760351,
Sample,25/04/2023 14:15,23,,,12834052,11.113518,5300442,1.736441,2.625,-74.690002,2.147123,,8.456895,,4.294247,
Sample,25/04/2023 14:15,23,,,12834057,11.113462,5179413,1.696448,3.5045,-75.229996,2.870375,,8.031452,,5.74075,
Sample,25/04/2023 14:15,23,,,12834194,11.111926,5111163,1.6739,3.5503,-75.18,2.908038,,7.791305,,5.816076,
Sample,25/04/2023 14:15,23,,,12834366,11.109999,5042736,1.651297,2.5804,-75.370003,2.110446,,7.550343,,4.220893,
Sample,25/04/2023 14:15,23,,,12834267,11.111108,4950130,1.620714,1.7345,-76.610001,1.414826,,7.22389,,2.829652,
Sample,25/04/2023 14:15,23,9421752,5.709655,12834325,11.110458,4824199,1.579137,1.6904,-78.340004,1.378561,,6.779215,,2.757121,
Sample,25/04/2023 14:15,23,,,12834229,11.111534,4739301,1.551114,1.8858,-76.490005,1.539246,,6.47886,,3.078493,
Sample,25/04/2023 14:15,23,,,12834085,11.113148,4677450,1.530702,1.7688,-74.849998,1.443032,,6.259705,,2.886065,
Sample,25/04/2023 14:15,23,,,12833856,11.115714,4667653,1.527469,1.8379,-77,1.499856,,6.224963,,2.999713,
Sample,25/04/2023 14:15,23,,,12833850,11.115781,4666975,1.527246,1.5287,-76.870003,1.245587,,6.222558,,2.491175,
Sample,25/04/2023 14:15,23,,,12833725,11.117182,4566910,1.49423,3.523,-77.300003,2.885588,,5.867207,,5.771176,
Sample,25/04/2023 14:15,23,,,12833674,11.117754,4451406,1.456132,3.1839,-76.020004,2.606731,,5.45574,,5.213462,
Sample,25/04/2023 14:15,23,,,12833650,11.118023,4353608,1.423882,3.0551,-73.870003,2.500813,,5.106033,,5.001627,
Sample,25/04/2023 14:15,23,,,12833014,11.12515,4302525,1.407041,3.1257,-76.199997,2.558871,,4.9228,,5.117742,
Sample,25/04/2023 14:15,23,,,12831940,11.137186,4253302,1.390814,3.8119,-76.040001,3.123163,,4.745815,,6.246326,
Sample,25/04/2023 14:15,23,,,12830858,11.149311,4249198,1.389461,2.0493,-76.229996,1.6737,,4.731038,,3.347399,
Sample,25/04/2023 14:15,23,,,12830143,11.157323,4259505,1.392859,1.7219,-77.889999,1.404464,,4.768142,,2.808928,
Sample,25/04/2023 14:15,23,,,12829766,11.161547,4282725,1.400513,2.0064,-76.080002,1.638421,,4.85166,,3.276842,
Sample,25/04/2023 14:15,23,,,12829590,11.163519,4210313,1.376644,2.4092,-75.520004,1.969661,,4.590868,,3.939323,
Sample,25/04/2023 14:15,23,,,12829303,11.166735,4115862,1.345518,2.2246,-75.790001,1.817857,,4.249021,,3.635713,
Sample,25/04/2023 14:15,23,,,12829486,11.164685,4037207,1.319603,3.0468,-75.860001,2.493988,,3.962589,,4.987976,
Sample,25/04/2023 14:15,23,,,12829301,11.166758,3979677,1.300652,2.1169,-75.370003,1.72929,,3.751872,,3.45858,
Sample,25/04/2023 14:15,23,,,12828617,11.174422,3942434,1.288385,2.7243,-74.610001,2.228782,,3.614829,,4.457564,
Sample,25/04/2023 14:15,23,,,12827723,11.18444,3874220,1.26592,2.598,-76.309998,2.12492,,3.362331,,4.24984,
Sample,25/04/2023 14:15,23,,,12826703,11.195868,3878883,1.267455,3.5085,-76.529999,2.873664,,3.379658,,5.747328,
Sample,25/04/2023 14:15,23,9421673,5.70922,12825498,11.20937,3793701,1.239408,2.1281,-79.409996,1.738501,,3.061328,,3.477001,
Sample,25/04/2023 14:15,23,,,12822664,11.241122,3752669,1.2259,2.483,-77,2.03035,,2.906458,,4.060701,
Sample,25/04/2023 14:15,23,,,12819209,11.279829,3664842,1.196991,1.3991,-77.25,1.139012,,2.570774,,2.278023,
Sample,25/04/2023 14:15,23,,,12815614,11.320101,3641726,1.189384,1.3624,-74.620003,1.108832,,2.481299,,2.217663,
Sample,25/04/2023 14:15,23,,,12811440,11.366855,3653677,1.193317,1.3151,-77.699997,1.069935,,2.527623,,2.139869,
Sample,25/04/2023 14:15,23,,,12808341,11.401565,3657736,1.194653,1.4692,-75.629997,1.196658,,2.543324,,2.393316,
Sample,25/04/2023 14:15,23,,,12806707,11.419866,3540645,1.156124,1.4217,-75.090004,1.157597,,2.082946,,2.315193,
Sample,25/04/2023 14:15,23,,,12805791,11.430125,3507944,1.145365,1.6664,-74.270004,1.358824,,1.951046,,2.717648,
Sample,25/04/2023 14:15,23,,,12805205,11.436687,3470676,1.133106,1.8349,-77.470001,1.497389,,1.798455,,2.994779,
Sample,25/04/2023 14:15,23,,,12804765,11.441615,3369216,1.099737,1.7956,-77.129997,1.465071,,1.367059,,2.930142,
Sample,25/04/2023 14:15,23,,,12804513,11.444437,3383963,1.104586,1.3185,-76.699997,1.072731,,1.431524,,2.145462,
Sample,25/04/2023 14:15,23,,,12804339,11.446386,3363117,1.097731,2.7986,-75.669998,2.289882,,1.340189,,4.579765,
Sample,25/04/2023 14:15,23,,,12804050,11.449622,3381658,1.103828,1.8646,-72.709999,1.521813,,1.421494,,3.043626,
Sample,25/04/2023 14:15,23,,,12803898,11.451325,3368608,1.099537,2.3693,-75.360001,1.93685,,1.364386,,3.8737,
Sample,25/04/2023 14:15,23,,,12803847,11.451896,3271302,1.067543,1.4261,-76.909996,1.161215,,0.917352,,2.32243,
Sample,25/04/2023 14:16,23,,,12803780,11.452646,3272650,1.067986,2.1436,-76.059998,1.751247,,0.92386,,3.502494,
Sample,25/04/2023 14:16,23,,,12803806,11.452355,3312367,1.081044,1.6298,-76.050003,1.328726,,1.111195,,2.657453,
Sample,25/04/2023 14:16,23,,,12803843,11.451941,3352524,1.094248,1.8075,-76.029999,1.474857,,1.293213,,2.949714,
Sample,25/04/2023 14:16,23,,,12803824,11.452153,3370434,1.100137,1.8003,-74.770004,1.468936,,1.37241,,2.937872,
Sample,25/04/2023 14:16,23,,,12803735,11.45315,3373030,1.100991,3.0431,-75.860001,2.490945,,1.383799,,4.98189,
Sample,25/04/2023 14:16,23,9421615,5.708902,12803492,11.455871,3385113,1.104964,1.8582,-75.400002,1.51655,,1.436522,,3.033099,
Sample,25/04/2023 14:16,23,,,12803394,11.456969,3334996,1.088484,1.8236,-77.650002,1.488097,,1.214571,,2.976193,
Sample,25/04/2023 14:16,23,,,12803569,11.455009,3460705,1.129826,1.6284,-76.370003,1.327575,,1.75717,,2.65515,
Sample,25/04/2023 14:16,23,,,12803545,11.455278,3644091,1.190162,1.5035,-76.990005,1.224864,,2.490477,,2.449729,
Sample,25/04/2023 14:16,23,,,12805135,11.437471,3803720,1.242707,1.8461,-75.199997,1.5066,,3.098981,,3.013199,
Sample,25/04/2023 14:16,23,,,12810487,11.37753,3957795,1.293444,2.7114,-76.5,2.218174,,3.671417,,4.436347,
Sample,25/04/2023 14:16,23,,,12818884,11.28347,4149388,1.356566,2.4171,-74.599998,1.976158,,4.370602,,3.952316,
Sample,25/04/2023 14:16,23,,,12824559,11.219891,4337028,1.418416,1.377,-76.68,1.120838,,5.046607,,2.241676,
Sample,25/04/2023 14:16,23,,,12828345,11.17747,4557938,1.491271,1.6621,-76.25,1.355288,,5.835299,,2.710576,
Sample,25/04/2023 14:16,23,,,12831162,11.145904,4754416,1.556103,2.2483,-75.669998,1.837346,,6.532372,,3.674693,
Sample,25/04/2023 14:16,23,,,12833279,11.12218,4968049,1.626631,1.5772,-75.209999,1.285471,,7.287091,,2.570942,
Sample,25/04/2023 14:16,23,,,12834913,11.103869,5172180,1.694058,2.0368,-76.090004,1.66342,,8.00601,,3.326841,
Sample,25/04/2023 14:16,23,,,12835704,11.095004,5382131,1.763442,2.3293,-75.970001,1.903956,,8.743789,,3.807912,
Sample,25/04/2023 14:16,23,,,12836205,11.089389,5579276,1.828625,2.0924,-75.229996,1.709143,,9.435457,,3.418286,
Sample,25/04/2023 14:16,23,,,12836569,11.085309,5758852,1.888026,4.0698,-74.159996,3.335246,,10.064785,,6.670493,
Sample,25/04/2023 14:16,23,,,12836812,11.082586,5928568,1.944187,3.0061,-75.82,2.460519,,10.659091,,4.921037,
Sample,25/04/2023 14:16,23,,,12836981,11.080692,5964639,1.956127,2.5997,-76.340004,2.126318,,10.785355,,4.252636,
Sample,25/04/2023 14:16,23,,,12836843,11.082239,5962841,1.955531,5.396501,-75.040001,4.42625,,10.779062,,8.852501,
Sample,25/04/2023 14:16,23,,,12836317,11.088134,5954256,1.95269,6.2975,-74.559998,5.167182,,10.749012,,10.334363,
Sample,25/04/2023 14:16,23,,,12835744,11.094555,5941748,1.94855,10.263,-70.770004,8.428188,,10.705229,,16.856375,
Sample,25/04/2023 14:16,23,9421538,5.708478,12835568,11.096528,5853192,1.919242,3.0059,-76.110001,2.460354,,10.395191,,4.920708,
Sample,25/04/2023 14:16,23,,,12835603,11.096136,5806252,1.903709,3.1821,-76.720001,2.605251,,10.23081,,5.210503,
Sample,25/04/2023 14:16,23,,,12835769,11.094275,5721718,1.87574,2.3834,-76.159996,1.948445,,9.934694,,3.89689,
Sample,25/04/2023 14:16,23,,,12835703,11.095015,5637188,1.847779,3.3718,-78.57,2.76125,,9.638475,,5.5225,
Sample,25/04/2023 14:16,23,,,12835564,11.096573,5622044,1.84277,4.0845,-74.860001,3.347335,,9.585392,,6.694669,
Sample,25/04/2023 14:16,23,,,12835745,11.094544,5564840,1.823851,2.4438,-75.809998,1.998114,,9.384839,,3.996229,
Sample,25/04/2023 14:16,23,,,12835591,11.09627,5432349,1.780043,2.4007,-77.449997,1.962672,,8.920064,,3.925343,
Sample,25/04/2023 14:16,23,,,12835542,11.096819,5325815,1.744827,2.633,-76.620003,2.153702,,8.546027,,4.307404,
Sample,25/04/2023 14:16,23,,,12835745,11.094544,5312661,1.74048,2.4284,-76.57,1.98545,,8.499821,,3.970901,
Sample,25/04/2023 14:16,23,,,12836071,11.090891,5208462,1.706046,2.3339,-78.050003,1.907739,,8.133611,,3.815478,
Sample,25/04/2023 14:16,23,,,12835996,11.091731,5109265,1.673273,2.0075,-78.529999,1.639326,,7.784624,,3.278652,
Sample,25/04/2023 14:16,23,,,12836047,11.09116,4995168,1.635587,3.5317,-76.669998,2.892742,,7.38271,,5.785485,
Sample,25/04/2023 14:16,23,,,12836062,11.090992,4897930,1.603478,2.5193,-75.43,2.060201,,7.039679,,4.120403,
Sample,25/04/2023 14:16,23,,,12836268,11.088683,4827240,1.58014,2.7808,-75.93,2.275245,,6.789965,,4.550489,
Sample,25/04/2023 14:16,23,,,12836438,11.086778,4705513,1.539963,2.6853,-77.740005,2.196711,,6.359178,,4.393421,
Sample,25/04/2023 14:16,23,,,12836247,11.088918,4653523,1.522807,2.2961,-77.029999,1.876654,,6.174841,,3.753309,
Sample,25/04/2023 14:16,23,,,12836270,11.08866,4503633,1.473357,2.9505,-74.690002,2.414796,,5.641981,,4.829592,
Sample,25/04/2023 14:16,23,,,12836413,11.087058,4465926,1.460921,2.6039,-76.099998,2.129772,,5.507552,,4.259543,
Sample,25/04/2023 14:16,23,,,12836748,11.083303,4498544,1.471679,1.733,-73.720001,1.413592,,5.623848,,2.827185,
Sample,25/04/2023 14:16,23,,,12836913,11.081454,4352497,1.423516,4.1018,-74.599998,3.361561,,5.102052,,6.723122,
Sample,25/04/2023 14:16,23,9421479,5.708154,12836863,11.082014,4211195,1.376935,3.6345,-75.720001,2.97728,,4.594051,,5.954559,
Sample,25/04/2023 14:16,23,,,12835579,11.096405,4217124,1.378889,1.9495,-76.080002,1.59163,,4.615442,,3.183259,
Sample,25/04/2023 14:16,23,,,12834027,11.113798,4245749,1.388324,2.2465,-75.690002,1.835866,,4.718618,,3.671732,
Sample,25/04/2023 14:16,23,,,12833170,11.123402,4192372,1.370731,2.6787,-76.919998,2.191283,,4.526091,,4.382566,
Sample,25/04/2023 14:16,23,,,12832317,11.132961,3991720,1.304619,2.8228,-76.830002,2.309783,,3.796077,,4.619566,
Sample,25/04/2023 14:16,23,,,12831004,11.147675,4012496,1.311462,2.769,-73.620003,2.265541,,3.872216,,4.531081,
Sample,25/04/2023 14:16,23,,,12830042,11.158454,3990193,1.304116,3.8658,-74.68,3.167488,,3.790475,,6.334976,
Sample,25/04/2023 14:16,23,,,12829355,11.166153,4011340,1.311082,2.4319,-76.25,1.988328,,3.867984,,3.976657,
Sample,25/04/2023 14:16,23,,,12828947,11.170724,3764779,1.229886,1.943,-77.080002,1.586285,,2.952282,,3.172569,
Sample,25/04/2023 14:16,23,,,12825837,11.205572,3728185,1.21784,1.7278,-78.459999,1.409316,,2.813493,,2.818632,
Sample,25/04/2023 14:16,23,,,12818331,11.289665,3739176,1.221458,2.1614,-75.540001,1.765884,,2.855279,,3.531769,
Sample,25/04/2023 14:16,23,,,12814171,11.336265,3756982,1.22732,2.1396,-77.479996,1.747957,,2.92279,,3.495915,
Sample,25/04/2023 14:16,23,,,12815145,11.325355,3757416,1.227463,1.8057,-78.270004,1.473377,,2.924432,,2.946753,
Sample,25/04/2023 14:16,23,,,12815773,11.31832,3516331,1.148125,1.9368,-75.949997,1.581186,,1.985041,,3.162372,
Sample,25/04/2023 14:16,23,,,12813675,11.341821,3490976,1.139784,2.267,-75.409996,1.852724,,1.881894,,3.705448,
Sample,25/04/2023 14:17,23,,,12810784,11.374203,3487349,1.13859,1.6075,-77.580002,1.310388,,1.867044,,2.620776,
Sample,25/04/2023 14:17,23,,,12809175,11.392224,3506722,1.144963,1.6503,-76.229996,1.345584,,1.946083,,2.691169,
Sample,25/04/2023 14:17,23,,,12808362,11.40133,3477626,1.135392,2.2245,-74.720001,1.817774,,1.827112,,3.635549,
Sample,25/04/2023 14:17,23,,,12807979,11.40562,3420154,1.116489,1.9305,-76.419998,1.576005,,1.58698,,3.152011,
Sample,25/04/2023 14:17,23,,,12807555,11.410368,3333258,1.087913,1.5689,-76.639999,1.278646,,1.206708,,2.557291,
Sample,25/04/2023 14:17,23,9421415,5.707802,12807207,11.414266,3342754,1.091035,2.508,-75.919998,2.050909,,1.249524,,4.101818,
Sample,25/04/2023 14:17,23,,,12806920,11.41748,3320133,1.083597,1.4904,-75.389999,1.214092,,1.146922,,2.428183,
Sample,25/04/2023 14:17,23,,,12806747,11.419418,3346254,1.092186,2.3307,-76.349998,1.905107,,1.265217,,3.810215,
Sample,25/04/2023 14:17,23,,,12806591,11.421165,3205485,1.045907,1.7279,-72.860001,1.409398,,0.584471,,2.818797,
Sample,25/04/2023 14:17,23,,,12807017,11.416394,3201944,1.044743,99.439003,2623.899902,2304.788896,,0.565573,,4609.577637,
Sample,25/04/2023 14:17,23,,,12808831,11.396077,3201093,1.044463,148.779999,2884.600098,2525.148318,,0.561013,,5050.296875,
Sample,25/04/2023 14:17,23,,,12813745,11.341037,3202344,1.044874,0.0861,3280.199951,2859.533013,,0.567713,,5719.065918,
Sample,25/04/2023 14:17,23,,,12821108,11.258555,3201271,1.044522,0.3371,2413.199951,2126.692675,,0.561967,,4253.385254,
Sample,25/04/2023 14:17,23,,,12827335,11.188787,3201432,1.044575,0.1819,2879.600098,2520.922019,,0.56283,,5041.844238,
Sample,25/04/2023 14:17,23,,,12832196,11.134317,3201319,1.044538,0.2865,3018.600098,2638.413146,,0.562225,,5276.826172,
Sample,25/04/2023 14:17,23,,,12835824,11.093659,3204361,1.045537,0.0077,3461.5,3012.778675,,0.578485,,6025.557129,
Sample,25/04/2023 14:17,23,,,12838849,11.059756,3205608,1.045947,0.0462,2875.5,2517.456371,,0.585126,,5034.912598,
Sample,25/04/2023 14:17,23,,,12840336,11.043089,3203805,1.045355,0.0611,2874.5,2516.611111,,0.57552,,5033.222168,
Sample,25/04/2023 14:17,23,,,12840837,11.037473,3205313,1.04585,0.0461,2887.5,2527.59949,,0.583556,,5055.199219,
Sample,25/04/2023 14:17,23,,,12840739,11.038572,3206076,1.046101,0.0357,2896.300049,2535.037818,,0.587614,,5070.075684,
Sample,25/04/2023 14:17,23,,,12839811,11.048973,3202144,1.044809,331.139984,3975.899902,3447.580287,,0.566643,,6895.160645,
Sample,25/04/2023 14:17,23,,,12838002,11.069249,3201913,1.044733,1.6282,2969.800049,2597.164421,,0.565407,,5194.328613,
Sample,25/04/2023 14:17,23,,,12835912,11.092673,3205411,1.045883,0.2111,2864.600098,2508.24312,,0.584078,,5016.486328,
Sample,25/04/2023 14:17,23,,,12833868,11.11558,3206210,1.046145,0.1573,2283.399902,2016.977898,,0.588326,,4033.955811,
Sample,25/04/2023 14:17,23,,,12831853,11.138161,3205775,1.046002,0.0365,2882,2522.95056,,0.586014,,5045.900879,
Sample,25/04/2023 14:17,23,9421443,5.707956,12830059,11.158264,3205273,1.045837,0.2072,2865.899902,2509.341793,,0.583343,,5018.683594,
Sample,25/04/2023 14:17,23,,,12828242,11.178624,3203289,1.045185,18.258999,3838.800049,3331.695278,,0.572765,,6663.390625,
Sample,25/04/2023 14:17,23,,,12826516,11.197964,3205041,1.045761,0.0254,2929.800049,2563.354025,,0.582108,,5126.708008,
Sample,25/04/2023 14:17,23,,,12824715,11.218143,3205714,1.045982,6.164201,5385.700195,4639.227949,,0.58569,,9278.456055,
Sample,25/04/2023 14:17,23,,,12822699,11.24073,3204650,1.045632,1.7557,3744.199951,3251.733609,,0.580026,,6503.467285,
Sample,25/04/2023 14:17,23,,,12820884,11.261064,3205058,1.045767,0.2411,2430.699951,2141.484724,,0.582199,,4282.969238,
Sample,25/04/2023 14:17,23,,,12819192,11.280019,3204867,1.045704,0.0518,2951.100098,2581.358102,,0.581182,,5162.716309,
Sample,25/04/2023 14:17,23,,,12817822,11.295367,3204659,1.045635,0.0884,2874.600098,2516.695719,,0.580074,,5033.391602,
Sample,25/04/2023 14:17,23,,,12816769,11.307163,3204638,1.045628,0.9663,2489.600098,2191.270656,,0.579962,,4382.541504,
Sample,25/04/2023 14:17,23,,,12815650,11.319698,3204885,1.04571,0.0111,2831.800049,2480.518554,,0.581277,,4961.037109,
Sample,25/04/2023 14:17,23,,,12814499,11.332591,3204664,1.045637,0.0307,2835.5,2483.645975,,0.5801,,4967.291992,
Sample,25/04/2023 14:17,23,,,12813292,11.346111,3204812,1.045686,0.0277,2841.100098,2488.379513,,0.580889,,4976.758789,
Sample,25/04/2023 14:17,23,,,12812110,11.359351,3204678,1.045642,0.0127,2851.899902,2497.508154,,0.580175,,4995.016113,
Sample,25/04/2023 14:17,23,,,12810965,11.372176,3204903,1.045716,0.0205,2853.300049,2498.691642,,0.581373,,4997.383301,
Sample,25/04/2023 14:17,23,,,12809864,11.384507,3204849,1.045698,0.0064,2829.5,2478.574415,,0.581086,,4957.148926,
Sample,25/04/2023 14:17,23,,,12808794,11.396492,3204725,1.045657,0.0087,2820.699951,2471.136087,,0.580425,,4942.271973,
Sample,25/04/2023 14:17,23,,,12807791,11.407725,3204958,1.045734,0.0169,2814.5,2465.895517,,0.581666,,4931.791016,
Sample,25/04/2023 14:17,23,,,12806814,11.418667,3204669,1.045639,0.0049,2803.100098,2456.259636,,0.580127,,4912.519043,
Sample,25/04/2023 14:17,23,,,12805875,11.429184,3204958,1.045734,0.024,2800.399902,2453.977269,,0.581666,,4907.95459,
Sample,25/04/2023 14:17,23,,,12804998,11.439006,3204758,1.045668,0.0242,2793.100098,2447.807037,,0.580601,,4895.614258,
Sample,25/04/2023 14:17,23,9421333,5.707351,12804117,11.448872,3204782,1.045676,0.0063,2789.899902,2445.10204,,0.580729,,4890.204102,
Sample,25/04/2023 14:17,23,,,12803259,11.458481,3204885,1.04571,0.0406,2786.800049,2442.481858,,0.581277,,4884.963867,
Sample,25/04/2023 14:17,23,,,12802428,11.467787,3204974,1.045739,0.0412,2779.699951,2436.480431,,0.581751,,4872.960938,
Sample,25/04/2023 14:17,23,,,12801684,11.476119,3204862,1.045702,0.0382,2779.100098,2435.973398,,0.581155,,4871.946777,
Sample,25/04/2023 14:17,23,,,12800899,11.484909,3204964,1.045736,0.0234,2771.800049,2429.80296,,0.581698,,4859.605957,
Sample,25/04/2023 14:17,23,,,12800236,11.492334,3204822,1.045689,0.0186,2778.800049,2435.719779,,0.580942,,4871.439453,
Sample,25/04/2023 14:17,23,,,12799534,11.500195,3205034,1.045759,0.009,2777.800049,2434.874519,,0.582071,,4869.749023,
Sample,25/04/2023 14:17,23,,,12798823,11.508156,3204856,1.0457,0.0243,2773.300049,2431.07085,,0.581123,,4862.141602,
Sample,25/04/2023 14:17,23,,,12798172,11.515446,3204835,1.045693,0.03,2770.699951,2428.873091,,0.581011,,4857.746094,
Sample,25/04/2023 14:17,23,,,12797521,11.522736,3205002,1.045748,0.0168,2763.600098,2422.87187,,0.581901,,4845.743652,
Sample,25/04/2023 14:17,23,,,12796880,11.529913,3204941,1.045728,0.0144,2759.899902,2419.744243,,0.581576,,4839.488281,
Sample,25/04/2023 14:17,23,,,12796306,11.536341,3205193,1.045811,0.0108,2759.5,2419.406222,,0.582917,,4838.8125,
Sample,25/04/2023 14:17,23,,,12795732,11.542768,3204915,1.04572,0.0014,2751.300049,2412.475132,,0.581437,,4824.950195,
Sample,25/04/2023 14:17,23,,,12795157,11.549206,3204981,1.045741,0.0455,2747.699951,2409.432114,,0.581789,,4818.864258,
Sample,25/04/2023 14:17,23,,,12794629,11.555118,3204857,1.0457,0.0322,2744,2406.304693,,0.581128,,4812.609375,
Sample,25/04/2023 14:18,23,,,12794087,11.561187,3205006,1.045749,0.0374,2737.399902,2400.725895,,0.581922,,4801.45166,
Sample,25/04/2023 14:18,23,,,12793550,11.567199,3205069,1.04577,0.0192,2730.899902,2395.231706,,0.582257,,4790.463379,
Sample,25/04/2023 14:18,23,,,12793033,11.572988,3204558,1.045602,0.0352,2727.399902,2392.273296,,0.579535,,4784.546387,
Sample,25/04/2023 14:18,23,,,12792540,11.578508,3205078,1.045773,0.0303,2724.199951,2389.568506,,0.582305,,4779.137207,
Sample,25/04/2023 14:18,23,,,12792075,11.583714,3204734,1.04566,1.3068,2609.100098,2292.279215,,0.580473,,4584.558594,
Sample,25/04/2023 14:18,23,9421372,5.707566,12791658,11.588383,3204942,1.045728,0.1131,2109.5,1869.987284,,0.581581,,3739.974609,
Sample,25/04/2023 14:18,23,,,12791249,11.592962,3204775,1.045674,0.1405,1656.900024,1487.422671,,0.580692,,2974.845459,
Sample,25/04/2023 14:18,23,,,12791033,11.595381,3204872,1.045705,0.1685,1341.900024,1221.165801,,0.581208,,2442.331543,
Sample,25/04/2023 14:18,23,,,12790656,11.599602,3204701,1.045649,0.2119,1146,1055.579365,,0.580297,,2111.158691,
Sample,25/04/2023 14:18,23,,,12790238,11.604282,3204809,1.045685,0.2152,1349.900024,1227.92788,,0.580873,,2455.855713,
Sample,25/04/2023 14:18,23,,,12789758,11.609656,3205010,1.045751,0.199,1151.099976,1059.89017,,0.581943,,2119.780273,
Sample,25/04/2023 14:18,23,,,12789280,11.615007,3204842,1.045696,0.2366,1330.900024,1211.867942,,0.581048,,2423.73584,
Sample,25/04/2023 14:18,23,,,12788791,11.620482,3205047,1.045763,0.2096,1269.800049,1160.222583,,0.58214,,2320.445068,
Sample,25/04/2023 14:18,23,,,12788317,11.625789,3204622,1.045623,0.2416,1684.800049,1511.005443,,0.579876,,3022.010986,
Sample,25/04/2023 14:18,23,,,12787793,11.631655,3205038,1.04576,0.2359,1936.900024,1724.095445,,0.582092,,3448.190918,
Sample,25/04/2023 14:18,23,,,12787233,11.637925,3204884,1.045709,0.2247,1858.300049,1657.658037,,0.581272,,3315.316162,
Sample,25/04/2023 14:18,23,,,12786664,11.644295,3204972,1.045738,0.2197,1448.199951,1311.016867,,0.581741,,2622.033691,
Sample,25/04/2023 14:18,23,,,12786126,11.650318,3204821,1.045689,0.2422,1913.599976,1704.400848,,0.580937,,3408.801758,
Sample,25/04/2023 14:18,23,,,12785593,11.656285,3204912,1.045719,0.2117,1241.5,1136.301686,,0.581421,,2272.603271,
Sample,25/04/2023 14:18,23,,,12785073,11.662106,3205099,1.04578,0.2068,1326,1207.726148,,0.582417,,2415.452393,
Sample,25/04/2023 14:18,23,,,12784553,11.667927,3204859,1.045701,0.2426,1903.199951,1695.610124,,0.581139,,3391.220215,
Sample,25/04/2023 14:18,23,,,12784089,11.673122,3205049,1.045764,0.2241,1636.699951,1470.348359,,0.582151,,2940.696777,
Sample,25/04/2023 14:18,23,,,12783648,11.678059,3205045,1.045762,0.2311,2348.600098,2072.089009,,0.58213,,4144.178223,
Sample,25/04/2023 14:18,23,,,12783244,11.682581,3205020,1.045754,0.2359,2080.800049,1845.728366,,0.581996,,3691.456787,
Sample,25/04/2023 14:18,23,,,12782861,11.686869,3204813,1.045686,0.2434,1691.599976,1516.753149,,0.580894,,3033.506348,
Sample,25/04/2023 14:18,23,9421309,5.707219,12782503,11.690876,3204957,1.045733,0.2188,1230.5,1127.003827,,0.581661,,2254.007568,
Sample,25/04/2023 14:18,23,,,12782105,11.695332,3204875,1.045706,0.1869,1131.5,1043.323097,,0.581224,,2086.64624,
Sample,25/04/2023 14:18,23,,,12781780,11.69897,3205141,1.045794,0.1885,1133.900024,1045.351741,,0.582641,,2090.703369,
Sample,25/04/2023 14:18,23,,,12781446,11.702709,3204972,1.045738,0.209,1151.599976,1060.3128,,0.581741,,2120.625488,
Sample,25/04/2023 14:18,23,,,12781139,11.706145,3205040,1.045761,0.2189,1406.300049,1275.60056,,0.582103,,2551.201172,
Sample,25/04/2023 14:18,23,,,12780804,11.709895,3205013,1.045752,0.2047,2422.199951,2134.300015,,0.581959,,4268.600098,
Sample,25/04/2023 14:18,23,,,12780450,11.713858,3204998,1.045747,0.2464,1940.199951,1726.88474,,0.581879,,3453.769531,
Sample,25/04/2023 14:18,23,,,12780104,11.717731,3204868,1.045704,0.2681,2628.199951,2308.423555,,0.581187,,4616.847168,
Sample,25/04/2023 14:18,23,,,12779798,11.721157,3205112,1.045784,0.2416,1737.199951,1555.29698,,0.582486,,3110.593994,
Sample,25/04/2023 14:18,23,,,12779473,11.724795,3205037,1.04576,0.2611,2215.699951,1959.753844,,0.582087,,3919.507568,
Sample,25/04/2023 14:18,23,,,12779191,11.727951,3204898,1.045714,0.237,2421.800049,2133.961993,,0.581347,,4267.923828,
Sample,25/04/2023 14:18,23,,,12778851,11.731757,3205023,1.045755,0.3401,2654.5,2330.653932,,0.582012,,4661.308105,
Sample,25/04/2023 14:18,23,,,12778530,11.73535,3204671,1.045639,0.222,1278,1167.153673,,0.580137,,2334.307373,
Sample,25/04/2023 14:18,23,,,12778219,11.738831,3204953,1.045732,0.1939,1108.800049,1024.135738,,0.58164,,2048.271484,
Sample,25/04/2023 14:18,23,,,12777922,11.742156,3204882,1.045709,0.1641,1266.5,1157.433184,,0.581261,,2314.866455,
Sample,25/04/2023 14:18,23,,,12777584,11.745939,3204990,1.045744,0.1881,1210.5,1110.098629,,0.581837,,2220.197266,
Sample,25/04/2023 14:18,23,,,12777265,11.74951,3204924,1.045723,0.1474,1473.199951,1332.148365,,0.581485,,2664.296631,
Sample,25/04/2023 14:18,23,,,12776912,11.753461,3205028,1.045757,0.1437,1463.300049,1323.780374,,0.582039,,2647.560791,
Sample,25/04/2023 14:18,23,,,12776655,11.756338,3204901,1.045715,0.1422,1679.199951,1506.271905,,0.581363,,3012.543701,
Sample,25/04/2023 14:18,23,,,12776334,11.759931,3205108,1.045783,0.1085,1826.099976,1630.440606,,0.582465,,3260.881104,
Sample,25/04/2023 14:18,23,9421265,5.706977,12776049,11.763121,3204933,1.045725,0.1058,1972.599976,1754.271182,,0.581533,,3508.54248,
Sample,25/04/2023 14:18,23,,,12775695,11.767083,3204953,1.045732,0.1281,2089.399902,1852.997477,,0.58164,,3705.994873,
Sample,25/04/2023 14:18,23,,,12775389,11.770509,3205143,1.045794,0.107,2040.300049,1811.495339,,0.582651,,3622.990723,
Sample,25/04/2023 14:18,23,,,12775056,11.774236,3204987,1.045743,0.1151,2047.099976,1817.243045,,0.581821,,3634.486084,
Sample,25/04/2023 14:18,23,,,12774759,11.77756,3204993,1.045745,0.1155,2120.5,1879.285143,,0.581853,,3758.570312,
Sample,25/04/2023 14:18,23,,,12774446,11.781064,3205074,1.045772,0.1126,2064.899902,1832.288609,,0.582284,,3664.577148,
Sample,25/04/2023 14:18,23,,,12774149,11.784388,3205002,1.045748,0.1047,2301.5,2032.277185,,0.581901,,4064.554443,
Sample,25/04/2023 14:18,23,,,12773818,11.788093,3204980,1.045741,0.1031,2401.699951,2116.972187,,0.581783,,4233.944336,
Sample,25/04/2023 14:18,23,,,12773507,11.791574,3205066,1.045769,0.106,2257.899902,1995.423771,,0.582241,,3990.847656,
Sample,25/04/2023 14:18,23,,,12773181,11.795222,3205098,1.04578,0.0934,2336.800049,2062.114901,,0.582412,,4124.22998,
Sample,25/04/2023 14:18,23,,,12772843,11.799006,3205006,1.045749,0.0879,2539,2233.026413,,0.581922,,4466.052734,
Sample,25/04/2023 14:18,23,,,12772520,11.802621,3205045,1.045762,0.1004,2323.5,2050.872903,,0.58213,,4101.745605,
Sample,25/04/2023 14:18,23,,,12772203,11.806169,3205050,1.045764,0.1177,2355.300049,2077.752209,,0.582156,,4155.504395,
Sample,25/04/2023 14:18,23,,,12771892,11.80965,3204982,1.045742,0.0849,2455.399902,2162.362602,,0.581794,,4324.725098,
Sample,25/04/2023 14:18,23,,,12771601,11.812907,3205192,1.045811,0.0839,2549.600098,2241.98625,,0.582912,,4483.972656,
Sample,25/04/2023 14:19,23,,,12771316,11.816096,3205083,1.045775,0.0958,2455.399902,2162.362602,,0.582332,,4324.725098,
Sample,25/04/2023 14:19,23,,,12771000,11.819633,3205029,1.045757,0.1046,2694.199951,2364.210709,,0.582044,,4728.421387,
Sample,25/04/2023 14:19,23,,,12770678,11.823237,3205109,1.045783,0.0982,2692.399902,2362.6892,,0.58247,,4725.378418,
Sample,25/04/2023 14:19,23,,,12770379,11.826584,3205181,1.045807,0.0998,2669.300049,2343.16382,,0.582854,,4686.327637,
Sample,25/04/2023 14:19,23,,,12770119,11.829494,3205042,1.045761,0.0804,2695,2364.886958,,0.582114,,4729.773926,
Sample,25/04/2023 14:19,23,9421199,5.706614,12769913,11.831799,3205085,1.045775,0.0885,2666,2340.374421,,0.582343,,4680.749023,
Sample,25/04/2023 14:19,23,,,12769632,11.834944,3205125,1.045789,0.0886,2685.199951,2356.60337,,0.582555,,4713.206543,
Sample,25/04/2023 14:19,23,,,12769399,11.837552,3205012,1.045751,0.0876,2717.100098,2383.567284,,0.581954,,4767.134766,
Sample,25/04/2023 14:19,23,,,12769144,11.840406,3205264,1.045834,0.0887,2598.600098,2283.403986,,0.583295,,4566.808105,
Sample,25/04/2023 14:19,23,,,12768868,11.843495,3205048,1.045763,0.114,2719.600098,2385.680434,,0.582145,,4771.36084,
Sample,25/04/2023 14:19,23,,,12768630,11.846159,3205149,1.045796,0.0886,2686,2357.279619,,0.582683,,4714.559082,
Sample,25/04/2023 14:19,23,,,12768391,11.848833,3205245,1.045828,0.106,2635.5,2314.593994,,0.583194,,4629.187988,
Sample,25/04/2023 14:19,23,,,12768161,11.851408,3204982,1.045742,0.0837,2706.899902,2374.945468,,0.581794,,4749.891113,
Sample,25/04/2023 14:19,23,,,12767929,11.854004,3205043,1.045762,0.081,2710.199951,2377.734867,,0.582119,,4755.469727,
Sample,25/04/2023 14:19,23,,,12767657,11.857048,3205095,1.045779,0.1016,2684.100098,2355.673707,,0.582396,,4711.347656,
Sample,25/04/2023 14:19,23,,,12767400,11.859924,3205026,1.045756,0.091,2735,2398.697354,,0.582028,,4797.394531,
Sample,25/04/2023 14:19,23,,,12767174,11.862454,3205047,1.045763,0.0828,2723.100098,2388.638844,,0.58214,,4777.277832,
Sample,25/04/2023 14:19,23,,,12766916,11.865341,3205209,1.045816,0.0973,2736.100098,2399.627223,,0.583003,,4799.254395,
Sample,25/04/2023 14:19,23,,,12766667,11.868128,3205130,1.04579,0.0685,2759.199951,2419.152603,,0.582582,,4838.305176,
Sample,25/04/2023 14:19,23,,,12766422,11.87087,3205152,1.045797,0.0738,2716.300049,2382.891035,,0.582699,,4765.782227,
Sample,25/04/2023 14:19,23,,,12766175,11.873634,3205204,1.045815,0.0698,2729.899902,2394.386446,,0.582976,,4788.772949,
Sample,25/04/2023 14:19,23,,,12765928,11.876398,3205192,1.045811,0.0826,2694.699951,2364.633339,,0.582912,,4729.266602,
Sample,25/04/2023 14:19,23,,,12765695,11.879006,3205094,1.045778,0.0687,2697.5,2367.000108,,0.58239,,4734,
Sample,25/04/2023 14:19,23,,,12765418,11.882106,3205100,1.04578,0.0813,2669.199951,2343.079211,,0.582422,,4686.158203,
Sample,25/04/2023 14:19,23,,,12765144,11.885172,3205018,1.045753,0.0776,2647.399902,2324.652504,,0.581986,,4649.305176,
Sample,25/04/2023 14:19,23,9421147,5.706329,12764875,11.888183,3205149,1.045796,0.099,2636.100098,2315.101232,,0.582683,,4630.202637,
Sample,25/04/2023 14:19,23,,,12764540,11.891932,3205183,1.045808,0.0832,2640.5,2318.820293,,0.582864,,4637.640625,
Sample,25/04/2023 14:19,23,,,12764302,11.894595,3205194,1.045811,0.0963,2699.600098,2368.775236,,0.582923,,4737.550293,
Sample,25/04/2023 14:19,23,,,12764040,11.897528,3205116,1.045786,0.0845,2721.100098,2386.948324,,0.582508,,4773.896484,
Sample,25/04/2023 14:19,23,,,12763760,11.900661,3205179,1.045806,0.1132,3124.5,2727.926087,,0.582843,,5455.852051,
Sample,25/04/2023 14:19,23,,,12763468,11.903929,3205232,1.045824,0.1022,3213.199951,2802.900599,,0.583125,,5605.80127,
Sample,25/04/2023 14:19,23,,,12763253,11.906335,3205090,1.045777,0.0956,2959.699951,2588.627213,,0.582369,,5177.254395,
Sample,25/04/2023 14:19,23,,,12763006,11.909099,3205150,1.045797,0.0892,3390.600098,2952.84983,,0.582689,,5905.699707,
Sample,25/04/2023 14:19,23,,,12762731,11.912177,3205171,1.045804,0.1096,3607.600098,3136.27123,,0.5828,,6272.54248,
Sample,25/04/2023 14:19,23,,,12762466,11.915142,3205398,1.045878,0.1202,3563.300049,3098.826175,,0.584009,,6197.652344,
Sample,25/04/2023 14:19,23,,,12762235,11.917727,3205039,1.04576,0.0945,3605.199951,3134.242482,,0.582098,,6268.484863,
Sample,25/04/2023 14:19,23,,,12761987,11.920503,3205184,1.045808,0.1224,3676,3194.086925,,0.58287,,6388.173828,
Sample,25/04/2023 14:19,23,,,12761665,11.924106,3205094,1.045778,0.1,3769.800049,3273.372345,,0.58239,,6546.744629,
Sample,25/04/2023 14:19,23,,,12761408,11.926982,3205293,1.045844,0.0817,3748.399902,3255.283659,,0.58345,,6510.567383,
Sample,25/04/2023 14:19,23,,,12761109,11.930328,3205112,1.045784,0.1139,3775.600098,3278.274894,,0.582486,,6556.549805,
Sample,25/04/2023 14:19,23,,,12760943,11.932186,3205155,1.045798,0.1059,3721.199951,3232.292631,,0.582715,,6464.585449,
Sample,25/04/2023 14:19,23,,,12760718,11.934704,3205197,1.045812,0.1023,3803.100098,3301.519541,,0.582939,,6603.039062,
Sample,25/04/2023 14:19,23,,,12760545,11.93664,3205246,1.045828,0.0956,3744.800049,3252.240847,,0.5832,,6504.481934,
Sample,25/04/2023 14:19,23,,,12760379,11.938497,3205147,1.045796,0.0895,3767.199951,3271.174587,,0.582673,,6542.349121,
Sample,25/04/2023 14:19,23,,,12760205,11.940444,3205104,1.045782,0.1161,3739.600098,3247.845537,,0.582444,,6495.690918,
Sample,25/04/2023 14:19,23,9421090,5.706015,12760077,11.941877,3205265,1.045835,0.1112,3765.300049,3269.568675,,0.583301,,6539.137207,
Sample,25/04/2023 14:19,23,,,12759849,11.944428,3205130,1.04579,0.1147,3756.399902,3262.045738,,0.582582,,6524.091309,
Sample,25/04/2023 14:19,23,,,12759587,11.94736,3204978,1.04574,0.084,3759.100098,3264.328105,,0.581773,,6528.65625,
Sample,25/04/2023 14:19,23,,,12759337,11.950158,3205115,1.045785,0.0956,3778.600098,3280.810673,,0.582502,,6561.621582,
Sample,25/04/2023 14:19,23,,,12759182,11.951892,3205047,1.045763,0.1037,3801,3299.744413,,0.58214,,6599.48877,
Sample,25/04/2023 14:19,23,,,12759005,11.953873,3205235,1.045825,0.1162,3753.300049,3259.425556,,0.583141,,6518.851074,
Sample,25/04/2023 14:19,23,,,12758787,11.956312,3205157,1.045799,0.086,3790.699951,3291.038194,,0.582726,,6582.076172,
Sample,25/04/2023 14:19,23,,,12758606,11.958338,3205085,1.045775,0.106,3754.600098,3260.524436,,0.582343,,6521.048828,
Sample,25/04/2023 14:19,23,,,12758388,11.960777,3205074,1.045772,0.0949,3715.699951,3227.643702,,0.582284,,6455.287598,
Sample,25/04/2023 14:19,23,,,12758146,11.963485,3205103,1.045781,0.1097,3803.600098,3301.942171,,0.582438,,6603.884277,
Sample,25/04/2023 14:19,23,,,12757958,11.965589,3204992,1.045745,0.1118,3752.399902,3258.664699,,0.581847,,6517.32959,
Sample,25/04/2023 14:19,23,,,12757787,11.967503,3205068,1.04577,0.0828,3767.600098,3271.512814,,0.582252,,6543.025391,
Sample,25/04/2023 14:19,23,,,12757578,11.969841,3205140,1.045793,0.113,3795.199951,3294.841864,,0.582635,,6589.683594,
Sample,25/04/2023 14:19,23,,,12757370,11.972169,3205121,1.045787,0.1086,3763.800049,3268.300785,,0.582534,,6536.601562,
Sample,25/04/2023 14:19,23,,,12757177,11.974329,3205119,1.045787,0.0886,3738.800049,3247.169288,,0.582524,,6494.338379,
Sample,25/04/2023 14:20,23,,,12756927,11.977126,3204955,1.045733,0.0968,3782.399902,3284.022496,,0.58165,,6568.044922,
Sample,25/04/2023 14:20,23,,,12756792,11.978637,3205084,1.045775,0.0958,3719.600098,3230.940339,,0.582337,,6461.880859,
Sample,25/04/2023 14:20,23,,,12756540,11.981457,3205127,1.045789,0.0926,3803.899902,3302.195584,,0.582566,,6604.391113,
Sample,25/04/2023 14:20,23,,,12756283,11.984332,3205200,1.045813,0.1046,3809.300049,3306.760111,,0.582955,,6613.52002,
Sample,25/04/2023 14:20,23,,,12756028,11.987186,3204962,1.045735,0.1148,3760,3265.088757,,0.581688,,6530.177734,
Sample,25/04/2023 14:20,23,9421056,5.705828,12755913,11.988473,3204985,1.045743,0.0889,3890.300049,3375.226163,,0.58181,,6750.452148,
Sample,25/04/2023 14:20,23,,,12755745,11.990353,3205166,1.045802,0.0962,3832,3325.94747,,0.582774,,6651.89502,
Sample,25/04/2023 14:20,23,,,12755698,11.990879,3205017,1.045753,0.1132,3801.399902,3300.082434,,0.58198,,6600.165039,
Sample,25/04/2023 14:20,23,,,12755472,11.993407,3205150,1.045797,0.0908,3773.5,3276.499765,,0.582689,,6552.999512,
Sample,25/04/2023 14:20,23,,,12755358,11.994683,3205058,1.045767,0.0964,3773.899902,3276.837787,,0.582199,,6553.675781,
Sample,25/04/2023 14:20,23,,,12755175,11.996731,3205058,1.045767,0.1029,3838.399902,3331.357051,,0.582199,,6662.713867,
Sample,25/04/2023 14:20,23,,,12754962,11.999114,3205033,1.045758,0.1118,3820.600098,3316.311589,,0.582066,,6632.623047,
Sample,25/04/2023 14:20,23,,,12754924,11.999539,3205130,1.04579,0.0955,3799.899902,3298.814544,,0.582582,,6597.628906,
Sample,25/04/2023 14:20,23,,,12754902,11.999786,3204982,1.045742,0.116,3761.300049,3266.187636,,0.581794,,6532.375488,
Sample,25/04/2023 14:20,23,,,12754825,12.000647,3205069,1.04577,0.0955,3836.699951,3329.92015,,0.582257,,6659.840332,
Sample,25/04/2023 14:20,23,,,12754588,12.003299,3204893,1.045712,0.1005,3773.300049,3276.330755,,0.58132,,6552.661621,
Sample,25/04/2023 14:20,23,,,12754303,12.006488,3205016,1.045753,0.0951,3817.5,3313.691201,,0.581975,,6627.382324,
Sample,25/04/2023 14:20,23,,,12754139,12.008323,3205020,1.045754,0.1098,3721.600098,3232.630859,,0.581996,,6465.261719,
Sample,25/04/2023 14:20,23,,,12753857,12.011479,3204834,1.045693,0.0882,3824.899902,3319.946042,,0.581006,,6639.89209,
Sample,25/04/2023 14:20,23,,,12753447,12.016066,3205067,1.04577,0.107,3705.5,3219.022092,,0.582247,,6438.043945,
Sample,25/04/2023 14:20,23,,,12753146,12.019435,3205078,1.045773,0.1172,3843,3335.245329,,0.582305,,6670.490723,
Sample,25/04/2023 14:20,23,,,12752897,12.022221,3204960,1.045734,0.1081,3783.5,3284.952364,,0.581677,,6569.904785,
Sample,25/04/2023 14:20,23,,,12752557,12.026025,3204992,1.045745,0.0953,3787.5,3288.333404,,0.581847,,6576.666992,
Sample,25/04/2023 14:20,23,,,12752275,12.029181,3204973,1.045739,0.0929,3815,3311.578051,,0.581746,,6623.15625,
Sample,25/04/2023 14:20,23,,,12752229,12.029695,3204992,1.045745,0.094,3791.300049,3291.545433,,0.581847,,6583.09082,
Sample,25/04/2023 14:20,23,9420998,5.705509,12752286,12.029057,3205053,1.045765,0.1028,3737.199951,3245.816789,,0.582172,,6491.633789,
Sample,25/04/2023 14:20,23,,,12752105,12.031083,3204939,1.045727,0.0898,3814.399902,3311.070813,,0.581565,,6622.141602,
Sample,25/04/2023 14:20,23,,,12751879,12.033611,3204959,1.045734,0.1002,3802.800049,3301.265922,,0.581672,,6602.531738,
Sample,25/04/2023 14:20,23,,,12751650,12.036174,3204980,1.045741,0.0995,3863.300049,3352.404146,,0.581783,,6704.808105,
Sample,25/04/2023 14:20,23,,,12751517,12.037662,3205113,1.045785,0.0837,3849.399902,3340.65491,,0.582492,,6681.310059,
Sample,25/04/2023 14:20,23,,,12751366,12.039352,3204998,1.045747,0.0983,3837.800049,3330.850018,,0.581879,,6661.700195,
Sample,25/04/2023 14:20,23,,,12751218,12.041008,3204859,1.045701,0.1084,3714.5,3226.629431,,0.581139,,6453.258789,
Sample,25/04/2023 14:20,23,,,12750983,12.043637,3204930,1.045724,0.091,3770.699951,3274.132996,,0.581517,,6548.266113,
Sample,25/04/2023 14:20,23,,,12750774,12.045976,3204863,1.045702,0.0927,3774.699951,3277.514036,,0.58116,,6555.027832,
Sample,25/04/2023 14:20,23,,,12750541,12.048583,3205013,1.045752,0.0976,3784.600098,3285.882233,,0.581959,,6571.764648,
Sample,25/04/2023 14:20,23,,,12750378,12.050406,3204865,1.045703,0.098,3737,3245.647779,,0.581171,,6491.29541,
Sample,25/04/2023 14:20,23,,,12750210,12.052286,3204956,1.045733,0.1182,3760.399902,3265.426778,,0.581656,,6530.853516,
Sample,25/04/2023 14:20,23,,,12749951,12.055184,3204906,1.045717,0.0819,3675.699951,3193.833305,,0.581389,,6387.666504,
Sample,25/04/2023 14:20,23,,,12749849,12.056325,3205060,1.045767,0.0758,3739.600098,3247.845537,,0.582209,,6495.690918,
Sample,25/04/2023 14:20,23,,,12749696,12.058037,3204980,1.045741,0.1037,3653.399902,3174.983968,,0.581783,,6349.967773,
Sample,25/04/2023 14:20,23,,,12749600,12.059112,3204863,1.045702,0.0877,3686.800049,3203.215773,,0.58116,,6406.431641,
Sample,25/04/2023 14:20,23,,,12749360,12.061797,3205022,1.045755,0.0961,3788.5,3289.178664,,0.582007,,6578.357422,
Sample,25/04/2023 14:20,23,,,12749217,12.063397,3204810,1.045685,0.1049,3582.399902,3114.970515,,0.580878,,6229.940918,
Sample,25/04/2023 14:20,23,,,12749107,12.064628,3204925,1.045723,0.0908,3639.399902,3163.150329,,0.581491,,6326.300781,
Sample,25/04/2023 14:20,23,,,12748838,12.067638,3205053,1.045765,0.1104,3610.199951,3138.468782,,0.582172,,6276.9375,
Sample,25/04/2023 14:20,23,9420948,5.705234,12748747,12.068656,3204833,1.045693,0.0804,3296.899902,2873.648812,,0.581,,5747.297852,
Sample,25/04/2023 14:20,23,,,12748622,12.070054,3204935,1.045726,0.0969,3585.899902,3117.928925,,0.581544,,6235.85791,
Sample,25/04/2023 14:20,23,,,12748418,12.072337,3205012,1.045751,0.0871,3458.300049,3010.073885,,0.581954,,6020.147949,
Sample,25/04/2023 14:20,23,,,12748336,12.073254,3204697,1.045648,0.1011,2964.100098,2592.346481,,0.580276,,5184.692871,
Sample,25/04/2023 14:20,23,,,12748199,12.074787,3204947,1.04573,0.0861,3589.800049,3121.225562,,0.581608,,6242.451172,
Sample,25/04/2023 14:20,23,,,12748173,12.075078,3204794,1.04568,0.1106,3322.899902,2895.62557,,0.580793,,5791.250977,
Sample,25/04/2023 14:20,23,,,12748030,12.076678,3205168,1.045803,0.102,3198.800049,2790.728939,,0.582784,,5581.458008,
Sample,25/04/2023 14:20,23,,,12747580,12.081713,3204834,1.045693,0.0868,3264.300049,2846.093463,,0.581006,,5692.187012,
Sample,25/04/2023 14:20,23,,,12747290,12.084958,3204988,1.045744,0.0813,3109,2714.824558,,0.581826,,5429.648926,
Sample,25/04/2023 14:20,23,,,12747035,12.087811,3204814,1.045686,0.0958,3058.899902,2672.476955,,0.580899,,5344.954102,
Sample,25/04/2023 14:20,23,,,12746742,12.091089,3205029,1.045757,0.0947,3214.800049,2804.253098,,0.582044,,5608.506348,
Sample,25/04/2023 14:20,23,,,12746520,12.093573,3204962,1.045735,0.1094,3037.699951,2654.557486,,0.581688,,5309.114746,
Sample,25/04/2023 14:20,23,,,12746565,12.093069,3204815,1.045687,0.0896,2808.399902,2460.739349,,0.580905,,4921.478516,
Sample,25/04/2023 14:20,23,,,12746435,12.094524,3204942,1.045728,0.1094,2894.600098,2533.600917,,0.581581,,5067.20166,
Sample,25/04/2023 14:20,23,,,12746301,12.096023,3204795,1.04568,0.1118,2934.600098,2567.411314,,0.580798,,5134.822754,
Sample,25/04/2023 14:21,23,,,12746184,12.097332,3204943,1.045729,0.0897,2862.300049,2506.298981,,0.581586,,5012.598145,
Sample,25/04/2023 14:21,23,,,12745924,12.100241,3204883,1.045709,0.0859,2855.699951,2500.720183,,0.581267,,5001.44043,
Sample,25/04/2023 14:21,23,,,12745867,12.100879,3204833,1.045693,0.089,2886.800049,2527.007849,,0.581,,5054.015625,
Sample,25/04/2023 14:21,23,,,12745751,12.102177,3204836,1.045694,0.0732,2832.300049,2480.941184,,0.581016,,4961.882324,
Sample,25/04/2023 14:21,23,,,12745711,12.102624,3204885,1.04571,0.0674,2822.699951,2472.826606,,0.581277,,4945.65332,
Sample,25/04/2023 14:21,23,9420894,5.704938,12745713,12.102602,3204836,1.045694,0.0768,2869.199951,2512.131192,,0.581016,,5024.262207,
Sample,25/04/2023 14:21,23,,,12745540,12.104538,3204791,1.045679,0.0796,2840.899902,2488.210295,,0.580777,,4976.42041,
Sample,25/04/2023 14:21,23,,,12745205,12.108286,3204787,1.045677,0.0699,2811.300049,2463.190726,,0.580755,,4926.381348,
Sample,25/04/2023 14:21,23,,,12744936,12.111296,3204910,1.045718,0.0934,2813.600098,2465.134865,,0.581411,,4930.269531,
Sample,25/04/2023 14:21,23,,,12744879,12.111933,3204773,1.045673,0.1004,2830,2478.997045,,0.580681,,4957.994141,
Sample,25/04/2023 14:21,23,,,12744516,12.115995,3204802,1.045682,0.0865,2800.800049,2454.315497,,0.580835,,4908.630859,
Sample,25/04/2023 14:21,23,,,12744356,12.117785,3204909,1.045718,0.0838,2825.300049,2475.024365,,0.581405,,4950.048828,
Sample,25/04/2023 14:21,23,,,12744568,12.115413,3204777,1.045674,0.084,2841.300049,2488.548523,,0.580702,,4977.097168,
Sample,25/04/2023 14:21,23,,,12744634,12.114674,3204780,1.045675,0.0703,2839.399902,2486.942406,,0.580718,,4973.884766,
Sample,25/04/2023 14:21,23,,,12744468,12.116532,3204965,1.045736,0.0643,2822.800049,2472.911215,,0.581704,,4945.822266,
Sample,25/04/2023 14:21,23,,,12744324,12.118143,3204719,1.045655,0.0644,2880.199951,2521.429051,,0.580393,,5042.85791,
Sample,25/04/2023 14:21,23,,,12744306,12.118344,3204856,1.0457,0.0696,2875,2517.033741,,0.581123,,5034.067383,
Sample,25/04/2023 14:21,23,,,12744246,12.119015,3204925,1.045723,0.0927,2901.800049,2539.686747,,0.581491,,5079.373535,
Sample,25/04/2023 14:21,23,,,12743937,12.122473,3204676,1.045641,0.0764,2915.100098,2550.928745,,0.580164,,5101.857422,
Sample,25/04/2023 14:21,23,,,12743763,12.124419,3204789,1.045678,0.0682,2896.899902,2535.54485,,0.580766,,5071.089844,
Sample,25/04/2023 14:21,23,,,12743664,12.125527,3204915,1.04572,0.0713,2940.5,2572.398265,,0.581437,,5144.796387,
Sample,25/04/2023 14:21,23,,,12743668,12.125482,3204640,1.045629,0.0559,2935.300049,2568.002954,,0.579972,,5136.005859,
Sample,25/04/2023 14:21,23,,,12743571,12.126568,3204831,1.045692,0.0848,2926.300049,2560.395615,,0.58099,,5120.791016,
Sample,25/04/2023 14:21,23,,,12743688,12.125259,3204890,1.045711,0.07,2963.600098,2591.923851,,0.581304,,5183.847656,
Sample,25/04/2023 14:21,23,,,12743734,12.124744,3204669,1.045639,0.0511,2946.100098,2577.131803,,0.580127,,5154.263672,
Sample,25/04/2023 14:21,23,9420841,5.704646,12743786,12.124162,3204760,1.045669,0.0702,2965.600098,2593.614371,,0.580612,,5187.228516,
Sample,25/04/2023 14:21,23,,,12743629,12.125919,3204852,1.045699,0.0764,2948.199951,2578.906725,,0.581102,,5157.813477,
Sample,25/04/2023 14:21,23,,,12743650,12.125684,3204732,1.045659,0.0602,2952.100098,2582.203362,,0.580462,,5164.406738,
Sample,25/04/2023 14:21,23,,,12743650,12.125684,3204792,1.045679,0.0613,2977.5,2603.672881,,0.580782,,5207.345703,
Sample,25/04/2023 14:21,23,,,12743457,12.127843,3204735,1.04566,0.0585,2972,2599.023952,,0.580478,,5198.047852,
Sample,25/04/2023 14:21,23,,,12743337,12.129186,3204823,1.045689,0.0757,2981,2606.631291,,0.580947,,5213.262695,
Sample,25/04/2023 14:21,23,,,12743402,12.128458,3204661,1.045636,0.0772,2979.300049,2605.19439,,0.580084,,5210.388672,
Sample,25/04/2023 14:21,23,,,12743326,12.129309,3204798,1.045681,0.0669,2959.600098,2588.542811,,0.580814,,5177.085449,
Sample,25/04/2023 14:21,23,,,12742855,12.134578,3204751,1.045666,0.0782,2970.800049,2598.009681,,0.580564,,5196.019531,
Sample,25/04/2023 14:21,23,,,12742412,12.139535,3204767,1.045671,0.0652,2965,2593.107132,,0.580649,,5186.214355,
Sample,25/04/2023 14:21,23,,,12742021,12.143909,3204715,1.045654,0.0838,2985.800049,2610.688579,,0.580372,,5221.376953,
Sample,25/04/2023 14:21,23,,,12741887,12.145408,3204716,1.045654,0.0877,2990.199951,2614.407641,,0.580377,,5228.81543,
Sample,25/04/2023 14:21,23,,,12741846,12.145867,3204589,1.045612,0.0613,2965.699951,2593.698773,,0.579701,,5187.397461,
Sample,25/04/2023 14:21,23,,,12741767,12.146751,3204763,1.04567,0.0661,2987.199951,2611.871861,,0.580628,,5223.743652,
Sample,25/04/2023 14:21,23,,,12741633,12.14825,3204621,1.045623,0.0744,2994.100098,2617.704278,,0.579871,,5235.408691,
Sample,25/04/2023 14:21,23,,,12741504,12.149693,3204908,1.045717,0.0775,2994.5,2618.042299,,0.5814,,5236.084473,
Sample,25/04/2023 14:21,23,,,12741399,12.150868,3204694,1.045647,0.0762,3002.600098,2624.888987,,0.58026,,5249.777832,
Sample,25/04/2023 14:21,23,,,12741317,12.151785,3204849,1.045698,0.0733,2999.600098,2622.353207,,0.581086,,5244.706543,
Sample,25/04/2023 14:21,23,,,12741397,12.15089,3204685,1.045644,0.0702,2998.199951,2621.16972,,0.580212,,5242.339355,
Sample,25/04/2023 14:21,23,,,12741254,12.15249,3204738,1.045661,0.0693,2983.100098,2608.406419,,0.580494,,5216.812988,
Sample,25/04/2023 14:21,23,9420800,5.704421,12740884,12.15663,3204680,1.045642,0.072,2986.100098,2610.942199,,0.580185,,5221.884277,
Sample,25/04/2023 14:21,23,,,12740848,12.157033,3204545,1.045598,0.0535,3013.399902,2634.017629,,0.579466,,5268.035156,
Sample,25/04/2023 14:21,23,,,12740737,12.158274,3204845,1.045697,0.0526,2996.300049,2619.563808,,0.581064,,5239.127441,
Sample,25/04/2023 14:21,23,,,12740327,12.162861,3204591,1.045613,0.0708,2981.300049,2606.88491,,0.579711,,5213.77002,
Sample,25/04/2023 14:21,23,,,12740144,12.164909,3204706,1.045651,0.071,3018.199951,2638.074918,,0.580324,,5276.149902,
Sample,25/04/2023 14:21,23,,,12739906,12.167571,3204613,1.04562,0.073,3015.800049,2636.046377,,0.579828,,5272.092773,
Sample,25/04/2023 14:21,23,,,12739507,12.172035,3204630,1.045626,0.085,3008.5,2629.875938,,0.579919,,5259.751953,
Sample,25/04/2023 14:21,23,,,12739313,12.174206,3204453,1.045568,0.0575,3021.100098,2640.526295,,0.578976,,5281.052734,
Sample,25/04/2023 14:21,23,,,12739173,12.175772,3204564,1.045604,0.0743,2997.100098,2620.240058,,0.579567,,5240.47998,
Sample,25/04/2023 14:21,23,,,12738884,12.179005,3204749,1.045665,0.0745,2998.100098,2621.085318,,0.580553,,5242.17041,
Sample,25/04/2023 14:21,23,,,12738739,12.180627,3204481,1.045577,0.0787,3006.899902,2628.52344,,0.579125,,5257.046875,
Sample,25/04/2023 14:21,23,,,12738708,12.180974,3204780,1.045675,0.0739,3022.600098,2641.794185,,0.580718,,5283.588379,
Sample,25/04/2023 14:21,23,,,12738624,12.181914,3204629,1.045626,0.0771,3014.399902,2634.862889,,0.579914,,5269.725586,
Sample,25/04/2023 14:21,23,,,12738504,12.183257,3204737,1.045661,0.0658,3027.699951,2646.104887,,0.580489,,5292.209961,
Sample,25/04/2023 14:21,23,,,12738283,12.185729,3204634,1.045627,0.0842,3023.699951,2642.723847,,0.57994,,5285.447754,
Sample,25/04/2023 14:22,23,,,12738008,12.188806,3204696,1.045648,0.0744,3030.600098,2648.556265,,0.580271,,5297.112305,
Sample,25/04/2023 14:22,23,,,12737725,12.191972,3204685,1.045644,0.0454,3015.100098,2635.454736,,0.580212,,5270.909668,
Sample,25/04/2023 14:22,23,,,12737708,12.192162,3204803,1.045683,0.0609,3031.899902,2649.654937,,0.580841,,5299.310059,
Sample,25/04/2023 14:22,23,,,12737549,12.193941,3204678,1.045642,0.0536,3002.100098,2624.466357,,0.580175,,5248.932617,
Sample,25/04/2023 14:22,23,,,12737518,12.194287,3204572,1.045607,0.0815,2997.399902,2620.493471,,0.57961,,5240.986816,
Sample,25/04/2023 14:22,23,9420737,5.704074,12737596,12.193415,3204666,1.045638,0.067,2942,2573.666154,,0.580111,,5147.33252,
Sample,25/04/2023 14:22,23,,,12737419,12.195395,3204339,1.04553,0.0918,2861.5,2505.622732,,0.578368,,5011.245605,
Sample,25/04/2023 14:22,23,,,12737268,12.197084,3204403,1.045551,0.0887,2831.100098,2479.926913,,0.578709,,4959.854004,
Sample,25/04/2023 14:22,23,,,12737116,12.198785,3204379,1.045543,0.0651,3036.699951,2653.712226,,0.578581,,5307.424316,
Sample,25/04/2023 14:22,23,,,12737195,12.197901,3204591,1.045613,0.0711,3022.399902,2641.624968,,0.579711,,5283.25,
Sample,25/04/2023 14:22,23,,,12737188,12.197979,3204655,1.045634,0.0567,3036.300049,2653.374205,,0.580052,,5306.748535,
Sample,25/04/2023 14:22,23,,,12737339,12.19629,3204722,1.045656,0.07,3021.300049,2640.695306,,0.580409,,5281.390625,
Sample,25/04/2023 14:22,23,,,12737437,12.195194,3204607,1.045618,0.0627,2934.300049,2567.157694,,0.579796,,5134.31543,
Sample,25/04/2023 14:22,23,,,12737562,12.193795,3204591,1.045613,0.0692,2824.100098,2474.010094,,0.579711,,4948.02002,
Sample,25/04/2023 14:22,23,,,12737527,12.194187,3204454,1.045568,0.0829,2807.5,2459.978697,,0.578981,,4919.95752,
Sample,25/04/2023 14:22,23,,,12737458,12.194959,3204612,1.04562,0.098,2152.199951,1906.07984,,0.579823,,3812.159668,
Sample,25/04/2023 14:22,23,,,12737166,12.198225,3204347,1.045533,0.1364,1835.599976,1638.470575,,0.578411,,3276.941162,
Sample,25/04/2023 14:22,23,,,12736821,12.202085,3204502,1.045584,0.1731,1456.300049,1317.863555,,0.579237,,2635.727051,
Sample,25/04/2023 14:22,23,,,12736579,12.204792,3204299,1.045517,0.2218,1469.699951,1329.189955,,0.578155,,2658.379883,
Sample,25/04/2023 14:22,23,,,12736434,12.206415,3204453,1.045568,0.2768,2957.800049,2587.021302,,0.578976,,5174.04248,
Sample,25/04/2023 14:22,23,,,12736358,12.207265,3204314,1.045522,0.0029,3011.100098,2632.073696,,0.578235,,5264.147461,
Sample,25/04/2023 14:22,23,,,12736298,12.207936,3204289,1.045514,0.0281,3005.899902,2627.67818,,0.578101,,5255.356445,
Sample,25/04/2023 14:22,23,,,12736234,12.208652,3204478,1.045576,0.0313,3000.5,2623.113859,,0.579109,,5246.227539,
Sample,25/04/2023 14:22,23,,,12736226,12.208742,3204329,1.045527,0.0503,2976.899902,2603.165643,,0.578315,,5206.331055,
Sample,25/04/2023 14:22,23,,,12736523,12.205419,3204195,1.045483,0.0927,2930.199951,2563.692046,,0.5776,,5127.384277,
Sample,25/04/2023 14:22,23,9420638,5.70353,12737111,12.198841,3203958,1.045405,0.0224,2982.300049,2607.73017,,0.576336,,5215.460449,
Sample,25/04/2023 14:22,23,,,12737195,12.197901,3204222,1.045492,0.1191,2263,1999.734679,,0.577744,,3999.469238,
Sample,25/04/2023 14:22,23,,,12737240,12.197398,3204214,1.045489,0.096,2794.5,2448.990318,,0.577702,,4897.980469,
Sample,25/04/2023 14:22,23,,,12736893,12.20128,3204080,1.045445,0.0938,3295.800049,2872.71915,,0.576987,,5745.438477,
Sample,25/04/2023 14:22,23,,,12736436,12.206392,3204288,1.045513,0.0905,3862.800049,3351.981516,,0.578096,,6703.962891,
Sample,25/04/2023 14:22,23,,,12736365,12.207187,3204134,1.045463,0.0971,4063.100098,3521.287116,,0.577275,,7042.574219,
Sample,25/04/2023 14:22,23,,,12736391,12.206896,3204388,1.045546,0.0903,4034.100098,3496.774579,,0.578629,,6993.549316,
Sample,25/04/2023 14:22,23,,,12736559,12.205016,3204317,1.045523,0.0389,3652.399902,3174.138708,,0.578251,,6348.277344,
Sample,25/04/2023 14:22,23,,,12736915,12.201033,3204151,1.045468,0.099,3724.600098,3235.166638,,0.577366,,6470.333496,
Sample,25/04/2023 14:22,23,,,12737404,12.195563,3203897,1.045385,0.231,2048,1818.003799,,0.576011,,3636.007568,
Sample,25/04/2023 14:22,23,,,12737691,12.192352,3203453,1.045239,0.0263,2997.199951,2620.32446,,0.573641,,5240.648926,
Sample,25/04/2023 14:22,23,,,12737688,12.192386,3203340,1.045202,0.0407,2999.199951,2622.01498,,0.573037,,5244.029785,
Sample,25/04/2023 14:22,23,,,12737322,12.19648,3203766,1.045342,0.2271,2897.199951,2535.798469,,0.575312,,5071.597168,
Sample,25/04/2023 14:22,23,,,12736782,12.202521,3204600,1.045616,0.0849,2969,2596.488172,,0.579759,,5192.976562,
Sample,25/04/2023 14:22,23,,,12736349,12.207366,3204002,1.045419,0.0813,3362.699951,2929.266955,,0.576571,,5858.533691,
Sample,25/04/2023 14:22,23,,,12736034,12.21089,3204430,1.04556,0.0873,3456.800049,3008.805995,,0.578853,,6017.611816,
Sample,25/04/2023 14:22,23,,,12735637,12.215331,3204343,1.045532,0.0235,3503.199951,3048.025972,,0.578389,,6096.051758,
Sample,25/04/2023 14:22,23,,,12735159,12.220678,3204252,1.045502,0.029,3442,2996.296107,,0.577904,,5992.592285,
Sample,25/04/2023 14:22,23,,,12734634,12.226552,3204342,1.045531,0.0487,3645.100098,3167.968476,,0.578384,,6335.937012,
Sample,25/04/2023 14:22,23,,,12734283,12.230478,3204417,1.045556,0.0517,3681.800049,3198.989473,,0.578784,,6397.979004,
Sample,25/04/2023 14:22,23,9417692,5.687333,12733659,12.237459,3204541,1.045597,0.0828,3758.100098,3263.482845,,0.579445,,6526.96582,
Sample,25/04/2023 14:22,23,,,12732992,12.244921,3204392,1.045548,0.069,3864.100098,3353.080395,,0.578651,,6706.160645,
Sample,25/04/2023 14:22,23,,,12732461,12.250861,3204526,1.045592,0.0955,3997.199951,3465.584365,,0.579365,,6931.168945,
Sample,25/04/2023 14:22,23,,,12732061,12.255336,3204489,1.04558,0.1178,4025.899902,3489.843283,,0.579168,,6979.686523,
Sample,25/04/2023 14:22,23,,,12732052,12.255437,3204212,1.045488,0.1125,4083.5,3538.530336,,0.577691,,7077.060547,
Sample,25/04/2023 14:22,23,,,12731881,12.257349,3204263,1.045505,0.0895,4050,3510.214129,,0.577963,,7020.428223,
Sample,25/04/2023 14:22,23,,,12731526,12.261321,3204392,1.045548,0.1023,3931.399902,3409.966222,,0.578651,,6819.932617,
Sample,25/04/2023 14:22,23,,,12731121,12.265851,3204466,1.045572,0.103,3941.199951,3418.24981,,0.579045,,6836.499512,
Sample,25/04/2023 14:22,23,,,12730684,12.27074,3204319,1.045524,0.0917,4078.399902,3534.219428,,0.578261,,7068.438965,
Sample,25/04/2023 14:22,23,,,12730345,12.274532,3204280,1.045511,0.0815,3962.699951,3436.422898,,0.578053,,6872.845703,
Sample,25/04/2023 14:22,23,,,12730027,12.27809,3204354,1.045535,0.1123,4161,3604.037978,,0.578448,,7208.076172,
Sample,25/04/2023 14:22,23,,,12729859,12.279969,3204155,1.04547,0.0852,4053,3512.749909,,0.577387,,7025.5,
Sample,25/04/2023 14:22,23,,,12729740,12.2813,3204334,1.045529,0.0705,3962.699951,3436.422898,,0.578341,,6872.845703,
Sample,25/04/2023 14:22,23,,,12729505,12.283929,3204200,1.045485,0.0738,3832.399902,3326.285491,,0.577627,,6652.570801,
Sample,25/04/2023 14:22,23,,,12729390,12.285216,3204389,1.045547,0.039,3626.100098,3151.908538,,0.578635,,6303.816895,
Sample,25/04/2023 14:23,23,,,12729227,12.287039,3204293,1.045515,0.0263,3603.199951,3132.551962,,0.578123,,6265.104004,
Sample,25/04/2023 14:23,23,,,12729069,12.288806,3204367,1.045539,0.0841,3448,3001.367666,,0.578517,,6002.735352,
Sample,25/04/2023 14:23,23,,,12728873,12.290999,3204235,1.045496,0.2624,3459,3010.665525,,0.577814,,6021.331055,
