Time,Temp,Lux1,Lux2,IR1,IR2,Accel_X,Accel_Y,Accel_Z,VBAT
07/04/2023 06:19,18.06,0,156.53,65535,15269.4,1.349886,6.453757,7.270161,3.99
07/04/2023 06:49,18.25,0,156.96,65535,15289.7,1.345472,6.44248,7.262316,3.986
07/04/2023 07:19,17.88,0,157.34,65535,15326.9,1.347924,6.466016,7.278496,3.99
07/04/2023 07:49,17.88,0,157.32,65535,15321.9,1.333704,6.443949,7.270161,3.986
07/04/2023 08:19,17.56,0,157.03,65535,15298.9,9.713977,-0.688917,-0.98753,3.986
07/04/2023 08:49,17.5,0,157.78,65535,15336,9.581098,-0.664401,0.134351,3.986
07/04/2023 09:19,17.5,0,157.94,65535,15358,9.758108,0.027949,-0.51583,3.984
07/04/2023 09:49,15.88,0,157.97,65535,15353.75,9.780663,-0.212314,-0.362846,3.984
07/04/2023 10:20,15.38,0,157.88,65535,15341.5,9.683087,-0.153474,-0.600657,3.984
07/04/2023 10:50,15.38,0,157.89,65535,15328.85,0.650181,8.469515,4.96903,3.984
07/04/2023 11:20,15.38,0,157.83,65535,15326.2,9.72035,0.758544,-1.126784,3.982
07/04/2023 11:50,15.94,0,157.53,65535,15304.8,9.74634,0.800713,-1.234167,3.982
07/04/2023 12:20,16.38,0,157.37,65535,15295,-0.135332,8.600431,4.773877,3.98
07/04/2023 12:50,16.38,0,156.68,65535,15250.3,-0.032362,8.49354,4.909209,3.982
07/04/2023 13:20,18.44,0,157.1,65535,15246.65,0.258405,8.483242,4.744948,3.98
07/04/2023 13:50,18.94,0,157.09,65535,15244.35,0.320187,8.533257,4.993056,3.978
07/04/2023 14:20,19.12,418.93,139.08,43070.4,14615.4,6.87103,6.735208,-0.344213,3.976
07/04/2023 14:50,19.12,410.45,138.68,43298.7,14570.3,7.243681,4.860666,4.270797,3.976
07/04/2023 15:20,12.31,426.19,139.62,42879.35,14571.05,8.632792,1.699493,4.279132,3.97
07/04/2023 15:50,10.88,409.85,139.71,43314.7,14520.15,9.100081,0.135822,3.448509,3.974
07/04/2023 16:20,10.88,417.16,140.29,43117.9,14549.65,9.375647,0.70804,1.904942,3.972
07/04/2023 16:50,10.38,418.55,142.44,43064.1,14530.7,9.640918,0.599186,1.567103,3.972
07/04/2023 17:20,10.31,433.36,137.89,42531.8,14501.2,9.757127,0.069137,-0.733047,3.968
07/04/2023 17:50,10.25,415.88,137.8,43150,14479.75,9.760069,0.198094,0.128957,3.968
07/04/2023 18:20,10.25,414.29,139.65,43194.9,14610.4,9.751243,-0.297142,1.045389,3.966
07/04/2023 18:50,10.25,417.2,138.69,43117.2,14608.8,9.265322,1.625452,2.60955,3.966
07/04/2023 19:20,10.25,417.65,137.53,43104.2,14537.2,8.425875,2.320744,4.36494,3.964
07/04/2023 19:50,10.25,427.16,137.02,42915.95,14509.5,7.736465,3.246982,5.04258,3.964
07/04/2023 20:20,10.19,418.34,137.31,43086.35,14529,7.16719,5.056308,4.124187,3.962
07/04/2023 20:50,10.19,427.46,137.23,42842.95,14529.65,7.734015,4.316887,4.033475,3.964
07/04/2023 21:20,10.19,421.99,137.37,42991.3,14539.6,7.53641,5.017081,3.618164,3.96
07/04/2023 21:50,10.38,425.39,137.18,42897.6,14525.2,7.171113,5.48633,3.617673,3.96
07/04/2023 22:20,10.38,422.32,137.27,42979.4,14521.05,9.338873,1.780888,2.071164,3.96
07/04/2023 22:50,10.38,416.61,137.15,43133,14531.5,8.787739,2.557084,3.447528,3.958
07/04/2023 23:20,10.38,450.13,137.11,42203,14510.2,9.523729,0.141706,1.851986,3.958
07/04/2023 23:50,10.38,425.95,136.14,42883,14417.95,9.707112,0.131899,0.779138,3.958
08/04/2023 00:21,10.31,426.15,137.02,42877.55,14521.35,8.767144,1.479333,3.803999,3.958
08/04/2023 00:51,10.31,432.64,136.85,42706.55,14483.9,6.720498,5.197525,4.628249,3.958
08/04/2023 01:21,10.31,425.47,137.03,42897.85,14495.9,7.030878,4.115361,5.329425,3.958
08/04/2023 01:51,10.31,434.54,136.59,42656.8,14465.85,6.01442,6.375304,3.982972,3.958
08/04/2023 02:21,10.25,428.03,136.11,42828,14421.45,5.940379,6.268901,4.359056,3.958
08/04/2023 02:51,10.25,429.38,136.44,42793.65,14459.75,7.253,3.947177,4.695914,3.958
08/04/2023 03:21,10.06,419.14,136.06,43064.65,14400.8,7.879153,2.239348,5.351489,3.956
08/04/2023 03:51,10.06,426.42,136.04,42871.2,14416.2,8.845597,0.25007,4.032985,3.956
08/04/2023 04:21,10.06,434.42,135.65,42662,14379.35,9.583549,-1.19445,1.353318,3.956
08/04/2023 04:51,10,424.24,135.89,42928.5,14390.75,9.153037,-2.406062,2.602685,3.952
08/04/2023 05:21,10,429.92,136.05,42781.1,14406.55,9.648274,-1.352827,0.178481,3.952
08/04/2023 05:51,10,438.9,136.58,42544.15,14460.5,9.670339,-1.216025,-0.836507,3.95
08/04/2023 06:21,10,454.68,137.23,42132.75,14517.9,9.769384,-0.481016,-0.401582,3.95
08/04/2023 06:51,10,443.43,137.82,42422.6,14525.8,9.72967,0.580554,-0.617819,3.948
08/04/2023 07:21,10,464.43,137.58,41881.6,14388,9.350641,2.252587,-1.232206,3.948
08/04/2023 07:51,10,421.64,139.46,42997.75,14572.1,8.491089,4.32032,-1.501888,3.948
08/04/2023 08:21,10.06,429.7,140.73,42783.75,14523.5,7.857087,-1.477372,5.566745,3.944
08/04/2023 08:51,10.12,431.7,140.87,42730.2,14519.15,7.573186,-0.431493,6.291456,3.942
08/04/2023 09:21,10.12,432.86,141.36,42699.75,14466.45,7.711459,-2.839025,5.349037,3.942
08/04/2023 09:51,10.12,437.93,139.61,42530.25,14467.5,6.54741,-1.593581,7.186313,3.944
08/04/2023 10:21,10.31,445.64,138.6,42366.15,14468.4,8.152268,-3.456354,4.485561,3.94
08/04/2023 10:51,10.38,440.6,138.23,42503.3,14548.85,9.404577,1.110603,-2.326137,3.942
08/04/2023 11:21,10.38,431.07,137.69,42748.9,14476.5,9.116262,2.234936,2.363403,3.94
08/04/2023 11:51,10.44,439.29,137.34,42530.8,14465.6,9.691423,0.307438,0.808558,3.94
08/04/2023 12:21,10.44,444.86,137.53,42386.05,14451,9.607575,-0.26478,2.183941,3.938
08/04/2023 12:51,10.44,440.7,137.35,42494.25,14461.65,7.239269,2.257981,6.037955,3.938
08/04/2023 13:21,10.44,446.17,136.87,42353.2,14393.5,6.801402,3.147444,6.225752,3.938
08/04/2023 13:51,10.38,438.97,137.95,42539.05,14435.7,6.333135,2.693396,6.956838,3.934
08/04/2023 14:22,10.31,444.13,137.56,42404.3,14403.2,7.016168,4.077115,5.280391,3.934
08/04/2023 14:52,10.31,445.08,138.14,42379.8,14415.75,7.40451,2.22709,5.816813,3.932
08/04/2023 15:22,10.38,435.59,138.15,42628.35,14404.7,8.28711,0.838959,4.966088,3.93
08/04/2023 15:52,10.38,439.74,138.53,42520.3,14365.7,8.22925,0.397169,5.2647,3.932
08/04/2023 16:22,10.38,446.57,139.08,42341.85,14379.5,9.096159,-1.359692,3.437231,3.932
08/04/2023 16:52,10.44,448.66,137.71,42354.2,14262.3,9.608066,-0.952226,1.574458,3.93
08/04/2023 17:22,10.5,443.22,138.65,42430.5,14354.95,9.612478,-0.634,1.714693,3.928
08/04/2023 17:52,10.5,438.16,138.97,42560.25,14428.4,9.603163,-1.103248,1.286142,3.93
08/04/2023 18:22,10.5,448.13,137.86,42304.75,14386.1,9.703682,-0.968897,0.555547,3.928
08/04/2023 18:52,10.5,467.91,135.84,41614.7,14254.1,9.68799,-1.374402,-0.050504,3.928
08/04/2023 19:22,10.5,461.95,135.76,41945.8,14311.25,9.468809,-2.537471,0.42757,3.926
08/04/2023 19:52,10.5,424.19,134.72,42930,14266,8.865702,-2.924343,3.000344,3.926
08/04/2023 20:22,10.44,446.6,133.81,42343.9,14158.45,6.851416,0.130919,7.129434,3.928
08/04/2023 20:52,10.38,450.53,135.58,42297.85,14367.15,6.066885,-0.496707,7.786479,3.924
08/04/2023 21:22,10.38,448.85,135.94,42282.7,14402.2,7.276045,-1.159636,6.565062,3.92
08/04/2023 21:52,10.38,445.07,135.76,42380.4,14370.7,7.812959,-0.805126,6.013928,3.92
08/04/2023 22:22,10.38,456.58,135.99,42084.15,14387.2,8.681826,-1.468546,4.222744,3.922
08/04/2023 22:52,10.38,444.8,135.73,42387,14361.55,9.119694,-1.853457,3.130283,3.92
08/04/2023 23:22,10.38,451.9,135.99,42192.8,14358.45,9.220213,-2.214832,2.553161,3.916
08/04/2023 23:52,10.5,452.05,134.98,42198.9,14285,9.740946,-0.946832,0.582025,3.916
09/04/2023 00:22,10.5,441.7,135.77,42467.8,14366.55,9.436449,1.509243,1.15032,3.918
09/04/2023 00:52,10.5,450.24,136.19,42247.85,14410.85,8.979459,1.677917,3.204813,3.914
09/04/2023 01:22,10.5,444.08,136.23,42407,14399,7.356458,4.627759,3.502445,3.914
09/04/2023 01:52,10.44,449.5,135.7,42265.25,14356.3,6.511125,3.832439,5.837408,3.916
09/04/2023 02:22,10.31,444.09,135.63,42406.5,14354.1,5.94283,5.877615,4.918525,3.916
09/04/2023 02:52,10.31,423.57,136.04,42954.5,14383.95,6.12033,5.266171,5.050425,3.91
09/04/2023 03:22,10.25,434.81,135.67,42664,14337.95,7.406962,2.222677,6.291947,3.91
09/04/2023 03:52,10.25,446.79,134.54,42337.6,14248.35,7.431969,2.183941,5.777097,3.91
09/04/2023 04:23,10.19,451.46,134.9,42218.75,14278,9.00986,0.646749,3.695146,3.908
09/04/2023 04:53,10.19,438.45,134.71,42564.1,14248.25,9.010839,0.474642,2.605136,3.91
09/04/2023 05:23,10.12,454.42,134.34,42138.55,14228.55,9.665924,0.125525,2.076068,3.906
09/04/2023 05:53,10.12,466.35,134.2,41832.75,14221.3,9.834109,0.498178,0.792378,3.908
09/04/2023 06:23,10.12,448.31,134.67,42305.35,14262.35,9.824303,-0.19172,0.515339,3.906
09/04/2023 06:53,10.12,448.73,135.46,42284.95,14256,9.788018,-0.341271,0.211333,3.906
09/04/2023 07:23,10.19,438.69,137.05,42550.35,14338.65,9.577173,-1.418532,1.228283,3.906
09/04/2023 07:53,10.19,446.39,134.77,42345.75,14194,9.027511,1.372441,3.490187,3.904
09/04/2023 08:23,10.19,451.7,136.63,42198.6,14227.5,8.412145,-0.254973,5.040128,3.906
09/04/2023 08:53,10.25,450.07,138.78,42250.55,14316.1,8.46314,0.009316,4.89646,3.904
09/04/2023 09:23,10.31,460.08,138.96,41856.9,14327.5,6.61998,0.138274,7.22505,3.904
09/04/2023 09:53,10.31,463.51,138.83,41906.5,14296.15,8.069891,-0.567315,5.559881,3.904
09/04/2023 10:23,10.44,459.44,139.54,42009.75,14362.65,7.336844,0.136312,6.482196,3.902
09/04/2023 10:53,10.5,460.62,136.09,41979.15,14147.5,7.481984,0.113267,6.403253,3.902
09/04/2023 11:23,10.5,462.99,136.05,41919.1,14148.85,9.447237,-0.391285,2.414397,3.9
09/04/2023 11:53,10.56,463.45,136.25,41906.75,14145.75,9.699757,-0.654594,1.217005,3.902
09/04/2023 12:23,10.5,460.85,135.84,41973,14162.75,9.747318,-0.300574,-0.404524,3.902
09/04/2023 12:53,10.56,459.41,135.93,42010,14178.3,9.414383,-0.229476,2.429107,3.898
09/04/2023 13:23,10.56,467.54,135.74,41803.3,14153.25,8.903949,-1.330272,4.356605,3.898
09/04/2023 13:53,10.5,465.35,134.81,41858.25,14075.4,7.364794,-2.722817,5.902132,3.9
09/04/2023 14:23,10.44,471.6,135.31,41603.75,14088.4,6.320876,-2.540903,7.207397,3.896
09/04/2023 14:53,10.44,479.39,135.68,41389.85,14118,6.808757,-3.010151,6.559178,3.894
09/04/2023 15:23,10.38,475.07,135.2,41612.25,14110.15,7.516307,-1.349395,6.14828,3.892
09/04/2023 15:53,10.38,475.67,135.34,41598.75,14092,6.110525,-2.324176,7.5217,3.892
09/04/2023 16:23,10.38,471.45,134.14,41689.35,14056.1,8.553851,-0.023046,4.746418,3.892
09/04/2023 16:53,10.38,469.86,134.13,41741.7,14069,9.101553,-0.091202,3.526962,3.894
09/04/2023 17:23,10.38,470.67,133.78,41669.5,14048.65,9.247671,0.015691,3.024861,3.89
09/04/2023 17:53,10.38,475.75,133.44,41504.4,14038.35,9.741926,0.600167,1.173366,3.89
09/04/2023 18:23,10.38,468.09,133.32,41790.05,14048.7,9.680144,0.211333,0.994885,3.886
09/04/2023 18:54,10.31,463.76,133.12,41899.6,14068.05,9.693874,0.318226,0.7811,3.888
09/04/2023 19:24,10.31,474.92,133.8,41595.25,14158,9.716919,-0.277528,0.927709,3.884
09/04/2023 19:54,10.31,476.2,130.51,41583.85,13789.25,9.555109,0.154455,1.902981,3.884
09/04/2023 20:24,10.31,476.94,133.76,41490.6,14165.45,9.015253,0.616838,3.598551,3.884
09/04/2023 20:54,10.31,471.87,132.89,41484.4,14075.7,8.306723,0.253502,5.074941,3.882
09/04/2023 21:24,10.31,478.38,133.44,41266.25,14129.6,7.719794,1.247896,5.834466,3.882
09/04/2023 21:54,10.31,473.68,133.29,41663.65,14114.45,7.689394,0.838959,5.960482,3.882
09/04/2023 22:24,10.31,477.21,133.67,41501.35,14143.25,7.645263,0.312832,6.061491,3.882
09/04/2023 22:54,10.38,481.03,132.88,41371,14073.7,8.382235,0.643316,4.863608,3.882
09/04/2023 23:24,10.38,472.74,133.18,41670.9,14088.55,8.73037,1.330763,4.193323,3.88
09/04/2023 23:54,10.38,476.49,132.94,41151.55,14064,9.530594,0.299103,1.907884,3.88
10/04/2023 00:24,10.44,474.24,132.41,41633.15,14023.75,9.76056,-0.141216,0.169165,3.88
10/04/2023 00:54,10.44,469.7,133.46,41693.45,14143.1,9.648763,-1.570045,0.417763,3.878
10/04/2023 01:24,10.44,479.88,133.39,41423.5,14130.65,8.946608,-2.880213,2.853735,3.878
10/04/2023 01:54,10.44,479.71,133.12,41243.15,14094.6,8.126771,-2.631615,4.923919,3.878
10/04/2023 02:24,10.38,484.6,132.33,41332.75,14018.1,7.320663,-0.3398,6.597914,3.878
10/04/2023 02:54,10.31,479.66,132.09,41429.9,13984.8,7.045097,-2.023112,6.51848,3.878
10/04/2023 03:24,10.31,477.43,132.26,41417.65,14000.05,6.933792,-1.301342,6.950953,3.878
10/04/2023 03:54,10.25,475.42,131.78,41599.6,13957.15,6.756291,-1.940736,6.962721,3.876
10/04/2023 04:24,10.25,476.41,132.16,41579.25,14000.8,7.923773,-2.011834,5.380908,3.874
10/04/2023 04:54,10.25,478.99,132.25,41513.8,13998,8.496973,-1.765687,4.567448,3.872
10/04/2023 05:24,10.19,475.53,132.33,41600.75,14020,9.284937,-1.420493,2.760082,3.87
10/04/2023 05:54,10.19,473.83,132.79,41643.6,14062.5,9.55609,-1.575929,1.483256,3.872
10/04/2023 06:24,10.12,472.65,132.89,41669.6,14080.25,9.666415,-1.482765,-0.370691,3.868
10/04/2023 06:54,10.12,462.56,131.7,41840.65,13941.1,9.687008,-1.219457,-0.769822,3.868
10/04/2023 07:24,10.12,471.61,127.45,41679,13449.65,9.721822,0.363827,0.446203,3.868
10/04/2023 07:54,10.12,470.67,133.12,41664.6,14030.65,9.579137,0.158377,1.795598,3.866
10/04/2023 08:24,10.12,473.26,132.59,41505.95,13974.65,8.963768,-0.375104,4.143309,3.866
10/04/2023 08:55,10.19,477.26,132.7,41557.05,13975.95,7.456487,-0.945361,6.577811,3.868
10/04/2023 09:25,10.25,481.71,131.88,41390.25,13856.75,7.013227,-0.736479,6.887701,3.862
10/04/2023 09:55,10.25,479.19,129.53,41451.7,13665.7,7.532979,4.46742,3.799096,3.862
10/04/2023 10:25,10.31,479.35,124.62,41112.45,13160.45,7.040194,3.595118,5.382871,3.862
10/04/2023 10:55,10.38,446.64,134.99,42312.9,14234.75,6.710691,3.369565,6.116898,3.862
10/04/2023 11:25,10.38,450.79,132.11,42238.8,13940.8,8.916208,3.144012,2.176586,3.862
10/04/2023 11:55,10.38,435.85,134.93,42521.5,14179.65,9.117732,2.635047,2.99397,3.86
10/04/2023 12:25,10.44,466.69,130.95,41631.45,13788.25,9.006428,2.263865,2.373209,3.86
10/04/2023 12:55,10.5,482.1,115.3,41130.25,12165.25,9.578154,-1.14983,0.064234,3.856
10/04/2023 13:25,10.5,481.96,140.27,41361.9,14553.25,9.516374,-2.264846,0.005884,3.856
10/04/2023 13:55,10.56,479.43,132.19,41086.95,13782,9.339362,-1.409216,2.31584,3.854
10/04/2023 14:25,10.56,474.02,133.4,41543.55,13885.5,8.948078,-2.304563,2.64044,3.856
10/04/2023 14:55,10.56,482.29,132.57,41258.45,13786.25,7.798248,-5.13084,3.108708,3.852
10/04/2023 15:25,10.56,453.43,137.95,42176.9,14494.9,7.629574,3.622576,4.914112,3.856
10/04/2023 15:55,10.5,476.07,133.82,40652.25,14091.65,8.044395,3.169019,4.198717,3.852
10/04/2023 16:25,10.5,478.19,132.75,40836.4,13936.25,8.986323,2.352125,3.008681,3.852
10/04/2023 16:55,10.5,452.28,134.27,38997.95,14115.6,8.779894,1.510715,3.557362,3.852
10/04/2023 17:25,10.44,418.3,133.35,43130.45,13980.4,9.711526,0.595754,0.42757,3.852
10/04/2023 17:55,10.5,479.53,134.43,40819.35,14155.6,9.504603,1.007633,1.845121,3.852
10/04/2023 18:25,10.5,448.16,132.95,39118.9,13981.2,9.503623,-0.152984,2.233955,3.852
10/04/2023 18:55,10.5,476.05,132.48,40636.5,13963.9,9.461946,-0.373633,2.645344,3.852
10/04/2023 19:25,10.56,475.3,132.44,40518.85,13974.25,8.825495,-0.810029,4.260499,3.852
10/04/2023 19:55,10.56,472.89,132.4,40345.35,13948.55,7.807565,-1.373912,5.797202,3.852
10/04/2023 20:25,10.56,474.46,131.09,40485.4,13844.65,7.567302,-6.205647,0.157397,3.852
10/04/2023 20:55,10.75,473.71,130.49,40436.25,13785.8,7.04804,-7.227992,-0.892896,3.85
10/04/2023 21:25,10.81,475.6,130.76,40567.65,13836.55,6.566532,6.521913,2.908653,3.85
10/04/2023 21:55,10.88,475.26,130.68,40555.5,13813.95,6.371871,4.892538,5.343154,3.85
10/04/2023 22:25,10.88,473.99,130.21,40476,13776.65,7.592799,3.950119,4.58706,3.848
10/04/2023 22:56,10.81,474.5,130.56,40512.2,13777.5,6.861712,-0.753641,7.130415,3.846
10/04/2023 23:26,10.81,475.67,130.94,40529.5,13830.85,8.307703,-0.880637,5.322559,3.846
10/04/2023 23:56,10.81,471.94,130.94,40240.8,13810.25,7.972807,-0.269193,5.788866,3.846
11/04/2023 00:26,10.75,478.15,130.13,40715.45,13764.4,8.642601,-0.245657,4.387986,3.844
11/04/2023 00:56,10.69,477.35,130.05,40779.4,13759.7,9.450178,0.159358,1.745093,3.844
11/04/2023 01:26,10.69,474.3,130.26,40486.65,13798.05,9.52667,-2.147166,0.080905,3.842
11/04/2023 01:56,10.69,472.47,130.38,40355.05,13764.95,9.438902,0.586438,2.16727,3.84
11/04/2023 02:26,10.62,471.63,130.13,40214.9,13755.05,8.532767,-1.328801,4.779271,3.844
11/04/2023 02:56,10.62,472.52,130.4,40310.35,13800.25,7.937502,-0.59036,5.713354,3.842
11/04/2023 03:26,10.62,474.47,129.99,40407.65,13743.8,7.3746,-0.978704,6.405212,3.838
11/04/2023 03:56,10.62,474.44,129.79,40450.45,13742.95,7.1363,-1.439126,6.871029,3.838
11/04/2023 04:26,10.62,474.37,129.55,40451.75,13734,7.865424,-0.281941,5.528008,3.834
11/04/2023 04:56,10.62,471.95,130.1,40311.35,13747.8,8.246412,-0.956639,5.525558,3.834
11/04/2023 05:26,10.62,470.27,129.87,40191,13720.9,9.187851,-0.292238,3.313667,3.836
11/04/2023 05:56,10.44,468.89,129.79,40054.9,13711.7,9.347209,-0.666852,2.936111,3.836
11/04/2023 06:26,10.44,467.48,130.35,39981.1,13772.75,9.492839,0.736479,2.240329,3.834
11/04/2023 06:56,10.44,467.01,128.69,39947.95,13590.4,9.650233,0.302045,-0.315774,3.832
11/04/2023 07:26,10.44,471.51,129.91,40262.75,13690.65,9.284445,-0.155926,0.848275,3.832
11/04/2023 07:56,10.5,473.65,130.56,40367.55,13722.75,8.988775,-1.349395,2.8606,3.832
11/04/2023 08:26,10.5,469.29,130.95,40093.3,13725.2,9.329066,-1.314091,1.597994,3.83
11/04/2023 08:56,10.5,465.66,130.74,39780.9,13709.15,9.397223,-1.078241,1.927007,3.83
11/04/2023 09:26,10.5,472.36,129.67,40318.65,13664.35,7.902199,-2.180509,5.486331,3.832
11/04/2023 09:56,10.56,471.05,129.98,40242.8,13656.1,6.643025,-2.261904,7.001948,3.828
11/04/2023 10:26,10.56,472.19,130.74,40294,13721.25,7.114726,-1.349885,6.637631,3.83
11/04/2023 10:56,10.62,472.33,130.26,40304.55,13718.3,7.507482,-1.35675,6.210553,3.828
11/04/2023 11:26,10.69,467.95,129.73,39971.15,13689.5,7.59476,-2.128533,5.895759,3.826
11/04/2023 11:56,10.69,470.36,130.05,40072.65,13701.45,8.814709,-0.991943,4.036417,3.824
11/04/2023 12:26,10.69,470.63,129.87,40142.55,13684.9,8.237586,-1.978001,4.820459,3.824
11/04/2023 12:57,10.69,469.36,129.83,40032.85,13718.75,9.515882,-1.06108,2.106468,3.824
11/04/2023 13:27,10.69,471.62,129.72,40205.15,13671.75,9.494308,-0.647729,2.427146,3.824
11/04/2023 13:57,10.69,471.84,130.18,40179.5,13730.75,9.311415,-0.631058,3.329848,3.824
11/04/2023 14:27,10.69,469.31,129.66,40010.45,13698.05,9.638465,0.896818,1.717635,3.82
11/04/2023 14:57,10.69,470.23,129.36,40083.75,13686.7,7.421672,-0.798752,6.456698,3.824
11/04/2023 15:27,10.69,470.37,129.43,40090.3,13697.3,8.129222,-0.100028,5.444161,3.822
11/04/2023 15:57,10.69,473.43,129.16,40328.45,13678.85,7.170133,1.587697,6.351276,3.82
11/04/2023 16:27,10.69,471.48,129.11,40188.4,13684.9,7.306935,-0.776196,6.471899,3.818
11/04/2023 16:57,10.69,469.66,128.74,40002.65,13639,7.925735,-0.798261,5.690799,3.816
11/04/2023 17:27,10.69,471.41,128.76,40159.75,13645.5,9.212857,0.496707,2.820393,3.818
11/04/2023 17:57,10.62,467.45,128.85,39897.1,13631.3,9.028492,-0.922806,4.457122,3.816
11/04/2023 18:27,10.62,471.49,129.26,40178.75,13682.25,9.222174,-0.229476,1.9324,3.816
11/04/2023 18:57,10.62,470.21,129.52,40066.05,13686.85,9.721334,-1.643104,0.10297,3.814
11/04/2023 19:27,10.62,466.09,128.97,39816.6,13648.45,9.59728,0.525636,-0.113757,3.814
11/04/2023 19:57,10.62,463.74,129.65,39661,13691.6,9.431544,1.063041,1.938284,3.812
11/04/2023 20:27,10.62,466.05,128.77,39804.6,13616.75,9.530594,-0.735008,1.864244,3.81
11/04/2023 20:57,10.62,467.27,129.52,39895.55,13686.1,8.25867,0.740892,5.080335,3.812
11/04/2023 21:27,10.62,461.94,129.26,39516.35,13652.8,7.883076,0.896328,5.476033,3.814
11/04/2023 21:57,10.62,459.72,128.63,39355.9,13596.75,6.51897,-0.262818,7.362342,3.808
11/04/2023 22:27,10.62,455.27,128.9,39008.6,13588.15,6.552313,-0.497197,7.835513,3.81
11/04/2023 22:57,10.69,456.77,129,39161.3,13595.55,7.709989,0.449635,6.073748,3.806
11/04/2023 23:27,10.69,452.51,129.01,38815.25,13588,7.306445,1.633298,6.426789,3.808
11/04/2023 23:57,10.69,454.43,128.59,38954.6,13535.45,7.929166,0.733047,5.643236,3.808
12/04/2023 00:27,10.69,463.36,128.01,39615.7,13509.1,8.560225,0.681562,4.308551,3.808
12/04/2023 00:57,10.62,458.87,128.37,39248,13520.3,8.489126,-0.926728,5.477504,3.804
12/04/2023 01:27,10.56,457.24,130.08,39139,13704.9,9.80665,0.745305,0.594283,3.804
12/04/2023 01:57,10.56,466.16,128.32,39739.1,13566.7,9.441353,-3.089585,-0.883089,3.804
12/04/2023 02:27,10.56,461.86,127.72,39412.55,13462.7,9.149115,-0.790906,3.050359,3.804
12/04/2023 02:58,10.56,446.65,127.79,38391.1,13433.45,9.612969,1.315072,0.565844,3.804
12/04/2023 03:28,10.5,448.37,127.55,38440.8,13425.9,9.025552,1.987808,2.58209,3.802
12/04/2023 03:58,10.5,456.59,127.82,39019.15,13447,8.803431,1.634278,3.603944,3.802
12/04/2023 04:28,10.5,460.68,127.71,39326,13444.15,8.136577,1.527876,5.226455,3.8
12/04/2023 04:58,10.56,462.91,127.4,39520.7,13438.9,6.931341,-2.066751,6.744034,3.8
12/04/2023 05:28,10.56,460.8,127.67,39361.4,13462.75,9.425663,2.053022,1.48865,3.8
12/04/2023 05:58,10.5,455.8,127.92,38988.55,13502.5,9.913054,0.3246,0.506513,3.8
12/04/2023 06:28,10.5,461.82,127.65,39410.8,13449.55,9.768894,0.388834,-0.744325,3.8
12/04/2023 06:58,10.5,463.25,127.05,39558.75,13401.75,9.590412,0.260367,-0.699704,3.8
12/04/2023 07:28,10.5,464.1,127.84,39623.6,13481.25,9.651705,-0.353039,-0.336858,3.798
12/04/2023 07:58,10.5,461.07,128,39368.15,13503.25,9.684557,-1.803443,0.187307,3.798
12/04/2023 08:28,10.5,457.13,128.34,39125.75,13526.65,8.37488,-4.165374,2.587975,3.798
12/04/2023 08:58,10.5,456.05,128.28,39068.3,13525.85,8.054201,3.74614,3.989835,3.798
12/04/2023 09:28,10.5,456.72,128.06,39078.2,13496.9,7.648697,5.16271,2.962099,3.798
12/04/2023 09:58,10.5,458.15,127.95,39185.05,13478.65,7.587407,3.679455,4.468891,3.796
12/04/2023 10:28,10.5,458.72,128.06,39191.3,13485.25,7.689886,4.151646,3.837833,3.796
12/04/2023 10:58,10.5,453.07,127.86,38760.4,13442.25,7.338317,1.873561,6.265468,3.796
12/04/2023 11:28,10.5,454.71,127.51,38914.25,13415.25,7.208379,2.907672,5.778079,3.796
12/04/2023 11:58,10.5,455.4,126.86,38976.3,13363.4,8.025272,3.449979,3.859898,3.796
12/04/2023 12:28,10.5,463.24,127.26,39535.35,13415.45,8.324864,2.118237,4.196756,3.794
12/04/2023 12:58,10.5,458.24,126.77,39193.85,13381.55,8.413615,3.649545,-2.488437,3.794
12/04/2023 13:28,10.5,459.99,127.5,39325.45,13452.25,9.140779,2.738997,1.454816,3.79
12/04/2023 13:58,10.5,453.61,127.54,38821.3,13444.55,8.350853,2.396255,2.63946,3.79
12/04/2023 14:28,10.5,458.96,126.89,39292.1,13395.4,7.702143,-3.37741,5.377477,3.79
12/04/2023 14:58,10.44,451.91,127.93,38728.6,13482.3,9.683086,-0.494255,0.036775,3.786
12/04/2023 15:28,10.44,456.77,127.45,39094.25,13464.15,9.171671,0.308909,3.59757,3.788
12/04/2023 15:58,10.44,457.73,127.53,39178.95,13452.25,8.924541,1.239561,-2.712029,3.788
12/04/2023 16:28,10.44,450.81,127.23,38695.6,13384.5,8.528844,-0.278999,5.313243,3.786
12/04/2023 16:59,10.38,458.69,127.9,39264.15,13470.55,9.234922,-2.304072,2.194238,3.786
12/04/2023 17:29,10.38,454.78,126.68,38992.05,13361.5,8.933861,1.85836,-1.726461,3.786
12/04/2023 17:59,10.38,445.64,128.16,38329.9,13447.8,8.803429,-1.024305,3.467141,3.788
12/04/2023 18:29,10.38,445.99,127.89,38404.1,13443.5,8.343497,0.076982,3.95208,3.784
12/04/2023 18:59,10.31,448.63,127.31,38708.05,13395.1,8.775972,1.145907,4.480659,3.784
12/04/2023 19:29,10.31,432.83,127.36,37414.7,13366.25,9.192263,1.045879,2.424204,3.782
12/04/2023 19:59,10.25,444.29,127.13,38208.25,13380.65,8.611712,3.617673,1.984866,3.782
12/04/2023 20:29,10.25,440.87,127.35,37975.8,13384.75,5.664321,-0.420705,8.247393,3.782
12/04/2023 20:59,10.25,438.31,127.6,37831,13403.5,7.981143,0.246147,5.374045,3.78
12/04/2023 21:29,10.19,441,127.43,38015.7,13384,6.536623,4.98374,4.545382,3.78
12/04/2023 21:59,10.19,435.77,127.42,37652.2,13368.65,8.519037,3.590215,1.526405,3.776
12/04/2023 22:29,10.19,433.03,127.21,37440.15,13342.5,4.896461,-6.354709,-4.884692,3.776
12/04/2023 22:59,10.19,437.37,126.67,37794.75,13307.5,5.199487,6.184564,5.351979,3.778
12/04/2023 23:29,10.12,444.64,126.92,38291.5,13373.2,5.8987,-0.495236,7.809035,3.776
12/04/2023 23:59,10.06,439.85,127.52,37985.25,13403.8,7.231425,6.054625,1.60829,3.776
13/04/2023 00:29,10.06,434.15,127.24,37525,13337.75,7.832572,3.872646,4.396812,3.776
13/04/2023 00:59,9.94,439.12,126.55,37939.15,13290.15,7.419221,5.348056,2.428127,3.774
13/04/2023 01:29,9.88,433.82,127.34,37544.8,13341.05,5.81142,5.217137,6.049232,3.774
13/04/2023 01:59,9.81,445.07,126.45,38331,13298.3,8.457747,1.824037,4.304139,3.774
13/04/2023 02:29,9.81,441.78,127.37,38134.65,13365.25,9.783115,0.002452,-0.319206,3.774
13/04/2023 02:59,9.75,438.77,127.01,37926.35,13335.8,9.324653,-0.08826,1.458249,3.774
13/04/2023 03:29,9.69,447.28,125.89,38466.75,13256.05,9.57227,1.997124,-0.940458,3.774
13/04/2023 03:59,9.69,446.72,126.46,38402.95,13287.45,9.607576,-2.356538,-1.891703,3.772
13/04/2023 04:29,9.62,432.54,127.15,37455.4,13309.4,8.825005,0.032362,3.867252,3.772
13/04/2023 04:59,9.62,422.13,126.86,36639.65,13248.35,8.151777,-1.510224,5.489273,3.774
13/04/2023 05:29,9.62,419.88,126.83,36520.5,13250.95,9.737513,-0.336368,1.478352,3.772
13/04/2023 05:59,9.62,419.72,126.12,36395.5,13157.75,9.115282,-0.053937,3.364661,3.77
13/04/2023 06:29,9.69,427.86,126.01,37077.15,13151.05,9.629148,1.176308,1.600445,3.77
13/04/2023 07:00,9.75,422.52,127.29,36673.05,13290.35,9.847838,0.879656,1.06157,3.772
13/04/2023 07:30,9.75,433.73,126.47,37467.45,13228.65,8.797056,-1.317523,3.655429,3.772
13/04/2023 08:00,9.75,441.45,126.33,38036.95,13256.55,9.097138,-2.144224,2.747333,3.77
13/04/2023 08:30,9.81,438.94,126.46,37893.9,13278.45,9.831657,0.641845,1.208179,3.77
13/04/2023 09:00,9.81,448.47,125.6,38552.15,13222.3,9.560993,-2.69879,-0.908586,3.768
13/04/2023 09:30,9.81,439.44,126.09,37853.6,13218.5,9.193734,-1.823547,2.302111,3.768
13/04/2023 10:00,9.81,433.74,127.32,37487.45,13297.25,9.134895,-0.32509,3.165587,3.768
13/04/2023 10:30,9.81,395.68,128.6,34745.25,13270.4,7.848753,2.429597,5.32452,3.766
13/04/2023 11:00,9.81,432.99,126.19,37436.1,13232.75,7.597212,2.668389,5.444161,3.766
13/04/2023 11:30,9.75,425.14,126.99,36866.25,13267.95,8.058125,3.687791,3.800568,3.762
13/04/2023 12:00,9.75,439.79,126.22,37902.45,13245.9,7.90416,3.831949,3.468122,3.764
13/04/2023 12:30,9.75,438.25,125.59,37752.4,13213.45,8.562675,2.604156,3.718192,3.764
13/04/2023 13:00,9.75,443.16,125.41,38120.35,13199.9,8.813237,1.513166,3.029274,3.762
13/04/2023 13:30,9.75,441.49,125.33,37985.7,13193.45,7.869347,3.213149,4.805749,3.76
13/04/2023 14:00,9.81,446.07,125.3,38285,13199.5,8.493051,3.137638,3.252866,3.76
13/04/2023 14:30,9.81,442.8,124.54,38095.4,13109.55,9.823322,-0.045111,2.533058,3.762
13/04/2023 15:00,9.81,428.93,125.34,36984.9,13123.85,9.594337,0.938006,-0.208882,3.76
13/04/2023 15:30,9.81,437.89,124.26,37684.5,13062.9,9.36437,0.424628,-2.360951,3.758
13/04/2023 16:00,9.81,433.91,125.19,37382.95,13159,9.408009,-1.241032,2.017718,3.758
13/04/2023 16:30,9.81,437.02,124.66,37629.45,13104.15,9.448216,0.072079,2.391352,3.758
13/04/2023 17:00,9.81,424.87,125.57,36680.15,13120.85,9.322203,-2.258962,2.457057,3.758
13/04/2023 17:30,9.81,424.56,124.43,36713.15,13019.05,8.937289,-0.459932,3.903537,3.754
13/04/2023 18:00,9.81,439.07,124.03,37774,13045.2,8.955923,0.626155,3.651997,3.758
13/04/2023 18:30,9.81,435.22,122.17,37488.55,12831.1,9.126558,-1.256722,3.070953,3.754
13/04/2023 19:00,9.81,423.83,125.64,36780.8,13151.3,8.77499,-0.303026,3.856956,3.752
13/04/2023 19:30,9.81,439.24,125.6,37810.95,13186.9,9.060365,-0.556037,3.637287,3.752
13/04/2023 20:00,9.88,438.34,125.8,37664.95,13225.2,9.619344,-0.223592,1.35675,3.752
13/04/2023 20:30,9.88,441.28,125.19,37936.4,13162.7,9.561485,-0.779629,1.896116,3.75
13/04/2023 21:01,9.94,450.49,124.23,38554.85,13093.85,9.708582,-0.956639,-0.685975,3.748
13/04/2023 21:31,9.94,454.41,124.26,38847,13100.75,9.578154,-0.749228,-1.854928,3.748
13/04/2023 22:01,9.94,450.07,123.5,38509.7,13023.3,9.331518,-2.435482,-1.915729,3.748
13/04/2023 22:31,9.94,436.82,125.6,37567.2,13195.25,9.303077,2.526683,-0.906134,3.748
13/04/2023 23:01,9.94,419.03,126.02,36296.75,13141.1,9.281505,2.69879,0.755602,3.748
13/04/2023 23:31,9.88,380.41,126.88,33418.75,13082.45,8.737726,3.814296,1.156694,3.748
14/04/2023 00:01,9.88,444.22,124.46,38123.75,13109.45,7.557496,5.502511,2.080481,3.748
14/04/2023 00:31,9.88,449.7,123.81,38539.1,13053.85,7.97771,2.464411,5.033263,3.748
14/04/2023 01:01,9.88,442.53,124.25,37978.65,13092.55,7.075498,-0.414331,6.984296,3.748
14/04/2023 01:31,9.75,449.65,123.42,38515.45,13013.5,9.136857,2.509031,-2.342809,3.746
14/04/2023 02:01,9.75,446.45,123.75,38253.65,13050.85,9.284445,2.963569,-0.471209,3.746
14/04/2023 02:31,9.75,444.28,123.55,38083.7,13032,9.117732,-0.340781,3.876569,3.746
14/04/2023 03:01,9.75,442.06,123.67,37926.95,13010.05,9.416836,0.282432,1.470017,3.746
14/04/2023 03:31,9.81,438.45,123.92,37629.6,13022.8,9.542361,-0.366278,1.299871,3.744
14/04/2023 04:01,9.81,455.95,122.86,38908.6,12955.75,9.816948,0.158377,0.165732,3.744
14/04/2023 04:31,9.81,449.19,123.25,38445.05,13012.75,9.384965,-1.895135,0.520243,3.742
14/04/2023 05:01,9.81,442.57,123.76,37953.55,13034.2,9.151075,-3.138128,1.161598,3.742
14/04/2023 05:31,9.81,436.86,123.97,37583.9,13033.5,9.429585,-2.345751,1.511695,3.742
14/04/2023 06:01,9.81,440.27,123.12,37781.75,12963.6,9.146172,-3.447528,1.159146,3.742
14/04/2023 06:31,9.81,433.3,123.81,37286.55,13015.6,8.503837,-3.898143,3.061636,3.742
14/04/2023 07:01,9.75,433.71,124.13,37312.8,13035.35,9.056932,-2.777733,1.541605,3.738
14/04/2023 07:31,9.75,439.24,123.47,37769.75,13005.5,9.168238,-3.272479,0.995375,3.738
14/04/2023 08:01,9.75,439.88,123.09,37808.25,12959.2,9.468321,0.276057,-1.94613,3.738
14/04/2023 08:31,9.75,438.89,123.54,37711,12999,9.086843,0.55996,-3.490677,3.732
14/04/2023 09:01,9.75,428.34,122.8,36984.35,12878.15,9.688478,-0.079434,-1.080693,3.734
14/04/2023 09:31,9.75,440.94,123.35,37896.9,12995.75,9.566877,-0.123564,-0.418254,3.732
14/04/2023 10:01,9.75,434.44,124.64,37403.9,13106.45,9.364861,-1.461681,-1.852476,3.732
14/04/2023 10:31,9.75,440.87,123.88,37861.6,13023,9.572761,-1.851986,1.13512,3.73
14/04/2023 11:01,9.75,445.71,123.79,38237.45,13014.15,9.6012,-0.696762,1.373912,3.73
14/04/2023 11:32,9.75,442.83,123.26,38055.5,12970.75,9.404087,-2.723797,1.095893,3.73
14/04/2023 12:02,9.75,435.29,123.92,37491.3,13013.5,9.472734,-1.716654,1.736267,3.73
14/04/2023 12:32,9.75,417.32,124.23,36201.7,12962.2,9.145193,-2.556594,2.46245,3.728
14/04/2023 13:02,9.75,428.3,123.62,36982.35,12956.95,8.797056,-2.134908,3.425463,3.726
14/04/2023 13:32,9.75,433.23,123.15,37277.35,12967.75,8.81814,-1.278297,3.832439,3.724
14/04/2023 14:02,9.75,441.13,122.71,37863.05,12899.75,8.206697,-2.513935,4.687579,3.722
14/04/2023 14:32,9.75,440.47,122.56,37802,12894.7,9.069679,-2.690454,2.561497,3.72
14/04/2023 15:02,9.75,438.09,122.33,37644.2,12871.3,9.028983,-3.36172,2.028996,3.722
14/04/2023 15:32,9.75,441.12,122.45,37764.85,12883.05,9.564425,0.182894,1.291046,3.72
14/04/2023 16:02,9.75,434.68,122.53,37336.7,12897.75,9.338381,-0.378537,2.273181,3.72
14/04/2023 16:32,9.75,439.24,122.67,37694.55,12898.2,9.043694,-1.397448,3.478909,3.718
14/04/2023 17:02,9.75,435.26,122.13,37404.2,12865.85,9.147153,-3.236684,2.223658,3.718
14/04/2023 17:32,9.75,433.09,122.44,37239.55,12895.25,8.179235,0.719318,4.939119,3.718
14/04/2023 18:02,9.75,437.96,122.22,37622.55,12877.75,8.174334,3.064088,4.263931,3.714
14/04/2023 18:32,9.75,436.11,121.91,37472.45,12832.9,6.483176,3.123909,6.673917,3.716
14/04/2023 19:02,9.75,425.21,122.49,36714.6,12853.65,6.554765,-1.054705,7.263297,3.712
14/04/2023 19:32,9.75,412.71,122.8,35763.3,12812.1,8.560715,-0.938987,4.561073,3.714
14/04/2023 20:02,9.75,416.69,122.71,36019.35,12822.7,8.698498,-0.906625,4.194304,3.714
14/04/2023 20:32,9.81,421.78,122.11,36433.5,12791.3,8.740667,-0.595754,4.324243,3.71
14/04/2023 21:02,9.81,431.36,122.08,37106.15,12830.2,7.870818,-1.19494,5.772194,3.71
14/04/2023 21:32,9.81,423.37,121.31,36499.05,12758.3,9.406049,-0.81052,2.469805,3.71
14/04/2023 22:02,9.81,439.1,121.39,37659.9,12786.65,9.648763,-1.140513,0.671756,3.71
14/04/2023 22:32,9.81,443.02,120.45,37921.35,12713.05,9.331517,1.029208,2.68408,3.71
14/04/2023 23:02,9.81,437.97,120.09,37631.25,12659.15,9.789489,1.225831,0.135332,3.71
14/04/2023 23:32,9.81,441.68,120.74,37811.9,12736.15,9.633564,-2.094701,0.655084,3.706
15/04/2023 00:02,9.81,441.97,121.28,37887.25,12806.5,9.662492,0.7963,0.238302,3.706
15/04/2023 00:32,9.81,441.53,121.12,37809.7,12787.5,9.458514,-2.74341,-0.126015,3.706
15/04/2023 01:02,9.81,430.98,121.55,37088.35,12790.85,9.267283,-3.431837,0.728634,3.702
15/04/2023 01:33,9.81,421.49,121.57,36428.8,12729.75,8.318981,-5.263229,0.710492,3.704
15/04/2023 02:03,9.81,428.68,121.91,36927.3,12758.9,9.190793,-3.135186,1.524444,3.7
15/04/2023 02:33,9.81,409.97,121.56,35549.3,12703.9,8.633285,-2.908162,3.876079,3.7
15/04/2023 03:03,9.81,417.97,121.88,36155.3,12777.95,8.496972,-4.716019,2.023602,3.7
15/04/2023 03:33,9.75,433.77,121.16,37284.35,12735.4,8.417538,-2.607098,4.298255,3.698
15/04/2023 04:03,9.75,433.94,121.54,37343.5,12773.35,9.051538,-2.082932,2.509521,3.698
15/04/2023 04:33,9.75,436.49,120.36,37429.55,12656.75,9.447729,-2.186883,0.760015,3.698
15/04/2023 05:03,9.69,426.26,120.75,36698.6,12663.25,9.399673,-1.727441,0.487881,3.696
15/04/2023 05:33,9.69,430.58,118.53,36969.95,12445.15,9.555109,-1.7397,-1.808346,3.696
15/04/2023 06:03,9.69,436.32,119.97,37392.25,12647.65,9.770365,-1.237109,1.066473,3.696
15/04/2023 06:33,9.69,423.67,120.75,36521.25,12702.4,9.082918,-2.693396,2.089797,3.694
15/04/2023 07:03,9.69,426.25,120.57,36644.7,12655.9,9.692403,-1.422455,1.305756,3.694
15/04/2023 07:33,9.69,427.48,120.55,36819.05,12650.65,9.075073,-2.224148,2.801269,3.694
15/04/2023 08:03,9.69,431.39,120.57,37084.45,12684,7.304484,-0.993414,6.594481,3.694
15/04/2023 08:33,9.69,433.25,120.34,37164.3,12664.9,7.839928,-1.482275,5.760427,3.694
15/04/2023 09:03,9.69,425.39,120.4,36657.05,12652.5,8.460688,-2.428127,4.437018,3.694
15/04/2023 09:33,9.69,429.8,120.56,36981.45,12655.05,8.076268,-3.269047,4.858705,3.692
15/04/2023 10:03,9.69,418.32,121.21,36084.75,12677.9,9.715939,-1.173366,1.272413,3.694
15/04/2023 10:33,9.75,409.31,121.13,35421.4,12672.4,9.204522,-2.036841,3.028294,3.694
15/04/2023 11:03,9.75,416.41,121.06,36016.55,12663.75,9.767914,-0.391285,1.00273,3.692
15/04/2023 11:33,9.75,420.46,120.49,36285.35,12596.65,9.372213,-1.951033,1.851496,3.692
15/04/2023 12:03,9.75,432.53,119.82,37180.45,12590.45,9.338382,-2.522761,1.258193,3.692
15/04/2023 12:33,9.81,433.63,119.72,37179.55,12554.9,9.669847,0.11817,0.669304,3.692
15/04/2023 13:03,9.81,440.03,120.7,37583.8,12622.35,9.813026,0.415312,0.328032,3.692
15/04/2023 13:33,9.88,439.75,120.39,37553.2,12512.85,9.530102,-2.333002,0.138764,3.692
15/04/2023 14:03,9.88,424.08,121.38,36544.35,12643.95,9.454101,-2.091268,1.182682,3.692
15/04/2023 14:33,9.88,402.95,123.03,35027.4,12806.1,9.36633,-2.393313,1.18023,3.692
15/04/2023 15:04,9.81,417.79,121.86,36107.75,12720.6,9.331518,-1.609762,2.314369,3.692
15/04/2023 15:34,9.81,423.27,120.95,36492.05,12693.65,9.165296,-1.133158,3.062617,3.692
15/04/2023 16:04,9.88,425.14,120.25,36612.25,12628.4,8.76077,-2.412926,3.536769,3.692
15/04/2023 16:34,9.94,427.74,120.28,36811.85,12659,8.469514,-4.186459,3.131263,3.692
15/04/2023 17:04,10,432.09,120.17,37105.2,12651.15,9.197659,-2.426656,2.400177,3.692
15/04/2023 17:34,10,433.81,119.23,37191.3,12556.65,9.536476,-2.235426,0.565844,3.692
15/04/2023 18:04,10.06,426.29,119.51,36659,12583.95,9.668376,-1.584755,0.463855,3.69
15/04/2023 18:34,10.06,426.4,118.93,36700.7,12533.2,9.611008,-0.903193,1.572006,3.69
15/04/2023 19:04,10.06,431.53,119.1,37063.2,12519.75,8.991718,3.766244,-1.191508,3.69
15/04/2023 19:34,10,427.33,119.08,36666,12530.65,9.21727,-0.804636,3.190593,3.688
15/04/2023 20:04,10,419.07,119.43,36128.7,12545.5,8.716642,0.762467,4.275208,3.688
15/04/2023 20:34,10,427.66,120.31,36780.3,12638.8,8.160604,2.621318,4.680714,3.688
15/04/2023 21:04,10,426.52,119.42,36667.55,12565.15,8.150308,3.377901,3.918737,3.684
15/04/2023 21:34,9.94,430.12,119.65,36907.75,12582.6,8.713699,2.55022,3.382804,3.686
15/04/2023 22:04,9.94,438.28,119.14,37507.7,12551.85,8.975536,1.276826,3.709365,3.688
15/04/2023 22:34,9.94,423.18,118.99,36445.25,12523.85,9.219722,-0.622722,3.013093,3.684
15/04/2023 23:04,10,424.26,119.77,36551.5,12618.35,9.062819,-1.071867,3.457825,3.684
15/04/2023 23:34,10,428.79,118.71,36817.65,12517.2,9.476657,-2.10843,1.166991,3.686
16/04/2023 00:04,10,435.21,118.47,37322.35,12492.6,9.350151,-2.776753,1.098345,3.684
16/04/2023 00:34,10.06,439.11,117.46,37610.6,12406.85,9.616892,-1.947111,0.179462,3.684
16/04/2023 01:04,10.06,437.17,118.08,37420.25,12500,9.698777,0.034814,-1.006162,3.682
16/04/2023 01:34,10.12,442.37,117.99,37822.5,12497.4,9.465379,-1.546018,2.083423,3.682
16/04/2023 02:04,10.12,433.47,118.65,37215.15,12518,9.597769,-0.731086,1.790694,3.684
16/04/2023 02:34,10.12,421.07,119.94,36293.45,12561.35,8.970634,-1.033131,3.817729,3.682
16/04/2023 03:04,10.06,421.09,119.61,36313.95,12574.05,9.107435,-0.802184,3.526471,3.682
16/04/2023 03:34,10.06,425.23,119.52,36628.8,12583.8,8.596509,-4.74838,-0.507494,3.68
16/04/2023 04:04,10.06,429.1,117.99,36887.65,12441.25,7.649679,-6.08895,1.49012,3.682
16/04/2023 04:34,10,435.41,117.22,37284.6,12352.75,8.687222,-4.375237,1.231225,3.68
16/04/2023 05:05,10,431.11,119.5,36992.75,12586.55,7.983594,-5.756994,0.635471,3.682
16/04/2023 05:35,10,437,119.18,37418.65,12564.2,8.817159,-4.267854,0.805126,3.682
16/04/2023 06:05,10,427.29,119.14,36673.1,12564.5,9.685048,-1.269471,0.329503,3.678
16/04/2023 06:35,10,431.03,118.6,36944.3,12504.65,9.749769,-0.771783,0.20594,3.68
16/04/2023 07:05,10,431.98,115.79,37015.05,12193.05,9.624739,-0.53103,-1.633298,3.68
16/04/2023 07:35,10,429.51,118.57,36887.95,12479.95,9.414876,1.991241,1.399409,3.68
16/04/2023 08:05,10,417.52,120.39,35987.6,12647.25,9.118712,2.484025,2.045667,3.678
16/04/2023 08:35,10,426.55,119.02,36662.15,12547.25,7.69871,-1.671543,5.963914,3.678
16/04/2023 09:05,10,431.79,119.22,37037.4,12576.4,8.722035,-1.219947,4.29237,3.678
16/04/2023 09:35,9.94,434.01,119.21,37145.7,12587.8,7.38931,-0.614387,6.440026,3.676
16/04/2023 10:05,10,432.17,119.53,37069.35,12600.6,8.167959,-1.288594,5.343644,3.676
16/04/2023 10:35,10,432.09,119.32,37055.55,12580.8,7.842869,-2.416849,5.523106,3.674
16/04/2023 11:05,10.06,434.88,119.23,37227.8,12573.65,9.035849,-1.217496,3.304841,3.672
16/04/2023 11:35,10.12,431.71,119.52,36977.75,12578.9,9.472734,-2.095191,1.79854,3.676
16/04/2023 12:05,10.19,432.88,119.49,37014,12556.9,9.482051,-1.775984,1.642124,3.672
16/04/2023 12:35,10.19,436.28,120.28,37289.15,12547.75,9.55609,-1.772552,1.049312,3.672
16/04/2023 13:05,10.44,439.64,120.94,37406.8,12483.35,9.535496,-1.854928,1.00322,3.672
16/04/2023 13:35,10.56,439.08,123.69,37224.25,12535.3,9.525201,-2.016738,1.305265,3.672
16/04/2023 14:05,10.56,446.32,122.82,37652.75,12455.7,9.710546,-1.231715,-0.084828,3.666
16/04/2023 14:35,10.75,448.41,124.58,37787.15,12574.5,9.691912,1.031169,-0.213295,3.672
16/04/2023 15:05,10.94,435.22,122.87,37202.45,12735.5,9.492836,1.815701,1.164049,3.672
16/04/2023 15:35,10.81,437.12,123.81,37471.7,12957,9.048597,3.225407,0.027949,3.672
16/04/2023 16:05,10.81,434.8,120,37192.5,12582.05,7.584463,-3.724566,5.05827,3.666
16/04/2023 16:35,10.56,434.48,119.33,37219.65,12579.55,7.617806,-2.188844,5.829072,3.666
16/04/2023 17:05,10.56,430.61,118.73,36913.95,12516.25,8.565127,-2.705164,4.072701,3.664
16/04/2023 17:35,10.56,431.3,118.75,36989.5,12532.75,8.654859,-3.454883,3.184219,3.664
16/04/2023 18:05,10.44,434.69,117.47,37206.65,12409.95,9.316809,-2.603176,1.68135,3.666
16/04/2023 18:35,10.5,433.81,117.96,37095.15,12475.5,8.869134,-2.683589,3.16951,3.666
16/04/2023 19:05,10.5,434.15,118.49,37191.5,12524.9,9.311415,-3.187651,0.033343,3.668
16/04/2023 19:36,10.5,430.8,117.08,36916,12373.85,9.709073,0.365298,-0.231927,3.664
16/04/2023 20:06,10.44,422.25,116.99,36348.55,12389.6,9.610518,-0.562902,-1.486688,3.664
16/04/2023 20:36,10.38,446.37,119.48,38054.25,12614.05,8.929935,-0.198585,-3.962376,3.662
16/04/2023 21:06,10.38,434.44,118.5,37165.7,12513.95,8.473926,3.901085,-2.579149,3.662
16/04/2023 21:36,10.38,437.97,119.04,37392.7,12535.95,8.534728,4.327184,-0.568786,3.662
16/04/2023 22:06,10.38,432.4,119.12,37060.75,12574.5,7.699202,5.623622,-0.182894,3.664
16/04/2023 22:36,10.38,437.35,117.7,37410.1,12425.55,8.587685,4.42378,-0.056388,3.664
16/04/2023 23:06,10.44,437.56,118.22,37317.6,12489.2,7.646245,5.735909,0.254483,3.662
16/04/2023 23:36,10.56,439.54,118.4,37515.75,12514.7,8.22876,4.947946,0.127486,3.662
17/04/2023 00:06,10.69,442.78,118.07,37730.55,12485.25,9.383982,2.154521,-0.816894,3.662
17/04/2023 00:36,10.69,439.01,116.69,37448.35,12334.2,9.462438,2.298188,0.724711,3.662
17/04/2023 01:06,10.69,441.86,117.54,37637.15,12427.75,9.648764,0.596244,1.050783,3.662
17/04/2023 01:36,10.69,442.37,117.13,37726.5,12402.75,9.730159,-0.742363,-0.057859,3.662
17/04/2023 02:06,10.69,442.51,116.97,37736.15,12363.85,9.753202,-0.57565,0.424138,3.662
17/04/2023 02:36,10.75,440.09,114.87,37510.3,12109.6,9.610518,-1.971627,0.064234,3.662
17/04/2023 03:06,10.75,437.97,116.7,37362.35,12358.3,9.39477,-2.953272,-0.053937,3.662
17/04/2023 03:36,10.81,436.39,117.75,37270.7,12458.3,9.120185,-3.369075,1.316053,3.66
17/04/2023 04:06,10.81,436.53,118.11,37327.45,12474.4,7.436384,-5.085728,4.131542,3.662
17/04/2023 04:36,10.81,435.41,118.76,37185.25,12521,7.562399,-4.975894,3.92315,3.66
17/04/2023 05:06,10.81,431.33,118.46,36929.4,12479.35,8.175314,-3.675042,4.039849,3.66
17/04/2023 05:36,10.81,433,118.59,37084.65,12508.55,8.636227,-3.282776,3.257769,3.658
17/04/2023 06:06,10.69,434.84,119.8,37190.15,12654.15,7.496693,-4.91166,4.179594,3.66
17/04/2023 06:36,10.62,432.69,119.65,37028.3,12623.9,8.707815,-3.563246,2.881194,3.66
17/04/2023 07:06,10.56,441.43,119.01,37670.9,12579.05,9.311905,-2.850303,1.248387,3.658
17/04/2023 07:36,10.56,442.65,117.87,37731.05,12446.2,9.651215,-1.287123,0.548192,3.656
17/04/2023 08:06,10.5,431.91,117.82,36935.7,12431,9.671318,-1.576419,-0.828172,3.658
17/04/2023 08:36,10.44,434.59,117.82,37146,12444.35,9.555109,-0.762957,-1.889251,3.658
17/04/2023 09:06,10.44,436.26,118.74,37309.3,12519.15,9.105966,-2.130495,-2.914046,3.656
17/04/2023 09:37,10.44,441.82,120.19,37737.7,12668.75,6.75482,-4.736612,-5.505944,3.656
17/04/2023 10:07,10.44,444.09,121.17,37889.95,12762.6,7.316743,-4.917545,-4.458594,3.654
17/04/2023 10:37,10.5,446.36,123.57,37992.05,12973.4,6.289986,-4.068289,-6.499848,3.656
17/04/2023 11:07,10.5,440.17,119.85,37475.85,12601.5,6.238501,-4.162433,-6.452286,3.654
17/04/2023 11:37,10.75,437.26,125.2,37216,13139.05,8.569541,-0.166713,-4.555189,3.654
17/04/2023 12:07,10.75,441.52,90.91,37609.9,9573.45,8.629852,1.613684,-4.057992,3.654
17/04/2023 12:37,10.75,456.51,122.61,38678.45,12745.85,8.411163,3.872646,-2.784108,3.654
17/04/2023 13:07,10.81,442.15,118.57,37490.3,12174.25,9.48205,1.954956,-0.930651,3.654
17/04/2023 13:37,10.94,442.25,112.44,37378.5,11390.85,9.555599,1.515618,-0.946832,3.654
17/04/2023 14:07,11,413.08,134.35,34821.3,13485.55,9.504114,1.890232,0.615858,3.654
17/04/2023 14:37,11,447.21,127.71,37650.05,12541.05,9.739474,-0.285864,0.498668,3.654
17/04/2023 15:07,11.25,444.37,124.04,37378.35,12145.85,9.732611,0.063253,0.558979,3.652
17/04/2023 15:37,11.38,450.28,130.71,37802.75,12574.95,9.548244,-1.998595,0.785022,3.654
17/04/2023 16:07,11.38,434.31,123.31,36923.75,12616.15,9.311413,-2.579639,1.478353,3.654
17/04/2023 16:37,11.38,432.52,122.05,36808.3,12610.25,8.436172,-4.051127,3.066049,3.652
17/04/2023 17:07,11.31,438.97,121.32,37324.05,12544,7.205436,-5.083278,4.581666,3.652
17/04/2023 17:37,11.31,438.92,119.68,37352.5,12557.25,7.294676,-4.815065,4.74936,3.654
17/04/2023 18:07,11.31,440.91,121.23,37530.65,12739.4,7.626142,-4.308551,4.477226,3.652
17/04/2023 18:37,11.31,436.81,120.59,37282.5,12710.95,7.979671,-4.781723,3.328868,3.652
17/04/2023 19:07,11.25,432.68,120.45,36932.45,12686.75,9.176083,-2.625731,2.102055,3.648
17/04/2023 19:37,11.25,437.83,118.73,37331.45,12515.55,9.3477,-2.733603,0.082376,3.652
17/04/2023 20:07,11.12,439.45,118.25,37488.65,12478.85,9.691912,-0.861514,-0.450125,3.652
17/04/2023 20:37,11.06,435.09,119,37266.95,12570.5,9.73408,0.268212,-0.731086,3.65
17/04/2023 21:07,11.06,440.19,120.27,37542.25,12692.8,9.296704,2.799308,-0.355981,3.65
17/04/2023 21:37,11,438.44,119.29,37368.45,12576.85,8.595529,1.854928,4.23255,3.65
17/04/2023 22:07,11,439.29,119.75,37499.05,12635.95,7.045098,3.838813,5.468188,3.648
17/04/2023 22:37,11,440.86,121.84,37599,12824,6.026186,5.198015,5.436808,3.65
17/04/2023 23:07,11,437.5,116.94,37290.3,12365.45,7.310368,3.793212,5.133781,3.648
17/04/2023 23:38,10.94,440.17,117.21,37556.3,12400.15,8.411656,4.240886,2.07852,3.646
18/04/2023 00:08,10.88,438.64,117.63,37420.05,12440.9,8.571504,2.608079,3.689262,3.646
18/04/2023 00:38,10.88,440.26,117.83,37538.95,12466.5,8.576897,3.153328,3.090075,3.648
18/04/2023 01:08,10.94,434.22,116.93,37091.5,12369.3,9.33544,-0.347646,2.786069,3.648
18/04/2023 01:38,10.94,436.54,118,37206.25,12482.65,9.256496,0.496707,2.862071,3.646
18/04/2023 02:08,10.94,438.42,117.79,37368.25,12459.5,9.391829,0.352549,2.554142,3.646
18/04/2023 02:38,10.94,435.47,116.61,37167.6,12347.6,9.658569,-0.346175,1.243483,3.646
18/04/2023 03:08,10.94,436.23,116.91,37188.65,12382.6,9.737022,-0.714905,0.695782,3.646
18/04/2023 03:38,11,433.52,116.76,36941.5,12353.4,9.654648,-1.40039,0.289787,3.646
18/04/2023 04:08,11,440.32,117.35,37425.9,12425.75,9.401636,-2.650247,0.004903,3.644
18/04/2023 04:38,11,439.84,117.94,37456.95,12486.05,8.840696,-4.079566,-0.142196,3.644
18/04/2023 05:08,11,434.99,115.65,37104.75,12247.25,7.86101,-5.897229,-0.847785,3.644
18/04/2023 05:38,11,432.9,116.01,36905.5,12266.3,7.582011,-6.376773,0.030891,3.644
18/04/2023 06:08,11,435.04,116.11,37051,12254.25,7.876702,-5.845744,-0.099537,3.644
18/04/2023 06:38,11.06,434.75,116.18,37031.6,12265.6,7.563379,-6.116899,1.937794,3.644
18/04/2023 07:08,11,434.61,115.51,37002,12190,8.397433,-4.918035,-1.765197,3.644
18/04/2023 07:38,11,439.34,116.29,37341.2,12257.8,9.098611,-3.300918,-0.984588,3.644
18/04/2023 08:08,11.06,433.64,116.8,36943.95,12342.9,9.351131,-2.911104,-0.182894,3.644
18/04/2023 08:38,11.06,432.61,116.08,36874.8,12287.5,9.355052,-0.163281,-2.825296,3.644
18/04/2023 09:08,11.06,436.27,115.96,37109.7,12244.05,9.689461,-0.175049,1.109132,3.644
18/04/2023 09:38,11.06,438.49,116.8,37335.55,12334.95,8.457745,2.438424,4.220783,3.644
18/04/2023 10:08,11,433.66,118.17,36980.3,12467.85,7.705084,3.276892,4.855764,3.644
18/04/2023 10:38,11,436.11,118.49,37125.75,12467.4,7.477571,-5.747678,3.071933,3.642
18/04/2023 11:08,11,434.33,118.26,37048.2,12479.95,6.627335,-5.018064,5.454949,3.642
18/04/2023 11:38,10.88,437.42,119.52,37177,12427.1,6.917121,-5.335798,4.706212,3.642
18/04/2023 12:08,10.88,437.25,118.32,37212.6,12392.75,5.775627,-5.049934,6.318915,3.642
18/04/2023 12:38,10.88,434.26,117.49,36944.55,12303.75,7.885527,-3.196478,-4.930294,3.642
18/04/2023 13:08,10.88,438.24,117.57,37300.85,12402.5,7.871307,4.717978,2.689474,3.644
18/04/2023 13:39,10.88,439.59,118.87,37374,12443.15,8.586703,2.136379,3.999643,3.642
18/04/2023 14:09,10.88,440.29,118.38,37426.7,12423.75,9.236393,1.611233,2.49285,3.642
18/04/2023 14:39,10.88,440.43,122.53,37373.65,12709.15,9.238844,1.597994,2.637989,3.642
18/04/2023 15:09,10.88,439.4,118.13,37334.85,12467.6,9.404088,1.631336,2.066751,3.642
18/04/2023 15:39,10.88,434.57,117.71,37104.2,12365.9,9.692891,-0.524166,1.232696,3.642
18/04/2023 16:09,10.88,430.29,119.14,36719.85,12487.2,9.712015,-0.380988,0.527598,3.642
18/04/2023 16:39,10.88,443.87,121.35,37604.05,12527.25,9.660041,-1.497966,0.074531,3.642
18/04/2023 17:09,10.94,451.57,123.97,38300.45,12705.2,9.493818,-2.000067,1.07726,3.642
18/04/2023 17:39,10.94,440.23,120.06,37402.15,12350.7,7.759022,-1.94662,5.812891,3.642
18/04/2023 18:09,10.94,432.7,117.57,36840,12261.05,6.921535,-2.791954,6.531229,3.642
18/04/2023 18:39,10.94,435.49,117.81,37090.1,12398.7,7.490809,-1.020872,6.48808,3.642
18/04/2023 19:09,10.94,433.96,117.81,37002.9,12436.5,7.944857,-2.384487,4.962165,3.642
18/04/2023 19:39,10.94,434.4,117.43,37030.8,12424.95,8.668588,-2.135398,4.042302,3.642
18/04/2023 20:09,11,431.07,117.2,36719.25,12401.5,9.15843,-2.217284,2.457057,3.642
18/04/2023 20:39,11,436.78,118.03,37211.8,12492.75,9.559032,-0.938006,1.808837,3.64
18/04/2023 21:09,11,436.02,117.28,37109.4,12395.95,9.679653,-1.170424,0.827191,3.642
18/04/2023 21:39,11,435.29,118.67,37068.25,12551.55,9.416346,0.812481,2.293285,3.64
18/04/2023 22:09,10.94,435.7,121.14,37111.25,12775.05,8.461177,2.777734,3.579428,3.64
18/04/2023 22:39,10.94,435.25,117.01,37018.8,12398.8,7.60947,-5.081806,3.552949,3.64
18/04/2023 23:09,10.94,435.43,117.76,37061.35,12457.5,5.891835,-4.000133,6.968606,3.64
18/04/2023 23:39,10.81,428.76,117.59,36651.15,12454.8,6.044329,-4.310023,6.564571,3.64
19/04/2023 00:09,10.69,434.39,117.83,37095.05,12483.9,6.904372,-3.100373,6.321367,3.64
19/04/2023 00:39,10.62,434.33,117.74,37035.75,12469.2,5.987941,-4.427213,6.530739,3.64
19/04/2023 01:09,10.62,435.82,117.22,37101.3,12415.35,7.455995,-6.175738,2.066751,3.64
19/04/2023 01:39,10.56,438.46,112.03,37357.1,11873,8.97946,2.406061,2.759591,3.64
19/04/2023 02:09,10.56,436.53,117.19,37173.3,12415.15,9.454101,1.559258,1.93191,3.64
19/04/2023 02:39,10.56,431.31,115.45,36837,12219,9.227077,1.402351,2.635047,3.64
19/04/2023 03:09,10.56,432.03,107.68,36854.25,11418.5,9.699269,-0.213295,0.824739,3.64
19/04/2023 03:40,10.56,435.94,115.79,37159.75,12269.35,9.642388,0.666852,1.283691,3.64
19/04/2023 04:10,10.56,423.98,119.04,36310,12604.8,9.722314,-0.199565,0.647729,3.638
19/04/2023 04:40,10.56,437.29,116.82,37222.25,12374.25,9.690442,-1.275845,0.736479,3.638
19/04/2023 05:10,10.56,433.9,116.52,36959.6,12331.75,9.300627,-2.66839,1.665659,3.638
19/04/2023 05:40,10.56,435.93,117.52,37123.6,12423.65,8.799017,-2.885116,3.571091,3.638
19/04/2023 06:10,10.56,431.79,118.93,36857.25,12572.6,8.328299,-1.717635,5.037185,3.638
19/04/2023 06:40,10.56,432.84,119.31,36884.45,12597.65,7.740389,1.889251,5.569686,3.636
19/04/2023 07:10,10.56,437.28,119.79,37282.85,12666.5,7.416279,2.661035,5.477994,3.638
19/04/2023 07:40,10.62,439.37,127.66,37451.15,13372.5,8.620535,1.732835,4.085451,3.638
19/04/2023 08:10,10.62,435.83,125.76,37116.95,13126.65,8.100293,1.889251,5.034244,3.638
19/04/2023 08:40,10.69,433.22,127.88,36919.1,13305.8,8.881884,0.630568,3.992287,3.636
19/04/2023 09:10,10.69,435.26,124.67,37010.5,12972.75,9.605123,-0.219179,1.737739,3.638
19/04/2023 09:40,10.69,439.95,124.06,37382.5,12956.75,9.708094,0.237811,1.310168,3.636
19/04/2023 10:10,10.81,434.58,123.1,36957.8,12835.35,8.957886,-1.882387,3.536278,3.636
19/04/2023 10:40,10.81,436.72,126.84,37167.6,13306.5,7.40059,1.235148,6.170344,3.634
19/04/2023 11:10,10.81,436.1,119.39,37108.75,12555.05,7.814429,0.658517,5.791807,3.634
19/04/2023 11:40,10.75,436.45,118.94,37102.05,12304.8,6.288025,0.984587,7.399608,3.634
19/04/2023 12:10,10.69,438.74,118.42,37190.85,12383.65,7.525624,4.412011,4.177633,3.636
19/04/2023 12:40,10.75,434.1,118.75,36887.1,12453.25,6.346374,6.008044,3.947667,3.634
19/04/2023 13:10,10.75,434.2,119.23,36929.25,12499.05,6.788654,3.326416,6.144356,3.636
19/04/2023 13:40,10.75,438.3,120.15,37109.15,12487.75,7.72617,1.448442,5.787885,3.634
19/04/2023 14:10,10.81,435.3,118.72,36999.45,12473.65,8.428816,0.710492,5.022966,3.634
19/04/2023 14:40,10.81,441.03,123.41,37295.4,12665.4,8.872566,0.665872,3.630422,3.634
19/04/2023 15:10,11,436.1,126.09,36763.6,12717.6,9.204031,0.286844,3.131263,3.634
19/04/2023 15:40,11.12,445.87,125.29,37759.9,12935.25,9.178534,0.188288,3.236685,3.636
19/04/2023 16:10,11.12,436.4,131.17,36705.85,13099.7,9.553148,0.779629,2.277104,3.634
19/04/2023 16:40,11.12,432.56,117.72,36637.75,12024.9,9.565897,-0.986549,1.380286,3.634
19/04/2023 17:10,11.25,445.47,124.68,37388,12727.5,9.724275,0.376085,-0.135332,3.634
19/04/2023 17:41,11.38,426.09,121.83,36167.3,12351.25,9.61297,-1.905432,-0.890934,3.634
19/04/2023 18:11,11.38,436.56,121.08,37052.75,12434.75,7.628102,-5.568707,2.998383,3.634
19/04/2023 18:41,11.31,432.24,119.85,36747.8,12527.05,7.951722,-5.093574,2.873839,3.632
19/04/2023 19:11,11.25,431.19,119.15,36683.4,12532.75,8.600923,-4.71945,-1.544547,3.63
19/04/2023 19:41,11.19,432.75,117.76,36833.25,12451.65,8.247392,-5.037187,-1.817662,3.632
19/04/2023 20:11,11.19,432.34,118.48,36803.3,12528,7.629575,-4.671889,-3.86333,3.63
19/04/2023 20:41,11.06,438.45,120.18,37334.4,12688.55,8.768126,-3.31857,-2.682119,3.63
19/04/2023 21:11,11,434.37,120.7,36964.7,12707.45,9.374178,-1.102268,-2.52178,3.628
19/04/2023 21:41,11,430.35,118.48,36686.35,12536.05,9.684556,-1.058137,-0.599186,3.63
19/04/2023 22:11,10.94,431.37,118.3,36684.25,12497.55,9.444295,1.529837,1.328801,3.628
19/04/2023 22:41,10.94,428.2,117.57,36475.9,12441.1,7.156404,-5.503001,4.1134,3.63
19/04/2023 23:11,10.94,432.46,117.63,36759.5,12451.15,6.409627,-2.098623,7.235346,3.628
19/04/2023 23:41,10.94,432.88,117.91,36814,12479.85,6.348334,-3.180787,6.914668,3.628
20/04/2023 00:11,10.81,427.92,117.78,36549.1,12480.75,6.851415,-2.141772,6.756783,3.628
20/04/2023 00:41,10.75,430.39,117.06,36676.4,12398.4,7.745293,-3.21462,5.326481,3.63
20/04/2023 01:11,10.75,430.46,116.91,36731.85,12404.5,7.264276,-4.401715,5.14653,3.63
20/04/2023 01:41,10.69,426.62,115.92,36372.4,12278.8,8.606315,-4.303158,2.114805,3.628
20/04/2023 02:11,10.62,433.76,117.46,37009.15,12438.55,8.644072,-3.841755,-2.77283,3.624
20/04/2023 02:41,10.62,436.39,122.66,37224.75,12991.8,9.102043,3.315138,0.226534,3.624
20/04/2023 03:11,10.62,433.03,118.49,36939.75,12497,8.976027,1.483746,3.439683,3.624
20/04/2023 03:41,10.62,439.7,108.68,37424.2,11474.7,9.562464,0.701666,1.556806,3.624
20/04/2023 04:11,10.56,435.69,117.11,37139.65,12385.4,9.635525,0.389814,1.111093,3.624
20/04/2023 04:41,10.56,432.95,118,36948.55,12484.6,9.712506,0.584967,0.062763,3.624
20/04/2023 05:11,10.56,431.35,117.34,36825.05,12416.55,9.712016,-1.152772,0.337349,3.628
20/04/2023 05:41,10.5,427.95,116.82,36548.95,12354.7,9.589923,-1.717635,0.872792,3.624
20/04/2023 06:11,10.5,435.7,115.91,37086.8,12225.8,8.569541,-2.627202,3.951099,3.624
20/04/2023 06:41,10.5,428.28,117.94,36562.15,12364.35,6.799932,-3.184219,6.565553,3.624
20/04/2023 07:11,10.56,429.41,118.29,36591,12336.8,6.803364,-3.398985,6.672935,3.624
20/04/2023 07:42,10.62,433.31,118.5,36863.55,12328.75,8.147856,-1.446971,5.262248,3.624
20/04/2023 08:12,10.62,431.47,119.85,36738.95,12354.5,7.371168,-2.592388,5.967346,3.624
20/04/2023 08:42,10.81,435.59,119.65,37020,12400.2,8.277303,-2.379584,4.817517,3.624
20/04/2023 09:12,10.81,427.07,119.41,36336.75,12380.45,9.193243,-2.188844,2.486476,3.624
20/04/2023 09:42,10.88,429.67,116.94,36600,12207.85,9.371725,-1.815211,2.282988,3.622
20/04/2023 10:12,10.88,435.8,118.04,37035.3,12321,9.668379,-0.078453,1.140023,3.624
20/04/2023 10:42,10.88,405.22,118.96,34601.75,12410.15,9.58649,1.19445,1.233186,3.622
20/04/2023 11:12,10.81,434.45,118.91,36962.35,12462.65,7.515817,3.669648,4.949416,3.622
20/04/2023 11:42,10.81,437.35,119.08,37176.5,12489.1,6.776885,3.813316,5.864377,3.622
20/04/2023 12:12,10.81,443.21,124.9,37673.25,13017.7,5.816323,4.888616,5.955579,3.622
20/04/2023 12:42,10.81,432.16,125.22,36802.1,12987.4,5.667263,4.544402,6.400801,3.622
20/04/2023 13:12,10.81,438.44,124.37,37342.6,12961.25,5.51526,4.649333,6.601346,3.622
20/04/2023 13:42,10.69,448.97,126.38,38177.75,13116.7,6.475821,3.571582,6.275765,3.62
20/04/2023 14:12,10.69,443.8,126.97,37517.95,13026.6,8.552872,4.332579,-0.865927,3.624
20/04/2023 14:42,10.75,448.93,121.52,38000.25,12505.65,8.873547,3.488716,1.421964,3.62
20/04/2023 15:12,10.75,457.33,120.83,38757.35,12489.05,9.018194,3.12636,1.484236,3.62
20/04/2023 15:42,10.88,448.94,126.42,37881.25,12743.3,9.461456,0.690388,1.818153,3.62
20/04/2023 16:12,10.94,451.79,125.84,38019.9,12552.15,9.669846,0.642826,0.802674,3.622
20/04/2023 16:42,10.94,449.93,124.81,38046.45,12704.2,9.560503,0.995375,1.588187,3.62
20/04/2023 17:12,11.06,453.15,118.58,38519.2,12447.65,9.589924,0.099537,1.439126,3.62
20/04/2023 17:42,11,438.16,122.96,37314.35,12847.95,9.698288,-0.644297,-0.415312,3.618
20/04/2023 18:12,10.88,425.9,118.27,36275.2,12450.6,9.689951,-1.900529,0.694801,3.618
20/04/2023 18:42,10.88,435.22,114.23,37053.25,12095.05,8.694085,-1.57789,4.317378,3.62
20/04/2023 19:12,10.81,430.13,114.72,36644.55,12146.75,8.207676,-1.763236,4.941081,3.618
20/04/2023 19:42,10.81,426.88,116.12,36482.5,12294.1,7.330471,-1.643104,6.437085,3.616
20/04/2023 20:12,10.81,428.22,115.35,36554.55,12224.65,7.207397,-1.752939,6.494944,3.618
20/04/2023 20:42,10.81,432.72,115.06,36909.5,12206.75,8.284169,-0.750699,5.13182,3.618
20/04/2023 21:12,10.75,436.81,116.7,37179.6,12333.3,8.090487,-2.529135,4.896951,3.618
20/04/2023 21:43,10.75,433.61,115.06,36971.65,12195.6,9.302588,-1.639672,2.494322,3.618
20/04/2023 22:13,10.75,436.61,116.73,37225.35,12351.3,9.470283,-1.895625,1.810308,3.618
20/04/2023 22:43,10.75,420.88,116.1,35917.95,12308.6,9.752713,0.041188,-0.138764,3.616
20/04/2023 23:13,10.75,436.35,117.31,37203.4,12432,8.949059,2.027034,2.970924,3.616
20/04/2023 23:43,10.75,433.06,127.05,36942.5,13370.75,7.287812,3.693675,5.315695,3.616
21/04/2023 00:13,10.69,434.1,118.34,37034.45,12505,7.852675,2.302111,5.07396,3.616
21/04/2023 00:43,10.62,432.87,118.76,37044.8,12536,6.226242,4.742496,5.862906,3.616
21/04/2023 01:13,10.62,437.35,121.86,37339.95,12827.55,6.098755,4.588042,5.935475,3.616
21/04/2023 01:43,10.62,448.85,125.87,38307.85,13230.5,6.160048,4.302177,6.048252,3.616
21/04/2023 02:13,10.56,448.76,128.03,38249.45,13450.35,8.386647,2.33055,4.302668,3.616
21/04/2023 02:43,10.56,426.57,114.01,36470.4,11979.45,8.538651,0.699214,4.744948,3.614
21/04/2023 03:13,10.56,370.08,130.88,33739.65,13705.9,8.676925,2.778714,3.246491,3.616
21/04/2023 03:43,10.5,444.86,117.51,38012.45,12394.6,9.556581,0.424138,1.884838,3.614
21/04/2023 04:13,10.5,430.13,117.29,36717.4,12406.7,9.513922,1.251329,1.678408,3.614
21/04/2023 04:43,10.5,426.23,118.17,36455.35,12503.05,9.624737,0.408447,1.626433,3.616
21/04/2023 05:13,10.5,435.59,123.28,37210.75,12992,9.744868,-0.301555,0.225063,3.616
21/04/2023 05:43,10.5,451.81,118.15,38552.7,12486.75,9.734081,-0.54525,0.352059,3.612
21/04/2023 06:13,10.5,444.23,119.52,37890.95,12554.85,9.561482,-1.729893,1.038524,3.612
21/04/2023 06:43,10.5,425.85,117.69,36315.9,12305.7,8.93729,-2.196689,3.477928,3.614
21/04/2023 07:13,10.5,431.67,121.58,36750.05,12598.45,7.037743,-2.786559,6.316955,3.614
21/04/2023 07:43,10.5,430.03,128.01,36556.35,12999.15,7.44521,-2.535509,5.874673,3.614
21/04/2023 08:13,10.5,434.23,126.47,36904.25,12916.6,7.572205,-2.202574,5.8987,3.61
21/04/2023 08:43,10.62,429.38,127.41,36571.55,13047.7,7.74137,-3.084191,5.303436,3.612
21/04/2023 09:13,10.62,432.73,123.53,36844.75,12782.5,8.187082,-2.488928,4.914603,3.612
21/04/2023 09:43,10.62,425.11,124.69,36271.9,12940.75,9.078997,-2.21287,2.899336,3.61
21/04/2023 10:13,10.62,429.05,128.66,36617.75,13152.05,9.220702,-1.363124,2.951311,3.612
21/04/2023 10:43,10.62,429.78,123.52,36691.25,12920.75,9.664455,-1.04735,1.151791,3.61
21/04/2023 11:13,10.62,456.65,120.28,38830.65,12614,9.700249,0.587909,0.409918,3.61
21/04/2023 11:43,10.62,445.37,124.21,37991.75,12984.75,8.085093,2.473237,4.837621,3.612
21/04/2023 12:14,10.62,447.98,124.72,38186.1,12977.75,6.949974,3.085173,6.122292,3.61
21/04/2023 12:44,10.56,452.54,137.87,38406.45,14221.25,5.991374,4.993546,5.775136,3.61
21/04/2023 13:14,10.62,407.93,131.44,34715.65,13652.25,5.718257,5.453969,5.468188,3.612
21/04/2023 13:44,10.62,428.65,118.9,36490.85,12480.45,7.590837,3.458805,4.927842,3.608
21/04/2023 14:14,10.62,436.4,122.71,37072.65,12838.55,7.06471,2.888549,5.897719,3.61
21/04/2023 14:44,10.62,434.84,118.55,36879.7,12351.3,8.128731,1.837766,5.135253,3.608
21/04/2023 15:14,10.62,432.54,120.33,36793.65,12532.4,8.794115,0.558979,4.125658,3.608
21/04/2023 15:44,10.69,434.54,120.92,36844.6,12540.5,8.703402,1.022834,4.308061,3.608
21/04/2023 16:14,10.75,438.27,122.07,37085.9,12563.3,9.460965,1.043918,2.045177,3.608
21/04/2023 16:44,10.81,442.32,123.1,37390.35,12505.15,9.574722,0.557508,1.6078,3.608
21/04/2023 17:14,10.81,435.95,121.7,36972.6,12311.95,9.6723,0.168674,1.013517,3.606
21/04/2023 17:44,10.88,437.06,121.21,37031.65,12349.4,9.714468,-0.901231,0.684995,3.608
21/04/2023 18:14,10.88,437.59,119.73,37126.05,12365.7,9.583548,-1.447952,1.355769,3.606
21/04/2023 18:44,10.88,431.33,118.76,36771.3,12433.95,9.334951,-1.750977,2.432049,3.606
21/04/2023 19:14,10.88,425.99,118.89,36331.9,12524.6,7.014207,-3.019468,6.26792,3.606
21/04/2023 19:44,10.81,433.81,116.93,36968.65,12366.35,6.594973,-3.325435,6.627334,3.606
21/04/2023 20:14,10.75,415.48,120.91,35614.05,12700,7.671743,0.421196,6.069336,3.604
21/04/2023 20:44,10.75,429.91,131.22,36686.85,13678,7.372148,0.233889,6.44591,3.606
21/04/2023 21:14,10.75,427.39,116.45,36512.25,12331,7.277025,-0.272625,6.700883,3.602
21/04/2023 21:44,10.75,429.16,115.92,36560.5,12270.95,6.772962,-0.140725,7.233876,3.606
21/04/2023 22:14,10.75,428.53,115.89,36535.25,12270.3,9.322693,-0.798261,2.810096,3.606
21/04/2023 22:44,10.75,424.49,115.92,36343.65,12260,9.578644,-0.612425,1.808837,3.606
21/04/2023 23:14,10.75,430.62,117.1,36767.65,12375,9.731628,-0.811991,0.295671,3.606
21/04/2023 23:44,10.75,428.78,120.74,36610.05,12705.55,8.300348,-1.623491,-4.952357,3.604
22/04/2023 00:14,10.75,428.95,116.35,36638.1,12304.8,7.812468,-3.172451,-4.937649,3.604
22/04/2023 00:44,10.75,425.89,115.73,36363.1,12277.25,7.157874,-2.160895,6.408646,3.604
22/04/2023 01:14,10.69,427.34,115.58,36460.8,12258.7,6.986748,-2.085384,6.482197,3.602
22/04/2023 01:44,10.69,418.51,115.63,35809.45,12231.9,6.157595,-2.531586,7.316741,3.602
22/04/2023 02:15,10.62,428.11,115.6,36479.55,12255.3,7.426577,-2.409004,5.948714,3.602
22/04/2023 02:45,10.62,424.74,115.4,36261.25,12230.15,7.481004,-2.4041,5.932532,3.6
22/04/2023 03:15,10.56,426.78,114.8,36420.5,12188.05,8.893161,-1.723028,3.747611,3.602
22/04/2023 03:45,10.56,429.91,114.42,36632.25,12149.6,8.732332,-3.56815,2.726739,3.602
22/04/2023 04:15,10.56,422.36,115.38,36080.5,12223.95,9.39477,-0.965955,2.561007,3.6
22/04/2023 04:45,10.56,429.86,115.98,36639.5,12287.25,9.55805,-0.864456,1.983395,3.598
22/04/2023 05:15,10.56,432.21,115.62,36850.35,12213.25,9.683576,-0.895347,0.95811,3.602
22/04/2023 05:45,10.56,410.05,115.69,35231.15,12247.8,9.711525,-0.989001,0.58987,3.598
22/04/2023 06:15,10.56,411.55,116.75,35340.55,12329.75,9.687498,-1.439616,-0.179952,3.596
22/04/2023 06:45,10.56,427.07,115.61,36419.6,12188.95,9.509019,-2.276614,0.700195,3.6
22/04/2023 07:15,10.62,440.97,117.75,37508.65,12365.95,8.59651,-3.8192,2.899336,3.6
22/04/2023 07:45,10.62,429.16,117.02,36560.5,12206.65,6.091891,-5.465737,5.640785,3.596
22/04/2023 08:15,10.69,426.21,119.64,36291.7,12237.55,6.208591,-7.653109,0.421686,3.598
22/04/2023 08:45,10.69,426.22,118.31,36313.75,12219.5,6.733247,-7.247605,0.652142,3.596
22/04/2023 09:15,10.69,427.11,119.59,36294.5,12301.65,7.457466,-6.480234,-0.008826,3.596
22/04/2023 09:45,10.75,437.85,122.66,36967.55,12348,7.46139,-6.485629,-0.624684,3.596
22/04/2023 10:15,10.75,429.35,121.25,36406.05,12480,8.681335,-4.530672,-1.051763,3.596
22/04/2023 10:45,10.88,430.72,121.31,36525.2,12535.8,8.473927,-4.808691,-1.515127,3.596
22/04/2023 11:15,10.88,437.31,120.12,37063.5,12412.95,9.641407,-1.398428,0.952226,3.596
22/04/2023 11:45,10.94,427.28,118.21,36346.1,12350,9.711036,-0.940948,-0.776196,3.596
22/04/2023 12:15,10.94,425.74,118.95,36244.8,12428.05,8.561206,-4.756226,-0.735008,3.596
22/04/2023 12:45,10.88,424.1,120.46,36172.9,12533.25,6.830333,-7.214262,0.25105,3.594
22/04/2023 13:15,10.81,434.94,123.5,36996.55,12862.75,6.981354,-6.987238,0.835527,3.596
22/04/2023 13:45,10.81,416.42,119.82,35627.35,12491.3,5.930082,-7.99242,0.638903,3.594
22/04/2023 14:15,10.75,432.43,123.61,36750.7,12677.25,7.133849,-6.787673,0.681562,3.594
22/04/2023 14:45,10.81,433.36,120.15,36895.75,12453.4,7.407943,-6.493473,1.123842,3.594
22/04/2023 15:15,10.81,437.07,123.99,37166.7,12867.2,7.736959,-6.14877,-0.326561,3.592
22/04/2023 15:45,10.81,442.15,126.17,37576.5,13104.8,8.875999,-3.862349,-1.616136,3.592
22/04/2023 16:16,10.81,438.93,126.83,37261,13099.65,8.906399,-3.178336,-2.613963,3.59
22/04/2023 16:46,10.88,434.67,127.13,36843.5,13196.25,9.318278,-1.343511,-2.503638,3.59
22/04/2023 17:16,10.88,440.5,120.29,37516.55,12622.35,9.714468,-0.040207,-1.130707,3.59
22/04/2023 17:46,10.94,435.77,119.66,37027.6,12536.8,9.715938,0.295671,-0.81101,3.59
22/04/2023 18:16,10.94,439.17,125.77,37416.95,13132.75,9.740456,0.248108,-0.077473,3.588
22/04/2023 18:46,10.94,429.78,118.54,36538.75,12447.95,9.680634,0.335878,0.905154,3.59
22/04/2023 19:16,10.94,433.97,121.72,36985.8,12836.95,9.321219,-0.048543,2.902278,3.588
22/04/2023 19:46,10.88,426.33,117.75,36331.85,12211.85,8.313095,0.104441,5.116129,3.588
22/04/2023 20:16,10.88,418.61,120.87,35763.35,12547.1,7.111292,-0.741383,6.765607,3.588
22/04/2023 20:46,10.88,426.71,120.93,36356.5,12753.3,6.938695,-3.454393,6.080614,3.588
22/04/2023 21:16,10.94,423,118.29,36064.5,12512.25,6.769041,-5.156827,5.015121,3.588
22/04/2023 21:46,11,427.01,114.39,36379.3,12142.7,6.99018,-7.046568,0.463855,3.588
22/04/2023 22:16,11,424.91,114.75,36169.25,12189.35,8.698009,-4.390927,0.536424,3.588
22/04/2023 22:46,11,423.96,115.17,36133.15,12237.5,9.013783,-3.8648,0.184365,3.588
22/04/2023 23:16,10.94,421.61,117.54,35972.8,12444.75,9.464888,-2.326628,0.502591,3.586
22/04/2023 23:46,10.94,420.71,126.18,35909.8,13230.8,9.640428,-0.499158,0.664401,3.586
23/04/2023 00:16,10.94,429.8,121.29,36682.85,12802.75,9.148623,-3.383785,0.314303,3.586
23/04/2023 00:46,10.94,438.88,128.46,37406.4,13485.15,7.807565,-5.876636,-0.58987,3.586
23/04/2023 01:16,10.88,460.65,136.84,39265.9,14238,6.766589,5.705018,3.64121,3.586
23/04/2023 01:46,10.88,455.39,141.13,38809.05,14499.6,5.843293,2.857167,7.182881,3.586
23/04/2023 02:16,10.88,425.12,137.56,36357.85,14166.6,7.205437,3.804,5.2343,3.586
23/04/2023 02:46,10.81,433.89,120.14,37013.65,12306,7.547199,0.035304,6.120821,3.586
23/04/2023 03:16,10.75,432.4,118.37,36906.25,12171.2,8.239548,0.791887,5.080335,3.586
23/04/2023 03:46,10.75,434.87,125.94,38761.85,13172.75,8.931406,1.683311,3.700049,3.586
23/04/2023 04:16,10.75,350.84,134,31380.7,13855.6,9.140288,2.10843,2.601214,3.584
23/04/2023 04:46,10.75,424.84,122.67,36339.65,12914.3,9.660042,0.296161,1.138062,3.584
23/04/2023 05:16,10.75,345.86,132.82,30169,13731.75,9.623266,-1.330763,1.307717,3.586
23/04/2023 05:46,10.75,450.16,134.31,38383.45,13964.3,9.500682,0.703627,2.071165,3.584
23/04/2023 06:17,10.75,427.88,127.25,36555.8,13294.9,9.483521,-2.235426,1.428339,3.584
23/04/2023 06:47,10.75,442.98,127.92,37723.7,13330.7,9.281504,-3.161174,0.094144,3.582
23/04/2023 07:17,10.75,432.68,135.85,36886.85,13987.2,9.139307,-0.455519,3.312196,3.584
23/04/2023 07:47,10.81,435.7,122.62,37464.9,12482.45,8.545025,0.555547,4.950888,3.58
23/04/2023 08:17,10.81,438.97,106.68,37392.5,10932.75,7.34224,-0.64822,6.748446,3.584
23/04/2023 08:47,10.81,422.45,124.93,36001.8,12735.75,6.413059,0.351078,7.355479,3.58
23/04/2023 09:17,10.88,429.56,101.77,36529.9,10346.15,7.441286,0.466797,6.236539,3.578
23/04/2023 09:47,10.94,420.43,109.84,35838.35,11209,7.539351,0.104931,6.241442,3.578
23/04/2023 10:17,11,422.25,124.81,36043.45,12744.2,7.644774,1.197882,6.022754,3.58
23/04/2023 10:47,11,324.9,141.71,28009.95,14511.9,9.038789,0.603599,3.42056,3.578
23/04/2023 11:17,11.06,389.34,137.85,33407.65,14173.75,8.932878,0.032362,3.381823,3.578
23/04/2023 11:47,11,421.94,144.13,36055.15,14727.15,9.449689,-0.700195,1.963782,3.576
23/04/2023 12:17,11,430.76,121.25,36666.2,12716.75,9.660532,-0.790416,1.254761,3.576
23/04/2023 12:47,11,430.82,128.8,36686.9,13358.45,8.792643,-4.221764,0.586928,3.574
23/04/2023 13:17,10.94,434.12,127.66,38887.8,13263.4,7.631045,4.696404,3.683868,3.574
23/04/2023 13:47,10.94,383.27,134.1,32966.75,13823.25,8.148836,4.144781,2.798818,3.574
23/04/2023 14:17,10.94,444.82,121.05,37897.05,12221.9,7.199062,2.118236,6.238501,3.572
23/04/2023 14:47,11,460.55,124.96,39143.05,12565.35,7.837965,2.390861,5.182815,3.572
23/04/2023 15:17,10.94,398.29,136.62,35277.95,13857.75,8.211599,3.198929,4.189401,3.574
23/04/2023 15:47,10.94,447.23,126.74,38146.35,13154.35,8.011053,3.162645,4.294822,3.568
23/04/2023 16:17,10.94,379.8,132.07,32690.25,13693.35,9.301117,2.555613,2.107449,3.568
23/04/2023 16:47,10.94,461.16,122.17,41203.9,12714,9.374667,1.210631,2.095681,3.57
23/04/2023 17:17,10.94,422.89,129.25,36118.25,13301.3,9.947865,0.178481,-1.244464,3.568
23/04/2023 17:47,10.94,432.92,118.15,36886.1,12068,9.719862,-1.145416,-0.522694,3.568
23/04/2023 18:17,10.94,421.84,117.94,35983.5,12358.45,9.250122,1.128745,1.100306,3.568
23/04/2023 18:47,11,419.34,118.52,35866,12437.55,9.391337,0.98753,0.901231,3.568
23/04/2023 19:17,11,445.89,120.86,38054.85,12624.4,8.181199,1.268981,5.064155,3.568
23/04/2023 19:47,11,430.06,98.76,36637.6,10166.2,7.510914,1.716164,6.19241,3.566
23/04/2023 20:18,11,431.46,95.15,36761.4,9721,7.144635,0.555056,6.683722,3.564
23/04/2023 20:48,11.06,420.92,103.01,35925.85,10530.1,7.523662,0.274096,6.458169,3.566
23/04/2023 21:18,11.06,427.65,121.86,36544.35,12759.3,8.314569,1.217496,5.073961,3.564
23/04/2023 21:48,11.12,421.04,86.31,35897.5,8872.75,7.452074,1.778436,5.956559,3.564
23/04/2023 22:18,11.19,418.11,96.56,35686.7,9970.2,7.224558,1.351357,6.532209,3.564
23/04/2023 22:48,11.19,426.53,120.44,36316.25,12629.85,8.633775,2.505599,2.78803,3.564
23/04/2023 23:18,11.25,434.8,120.1,37122.5,12636.2,8.538158,1.26849,4.567937,3.562
23/04/2023 23:48,11.19,423.15,116.85,36108.25,12297.75,9.614439,-0.4717,-0.318716,3.562
24/04/2023 00:18,11.12,412.86,119.54,35257.05,12511.9,9.727706,-0.119151,1.383228,3.562
24/04/2023 00:48,11.12,437.86,125.34,37249.1,13069.45,9.549716,0.204959,2.06528,3.562
24/04/2023 01:18,11.06,375.09,131.48,32236.75,13662.25,7.442267,5.486821,1.847573,3.562
24/04/2023 01:48,11.06,431.93,122.98,36798.5,12887.25,6.316464,3.886376,6.350786,3.56
24/04/2023 02:18,11.06,392.33,127.97,33953.95,13285.25,8.626909,3.962867,1.87307,3.562
24/04/2023 02:48,11.06,446.11,140.15,38003.15,14612,6.431692,3.695146,6.3248,3.56
24/04/2023 03:18,10.94,363.07,135.02,31203.5,13890.7,7.738918,5.330405,2.095191,3.56
24/04/2023 03:48,10.94,331.28,126.89,28607.95,13163.95,8.894632,3.472044,1.618097,3.56
24/04/2023 04:18,10.81,429.83,118.54,36889,12437.25,7.873268,5.255383,1.026756,3.56
24/04/2023 04:48,10.81,422.68,118.31,35931.5,12468.6,9.594337,1.114035,-1.897096,3.558
24/04/2023 05:18,10.81,417.48,115.18,35693.75,12169.5,9.63111,0.932612,-1.398918,3.558
24/04/2023 05:48,10.81,413.24,116.17,35285.6,12254.25,9.739474,-0.638413,1.470017,3.558
24/04/2023 06:18,10.75,420.42,116.07,35888.95,12223.6,9.708583,0.417763,-1.018421,3.558
24/04/2023 06:48,10.69,416.18,118.14,35512.9,12351.75,9.730159,-0.142196,0.411389,3.558
24/04/2023 07:18,10.69,415.94,120.42,35367.75,12428.45,9.716918,-0.169165,0.53103,3.556
24/04/2023 07:48,10.75,423.96,127.53,35928.1,12908.75,9.653177,0.862495,0.449635,3.558
24/04/2023 08:18,10.88,453.53,117.99,38374.45,12137.25,8.689672,3.370546,2.532077,3.554
24/04/2023 08:48,10.88,443.2,118.56,37642.85,12304.1,7.957606,4.854291,2.541884,3.554
24/04/2023 09:18,10.88,457.4,119.62,38633.75,12355.25,7.375581,5.582435,2.649266,3.554
24/04/2023 09:48,11,437.79,119.53,37129.1,12335.4,7.947799,4.594415,3.000835,3.554
24/04/2023 10:19,11.06,442.33,115.94,37442.65,12016,7.604567,5.459853,2.34526,3.552
24/04/2023 10:49,11.06,437.31,128.99,36984.25,13206.35,8.441566,1.773042,4.532635,3.552
24/04/2023 11:19,11.25,416.06,114.65,35330.35,11904,9.546283,2.261414,0.706079,3.55
24/04/2023 11:49,11.31,427.72,115.05,36207.5,11961.25,9.392809,1.856399,-0.275077,3.55
24/04/2023 12:19,11.38,409.76,115.52,34780.5,12013.45,9.800277,0.021084,0.048543,3.548
24/04/2023 12:49,11.38,372.77,114.91,31761.25,12017.35,9.621304,0.954677,0.585457,3.548
24/04/2023 13:19,11.38,423.79,115.6,35919.4,12089.75,8.836773,-3.648565,-1.37146,3.548
24/04/2023 13:49,11.31,428.27,118.09,36361.7,12296.7,9.49823,1.050292,-2.551691,3.546
24/04/2023 14:19,11.31,401.86,115.3,34235.45,12078,7.61045,5.741303,-0.645278,3.544
24/04/2023 14:49,11.25,418.12,115.13,35591.45,12143.75,6.861712,5.159769,4.460065,3.546
24/04/2023 15:19,11.19,405.83,114.98,34545.8,12087.95,9.139307,3.338184,-0.396679,3.544
24/04/2023 15:49,11.12,409.96,115.73,34861.75,12141.7,9.022119,3.457825,0.933103,3.542
24/04/2023 16:19,11.12,416,115.66,34781.5,12078.25,9.58404,-2.047629,-1.768139,3.542
24/04/2023 16:49,11.06,432.52,118.64,36680.1,12387.5,9.372216,-1.344492,-2.527174,3.542
24/04/2023 17:19,11.12,426.29,117.48,36153.15,12226.5,9.111849,0.706079,-3.448018,3.538
24/04/2023 17:49,11.12,395.31,116.23,33572,12155,9.447237,0.58938,-2.407533,3.538
24/04/2023 18:19,11.12,427.32,112.66,36253,11895.15,9.631113,-0.430022,0.012258,3.538
24/04/2023 18:49,11.06,408.63,112.41,34801.25,11880.9,9.596299,0.410899,-1.610742,3.538
24/04/2023 19:19,11.12,422.04,113.55,35902.8,12002.5,9.698288,0.817384,-0.22163,3.536
24/04/2023 19:49,11.12,403.78,115.58,34482.85,12131.5,9.638465,0.73697,0.824739,3.538
24/04/2023 20:19,11.12,410.09,112.84,35016.25,11923.7,9.238846,1.167972,2.756649,3.536
24/04/2023 20:49,11.12,410.73,114.23,35043.65,12061.75,8.896594,2.659073,2.795876,3.534
24/04/2023 21:19,11.12,410.35,110.05,34987.85,11661.75,8.999562,2.932189,2.059887,3.536
24/04/2023 21:49,11.19,409.28,112.2,34862.8,11862.5,7.357439,5.716296,2.27122,3.534
24/04/2023 22:19,11.19,414,112.82,35181.3,11927.25,7.769809,5.157807,2.4041,3.534
24/04/2023 22:49,11.19,408.06,111.7,34769.9,11813.05,9.016725,2.440875,2.577678,3.534
24/04/2023 23:19,11.19,415.91,111.64,35356.05,11814.8,9.257479,1.791675,2.259452,3.532
24/04/2023 23:49,11.31,415.19,111.82,35248.5,11820.7,9.569819,0.864456,1.490611,3.532
25/04/2023 00:20,11.31,408.25,112.67,34706,11916.3,9.679653,0.214766,0.976252,3.532
25/04/2023 00:50,11.31,409.96,109.94,34803.95,11641.85,9.778211,-0.234379,1.041466,3.532
25/04/2023 01:20,11.31,404.9,112.95,34475.7,11939.75,8.883844,-0.286845,-3.785857,3.53
25/04/2023 01:50,11.31,394.14,115.91,33709.9,12200.8,7.600643,5.210273,-3.03859,3.53
25/04/2023 02:20,11.31,412.86,113.33,35211.45,11996.4,8.041453,5.23479,-0.463364,3.528
25/04/2023 02:50,11.19,420.61,112.49,35716.25,11885.25,7.493262,5.373064,2.532077,3.53
25/04/2023 03:20,11.06,413.14,113.91,35194.2,12035.55,7.370188,5.552035,2.290344,3.526
25/04/2023 03:50,11,421.56,112.89,35862,11922,7.805602,5.336289,1.408725,3.524
25/04/2023 04:20,11,414.57,112.3,35329.9,11874.5,8.552871,4.598339,0.19221,3.52
25/04/2023 04:50,10.88,372.87,111.74,32030.1,11804.85,9.45263,0.667833,-1.542096,3.522
25/04/2023 05:20,10.88,418.57,115.37,35760.45,12138.55,9.121164,0.389814,-3.28817,3.52
25/04/2023 05:50,10.88,403.77,111.67,34527.4,11799.3,9.55511,0.858082,-1.463152,3.52
25/04/2023 06:20,10.75,409.27,114.74,34968.1,12047.35,9.583059,-0.100028,-0.35353,3.518
25/04/2023 06:50,10.75,424.36,123.93,36134.9,12989.25,9.629148,0.385401,-1.326349,3.518
25/04/2023 07:20,10.75,425.2,114.72,35996.15,11896.6,9.693383,-0.150042,0.036775,3.52
25/04/2023 07:50,10.75,424.79,115.78,35895.85,11888.35,9.666904,0.72324,-1.145417,3.514
25/04/2023 08:20,10.81,428.88,116.71,36192.15,11893.15,9.590902,1.546018,0.378046,3.514
25/04/2023 08:50,10.94,411.66,115.67,34770.85,11717,9.180986,2.938072,0.167694,3.514
25/04/2023 09:20,10.94,416.49,114.77,35250.05,11680.7,8.64113,4.045243,1.534741,3.51
25/04/2023 09:50,11.12,424.7,115.22,35919,11879.75,7.101486,6.218887,1.934852,3.512
25/04/2023 10:20,11.19,415.87,113.42,35236.4,11706.95,8.251315,4.688069,1.528366,3.51
25/04/2023 10:50,11.19,410.01,115.04,34740.9,11880.15,8.067442,5.172517,0.201036,3.51
25/04/2023 11:20,11.19,415.14,116.09,35018.6,11931.05,8.960826,3.600512,0.480526,3.51
25/04/2023 11:50,11.31,416.8,114.08,35185.4,11741.5,8.31702,4.540479,1.638201,3.508
25/04/2023 12:20,11.38,416.42,116.5,35109.4,11885.75,9.43694,1.895135,1.309678,3.508
25/04/2023 12:50,11.38,0,172.2,65535,13599.35,-5.474563,-5.44269,2.530116,3.504
25/04/2023 13:20,11.75,0,124.42,65535,12118.55,0.207901,-4.66012,-8.988286,3.506
25/04/2023 13:50,13.62,0,124.6,65535,12120.85,0.023046,-4.701798,-9.014274,3.504
25/04/2023 14:21,15.06,0,125.12,65535,12160.65,0.230947,-6.860732,-7.456976,3.502
25/04/2023 14:51,15.06,0,125.8,65535,12213.25,0.566334,-6.973019,-8.005659,3.504
25/04/2023 15:21,15.88,0,125.85,65535,12225.5,9.754675,-0.318716,-0.092673,3.5
25/04/2023 15:51,15.94,0,126.08,65535,12227.3,9.591883,-0.289786,-1.649479,3.5
25/04/2023 16:21,15.94,0,126.11,65535,12222.25,9.607574,-0.292728,-1.632807,3.498
25/04/2023 16:51,16.38,0,125.75,65535,12196.4,9.396732,-0.076002,-2.809115,3.498
25/04/2023 17:21,17.06,0,125.23,65535,12179.35,9.391829,-0.564373,-2.542864,3.5
25/04/2023 17:51,17.44,0,125.21,65535,12168.65,9.397223,-0.543288,-2.543355,3.496
25/04/2023 18:21,17.44,0,125.33,65535,12165.25,9.416836,-0.561431,-2.540413,3.494
25/04/2023 18:51,17.56,0,125.28,65535,12160.5,9.390848,-0.552605,-2.525212,3.492
25/04/2023 19:21,17.44,0,125.24,65535,12164.25,9.399673,-0.564373,-2.534529,3.492
25/04/2023 19:51,17.44,0,125.53,65535,12177.65,9.704169,0.390305,-0.651652,3.492
25/04/2023 20:21,16.88,0,125.07,65535,12146.2,9.721823,0.374614,-0.668323,3.492
25/04/2023 20:51,16.5,0,124.83,65535,12134.4,9.724275,0.374124,-0.686956,3.49
25/04/2023 21:21,16.5,0,124.94,65535,12120.3,9.725745,0.386382,-0.669794,3.488
25/04/2023 21:51,16.12,0,124.84,65535,12117.15,9.710546,0.36922,-0.656555,3.49
25/04/2023 22:21,16.12,0,124.75,65535,12116.7,9.712505,0.362356,-0.683523,3.488
25/04/2023 22:51,16.06,0,124.88,65535,12110,9.715938,0.386872,-0.669794,3.486
25/04/2023 23:21,16.06,0,124.79,65535,12109.55,9.704171,0.375595,-0.66342,3.486
25/04/2023 23:51,15.94,0,124.75,65535,12112,9.714958,0.390795,-0.667342,3.486
26/04/2023 00:21,15.94,0,124.73,65535,12111.55,9.72035,0.361375,-0.682543,3.484
26/04/2023 00:51,15.94,0,124.72,65535,12115.3,9.733591,0.381479,-0.66391,3.486
26/04/2023 01:21,15.75,0,124.8,65535,12115.25,9.719862,0.386382,-0.667833,3.482
26/04/2023 01:51,15.69,0,124.73,65535,12116.35,9.720352,0.366769,-0.659987,3.482
26/04/2023 02:21,15.62,0,124.86,65535,12115.25,9.728195,0.390795,-0.679601,3.482
26/04/2023 02:51,15.62,0,124.85,65535,12119.05,9.70123,0.367259,-0.661949,3.482
26/04/2023 03:21,15.44,0,124.73,65535,12123,9.721332,0.391776,-0.651161,3.482
26/04/2023 03:51,15.38,0,124.89,65535,12127.85,9.72084,0.376575,-0.659007,3.482
26/04/2023 04:21,15.38,0,124.82,65535,12129,9.729177,0.361375,-0.659987,3.482
26/04/2023 04:52,15.25,0,125.09,65535,12129.7,9.699266,0.374124,-0.675188,3.482
26/04/2023 05:22,15.19,0,124.77,65535,12134.2,9.737514,0.377556,-0.656555,3.482
26/04/2023 05:52,15.12,0,124.94,65535,12130.7,9.726236,0.384911,-0.657536,3.482
26/04/2023 06:22,15.12,0,124.85,65535,12127.85,9.707113,0.374124,-0.659007,3.482
26/04/2023 06:52,15,0,124.81,65535,12125.4,9.713976,0.378537,-0.676659,3.482
26/04/2023 07:22,15,0,124.86,65535,12123.35,9.724274,0.362356,-0.664891,3.482
26/04/2023 07:52,15,0,124.79,65535,12119.25,9.713978,0.385892,-0.644297,3.482
26/04/2023 08:22,15,0,124.83,65535,12115.9,9.730158,0.375104,-0.659497,3.482
26/04/2023 08:52,15,0,124.68,65535,12110.75,9.728197,0.376575,-0.670775,3.482
26/04/2023 09:22,15,0,124.69,65535,12111.65,9.709074,0.373143,-0.64969,3.482
26/04/2023 09:52,15,0,124.71,65535,12106.7,9.733589,0.376085,-0.650181,3.482
26/04/2023 10:22,15.12,0,124.57,65535,12105.75,9.715939,0.381969,-0.671265,3.482
26/04/2023 10:52,15.19,0,124.54,65535,12097.5,9.703189,0.38393,-0.673717,3.48
26/04/2023 11:22,15.19,0,124.41,65535,12092.5,9.716919,0.376085,-0.652142,3.478
26/04/2023 11:52,15.5,0,124.5,65535,12090.75,9.730647,0.374124,-0.654594,3.482
26/04/2023 12:22,15.62,0,124.4,65535,12087,9.710054,0.348626,-0.6644,3.48
26/04/2023 12:52,15.75,0,124.46,65535,12088.3,9.70466,0.36922,-0.650671,3.478
26/04/2023 13:22,15.75,0,124.42,65535,12085.8,9.715938,0.377066,-0.660478,3.478
26/04/2023 13:52,16,0,124.2,65535,12083.35,9.731629,0.350097,-0.651652,3.478
26/04/2023 14:22,16.19,0,124.42,65535,12074.2,9.716919,0.370201,-0.657536,3.478
26/04/2023 14:52,16.19,0,124.38,65535,12068,9.699267,0.386872,-0.660478,3.476
26/04/2023 15:22,16.75,0,124.39,65535,12066.2,9.718882,0.378046,-0.67862,3.48
26/04/2023 15:52,17.06,0,124.16,65535,12065.05,9.709075,0.400111,-0.673717,3.476
26/04/2023 16:22,17.06,0,124.13,65535,12058,9.729177,0.357452,-0.677149,3.476
26/04/2023 16:52,17.44,0,124.11,65535,12061.85,9.720842,0.366278,-0.681562,3.474
26/04/2023 17:22,17.69,0,124.12,65535,12062.85,9.726236,0.376575,-0.667342,3.476
26/04/2023 17:52,17.81,0,124.24,65535,12070,9.713979,0.377556,-0.677149,3.476
26/04/2023 18:22,17.81,0,124.42,65535,12072,9.709565,0.376085,-0.675188,3.474
26/04/2023 18:53,17.88,0,124.38,65535,12074.25,9.727217,0.388343,-0.680581,3.472
26/04/2023 19:23,17.88,0,124.33,65535,12073.9,9.712996,0.382459,-0.652632,3.472
26/04/2023 19:53,17.88,0,124.48,65535,12062.95,9.71986,0.351568,-0.651652,3.472
26/04/2023 20:23,17.62,0,124.3,65535,12064.4,9.723293,0.359904,-0.662439,3.472
26/04/2023 20:53,17.56,0,124.16,65535,12055.1,9.709075,0.394718,-0.670775,3.472
26/04/2023 21:23,17.44,0,124.17,65535,12051.55,9.708094,0.379517,-0.682543,3.472
26/04/2023 21:53,17.44,0,124.2,65535,12051.8,9.705643,0.381969,-0.643806,3.47
26/04/2023 22:23,17.12,0,124.17,65535,12049.75,9.713486,0.371672,-0.694311,3.47
26/04/2023 22:53,17,0,124.23,65535,12046.1,9.71692,0.366278,-0.647729,3.468
26/04/2023 23:23,17,0,124.14,65535,12047,9.73114,0.374124,-0.658026,3.468
26/04/2023 23:53,16.81,0,124.07,65535,12045,9.717411,0.370201,-0.681072,3.47
27/04/2023 00:23,16.69,0,124.25,65535,12046.15,9.7179,0.381969,-0.660478,3.468
27/04/2023 00:53,16.56,0,124.26,65535,12046.35,9.734081,0.381969,-0.651161,3.468
27/04/2023 01:23,16.56,0,124.1,65535,12040.75,9.708584,0.376085,-0.659497,3.468
27/04/2023 01:53,16.38,0,124.16,65535,12041.55,9.725254,0.377556,-0.670775,3.466
27/04/2023 02:23,16.25,0,124.1,65535,12044.45,9.716919,0.373633,-0.654594,3.468
27/04/2023 02:53,16.25,0,124.11,65535,12043.7,9.738985,0.384911,-0.671755,3.466
27/04/2023 03:23,16,0,124.04,65535,12038.9,9.727707,0.376575,-0.662929,3.466
27/04/2023 03:53,15.88,0,124.03,65535,12033.25,9.709074,0.370691,-0.661949,3.464
27/04/2023 04:23,15.75,0,124.08,65535,12030.7,9.708093,0.389324,-0.650181,3.462
27/04/2023 04:53,15.75,0,123.97,65535,12028.9,9.723784,0.371182,-0.633019,3.464
27/04/2023 05:23,15.5,0,124.05,65535,12026.15,9.714957,0.374614,-0.675678,3.462
27/04/2023 05:53,15.38,0,123.96,65535,12020,9.715938,0.393737,-0.654594,3.462
27/04/2023 06:23,15.38,0,123.84,65535,12012.65,9.718882,0.36922,-0.665381,3.462
27/04/2023 06:53,15.25,0,123.73,65535,12008.4,9.720842,0.358923,-0.652632,3.462
27/04/2023 07:23,15.19,0,124.81,65535,12080.3,0.026968,-0.403544,-9.833617,3.462
