particle_type_model,ntu,log10_ntu_plus1,ntu_f,particle_type_plot,fit_link,se_link,conf_low_link,conf_high_link,fit_response,conf_low_response,conf_high_response,experiment,experiment_num,experiment_label,analysis_branch,model,response,reference_condition,treatment_condition
SAND,25,1.414973347970818,25 NTU,Sand,-0.5301467056175989,0.04158057088698004,-0.6116431270126945,-0.44865028422250336,0.3704826719264675,0.3516844696095278,0.3896817209501696,Experiment 2,10.2,Defined particle concentration series,day4,particle_only_betabinomial,motile_fraction,Sand at 25 NTU,Sand at 25 NTU
SAND,100,2.0043213737826426,100 NTU,Sand,-0.5301467056175989,0.04158057088698004,-0.6116431270126945,-0.44865028422250336,0.3704826719264675,0.3516844696095278,0.3896817209501696,Experiment 2,10.2,Defined particle concentration series,day4,particle_only_betabinomial,motile_fraction,Sand at 25 NTU,Sand at 100 NTU
SAND,400,2.603144372620182,400 NTU,Sand,-0.5301467056175989,0.04158057088698004,-0.6116431270126945,-0.44865028422250336,0.3704826719264675,0.3516844696095278,0.3896817209501696,Experiment 2,10.2,Defined particle concentration series,day4,particle_only_betabinomial,motile_fraction,Sand at 25 NTU,Sand at 400 NTU
KAOLINITE,25,1.414973347970818,25 NTU,Kaolinite,-0.3610043532436821,0.040438383995880574,-0.4402621294686089,-0.2817465770187553,0.41071646210343077,0.3916785108211508,0.4300256315500654,Experiment 2,10.2,Defined particle concentration series,day4,particle_only_betabinomial,motile_fraction,Sand at 25 NTU,Kaolinite at 25 NTU
KAOLINITE,100,2.0043213737826426,100 NTU,Kaolinite,-0.3610043532436821,0.040438383995880574,-0.4402621294686089,-0.2817465770187553,0.41071646210343077,0.3916785108211508,0.4300256315500654,Experiment 2,10.2,Defined particle concentration series,day4,particle_only_betabinomial,motile_fraction,Sand at 25 NTU,Kaolinite at 100 NTU
KAOLINITE,400,2.603144372620182,400 NTU,Kaolinite,-0.3610043532436821,0.040438383995880574,-0.4402621294686089,-0.2817465770187553,0.41071646210343077,0.3916785108211508,0.4300256315500654,Experiment 2,10.2,Defined particle concentration series,day4,particle_only_betabinomial,motile_fraction,Sand at 25 NTU,Kaolinite at 400 NTU
PEAT,25,1.414973347970818,25 NTU,Peat,-0.44656463896558,0.0408902962654975,-0.5267081469631277,-0.36642113096803225,0.39017786368078106,0.37128498719155273,0.4094060847282028,Experiment 2,10.2,Defined particle concentration series,day4,particle_only_betabinomial,motile_fraction,Sand at 25 NTU,Peat at 25 NTU
PEAT,100,2.0043213737826426,100 NTU,Peat,-0.44656463896558,0.0408902962654975,-0.5267081469631277,-0.36642113096803225,0.39017786368078106,0.37128498719155273,0.4094060847282028,Experiment 2,10.2,Defined particle concentration series,day4,particle_only_betabinomial,motile_fraction,Sand at 25 NTU,Peat at 100 NTU
PEAT,400,2.603144372620182,400 NTU,Peat,-0.44656463896558,0.0408902962654975,-0.5267081469631277,-0.36642113096803225,0.39017786368078106,0.37128498719155273,0.4094060847282028,Experiment 2,10.2,Defined particle concentration series,day4,particle_only_betabinomial,motile_fraction,Sand at 25 NTU,Peat at 400 NTU
