ntu,log10_ntu_plus1,ntu_sq,ntu_f,fit_link,se_link,conf_low_link,conf_high_link,fit_response,conf_low_response,conf_high_response,experiment,experiment_num,experiment_label,analysis_branch,model,response,prediction_type,reference_condition,treatment_condition
0,0,0,0 NTU,-0.9275009350239855,0.12414642834909788,-1.1708234633974997,-0.6841784066504712,0.2834319955404656,0.23670617164785343,0.33532936448092304,Experiment 4,8.2,Field-derived SPM gradient,day4,nonlinear_betabinomial,motile_fraction,continuous_ntu_gradient,Lowest observed NTU: 0,0 NTU
27.812080536912752,1.4595746200671649,2.1303580715442085,NA,-0.5329888032505752,0.10582812381438741,-0.7404081144782201,-0.3255694920229303,0.3698200673135235,0.3229149068089891,0.4193190228685594,Experiment 4,8.2,Field-derived SPM gradient,day4,nonlinear_betabinomial,motile_fraction,continuous_ntu_gradient,Lowest observed NTU: 0,27.812 NTU
55.624161073825505,1.753001780694932,3.0730152431196025,NA,-0.5187587576977102,0.10571209112873285,-0.7259506490404427,-0.31156686635497766,0.37314252342767684,0.32608395783757926,0.42273233071080074,Experiment 4,8.2,Field-derived SPM gradient,day4,nonlinear_betabinomial,motile_fraction,continuous_ntu_gradient,Lowest observed NTU: 0,55.624 NTU
83.43624161073825,1.9265288939387495,3.7115135791808616,NA,-0.52059551539441,0.1032459479774895,-0.7229538549799853,-0.3182371758088346,0.37271299281748654,0.32674285587122726,0.42110542158722963,Experiment 4,8.2,Field-derived SPM gradient,day4,nonlinear_betabinomial,motile_fraction,continuous_ntu_gradient,Lowest observed NTU: 0,83.436 NTU
111.24832214765101,2.0501798580275867,4.203237450262016,NA,-0.5265536321430186,0.10046395042557699,-0.7234593567217669,-0.32964790756427037,0.37132105668116516,0.32663166434699176,0.41832629513685576,Experiment 4,8.2,Field-derived SPM gradient,day4,nonlinear_betabinomial,motile_fraction,continuous_ntu_gradient,Lowest observed NTU: 0,111.248 NTU
139.06040268456377,2.14631537064422,4.606669670263636,NA,-0.5338592765180799,0.09779069141248314,-0.7255255097098171,-0.3421930433263426,0.3696172237446313,0.32617739047716654,0.4152768591734842,Experiment 4,8.2,Field-derived SPM gradient,day4,nonlinear_betabinomial,motile_fraction,continuous_ntu_gradient,Lowest observed NTU: 0,139.06 NTU
166.8724832214765,2.2249795146940863,4.9505338408083315,NA,-0.5415769776559823,0.09533478501541523,-0.7284297227600649,-0.3547242325518997,0.3678208133839366,0.32553940849089263,0.4122372777196445,Experiment 4,8.2,Field-derived SPM gradient,day4,nonlinear_betabinomial,motile_fraction,continuous_ntu_gradient,Lowest observed NTU: 0,166.872 NTU
194.68456375838926,2.2915565684328723,5.251231506327841,NA,-0.5493322718017022,0.09311770684812762,-0.7318396235469911,-0.3668249200564133,0.3660193409056943,0.3247911645829135,0.4093084550298275,Experiment 4,8.2,Field-derived SPM gradient,day4,nonlinear_betabinomial,motile_fraction,continuous_ntu_gradient,Lowest observed NTU: 0,194.685 NTU
222.49664429530202,2.349271006774559,5.51907426327155,NA,-0.5569628033117897,0.09113327927180796,-0.7355807484775639,-0.3783448581460155,0.36425049924958874,0.3239712672932394,0.40652615909892864,Experiment 4,8.2,Field-derived SPM gradient,day4,nonlinear_betabinomial,motile_fraction,continuous_ntu_gradient,Lowest observed NTU: 0,222.497 NTU
250.30872483221478,2.4002075665102467,5.7609963623330405,NA,-0.5643974410474699,0.08936653682961992,-0.7395526346565973,-0.38924224743834257,0.3625305885160448,0.3231019779897728,0.40389972750681524,Experiment 4,8.2,Field-derived SPM gradient,day4,nonlinear_betabinomial,motile_fraction,continuous_ntu_gradient,Lowest observed NTU: 0,250.309 NTU
278.12080536912754,2.445792209545756,5.98189953227471,NA,-0.5716076099247533,0.08780038217211276,-0.743693196810947,-0.3995220230385597,0.36086596006207766,0.3221970717887625,0.40142718440382946,Experiment 4,8.2,Field-derived SPM gradient,day4,nonlinear_betabinomial,motile_fraction,continuous_ntu_gradient,Lowest observed NTU: 0,278.121 NTU
305.93288590604027,2.487043422815585,6.185384986970261,NA,-0.5785855749649153,0.08641802397534463,-0.7479617895717097,-0.4092093603581209,0.35925811774449656,0.32126557877139506,0.39910171684933204,Experiment 4,8.2,Field-derived SPM gradient,day4,nonlinear_betabinomial,motile_fraction,continuous_ntu_gradient,Lowest observed NTU: 0,305.933 NTU
333.744966442953,2.524714055250931,6.3741810607816,NA,-0.5853340167195241,0.08520382670538347,-0.7523304484070678,-0.4183375850319805,0.3577061622314698,0.32031371996208186,0.3969146197908494,Experiment 4,8.2,Field-derived SPM gradient,day4,nonlinear_betabinomial,motile_fraction,continuous_ntu_gradient,Lowest observed NTU: 0,333.745 NTU
361.5570469798658,2.559376350877555,6.550407305431309,NA,-0.5918607588641833,0.08414353544324131,-0.7567790578648058,-0.42694245986356083,0.3562080238056765,0.31934597572586804,0.39485667977474037,Experiment 4,8.2,Field-derived SPM gradient,day4,nonlinear_betabinomial,motile_fraction,continuous_ntu_gradient,Lowest observed NTU: 0,361.557 NTU
389.3691275167785,2.5914754640170155,6.715745080602206,NA,-0.5981760045124963,0.08322425516616297,-0.7612925472783472,-0.4350594617466454,0.35476110597727367,0.31836570601198766,0.39291882821215324,Experiment 4,8.2,Field-derived SPM gradient,day4,nonlinear_betabinomial,motile_fraction,continuous_ntu_gradient,Lowest observed NTU: 0,389.369 NTU
417.1812080536913,2.6213645128863505,6.871551909419893,NA,-0.6042908568021338,0.08243434074664192,-0.7658591957548546,-0.44272251784941297,0.35336262802168705,0.3173755253053047,0.39109243929506826,Experiment 4,8.2,Field-derived SPM gradient,day4,nonlinear_betabinomial,motile_fraction,continuous_ntu_gradient,Lowest observed NTU: 0,417.181 NTU
444.99328859060404,2.649328323398247,7.018940565160166,NA,-0.6102165226861291,0.08176326307117654,-0.770469573564109,-0.44996347180814933,0.35200980774974183,0.3163775368267679,0.38936945099077863,Experiment 4,8.2,Field-derived SPM gradient,day4,nonlinear_betabinomial,motile_fraction,continuous_ntu_gradient,Lowest observed NTU: 0,444.993 NTU
472.80536912751677,2.675599977807686,7.15883524124449,NA,-0.6159638907460767,0.08120147803863077,-0.7751158631932131,-0.4568119182989403,0.35069995710459195,0.31537348276612104,0.3877423974074975,Experiment 4,8.2,Field-derived SPM gradient,day4,nonlinear_betabinomial,motile_fraction,continuous_ntu_gradient,Lowest observed NTU: 0,472.805 NTU
500.61744966442956,2.7003726357994524,7.292012372174482,NA,-0.6215433178500854,0.08074030836300934,-0.7797914143422419,-0.463295221357929,0.34943052930163965,0.3143648427876421,0.386204397476153,Experiment 4,8.2,Field-derived SPM gradient,day4,nonlinear_betabinomial,motile_fraction,continuous_ntu_gradient,Lowest observed NTU: 0,500.617 NTU
528.4295302013423,2.7238081614568648,7.419130900419026,NA,-0.6269645336796177,0.08037184076527291,-0.7844904469507407,-0.4694386204084947,0.3481991387880494,0.3133528998189235,0.38474912323299776,Experiment 4,8.2,Field-derived SPM gradient,day4,nonlinear_betabinomial,motile_fraction,continuous_ntu_gradient,Lowest observed NTU: 0,528.43 NTU
556.2416107382551,2.7460435389064095,7.5407551175696375,NA,-0.632236611796002,0.08008883804950447,-0.7892078499366918,-0.4752653736553122,0.3470035659920554,0.3123387846991923,0.38337075983674374,Experiment 4,8.2,Field-derived SPM gradient,day4,nonlinear_betabinomial,motile_fraction,continuous_ntu_gradient,Lowest observed NTU: 0,556.242 NTU
584.0536912751678,2.7671957237822533,7.657372173718789,NA,-0.6373679777549125,0.0798846643967119,-0.7939390428895369,-0.4807969126202881,0.3458417537144974,0.31132350693376,0.3820639635861838,Experiment 4,8.2,Field-derived SPM gradient,day4,nonlinear_betabinomial,motile_fraction,continuous_ntu_gradient,Lowest observed NTU: 0,584.054 NTU
611.8657718120805,2.7873653669415455,7.769405688825176,NA,-0.6423664371140051,0.07975322191458127,-0.7986798797176149,-0.4860529945103953,0.34471179912958394,0.3103079761975795,0.3808238210731199,Experiment 4,8.2,Field-derived SPM gradient,day4,nonlinear_betabinomial,motile_fraction,continuous_ntu_gradient,Lowest observed NTU: 0,611.866 NTU
639.6778523489933,2.8066397110858663,7.877226467844155,NA,-0.6472392132953203,0.07968889656069106,-0.8034265805220125,-0.49105184606862806,0.3436119437015844,0.30929301762064787,0.37964581092597466,Experiment 4,8.2,Field-derived SPM gradient,day4,nonlinear_betabinomial,motile_fraction,continuous_ntu_gradient,Lowest observed NTU: 0,639.678 NTU
667.489932885906,2.825094871396028,7.981161032388141,NA,-0.6519929894381186,0.07968651177940643,-0.8081756825793819,-0.49581029629685525,0.3425405623533238,0.3082793828671153,0.3785257687039513,Experiment 4,8.2,Field-derived SPM gradient,day4,nonlinear_betabinomial,motile_fraction,continuous_ntu_gradient,Lowest observed NTU: 0,667.49 NTU
695.3020134228188,2.842797650980773,8.0814984844218,NA,-0.6566339508570506,0.07974128845231455,-0.8129240043044068,-0.5003438974096943,0.34149615264794386,0.30726775835853715,0.37745985503439333,Experiment 4,8.2,Field-derived SPM gradient,day4,nonlinear_betabinomial,motile_fraction,continuous_ntu_gradient,Lowest observed NTU: 0,695.302 NTU
723.1140939597316,2.859807000552477,8.178496080408957,NA,-0.6611678262054573,0.0798488100113435,-0.8176686180360718,-0.5046670343748428,0.34047732440305123,0.30625877155515824,0.37644452685382807,Experiment 4,8.2,Field-derived SPM gradient,day4,nonlinear_betabinomial,motile_fraction,continuous_ntu_gradient,Lowest observed NTU: 0,723.114 NTU
750.9261744966443,2.876175202848779,8.272383797482215,NA,-0.6655999263360722,0.08000499178397619,-0.8224068288160884,-0.5087930238560561,0.3394827899519173,0.30525299591648414,0.3754765115094899,Experiment 4,8.2,Field-derived SPM gradient,day4,nonlinear_betabinomial,motile_fraction,continuous_ntu_gradient,Lowest observed NTU: 0,750.926 NTU
778.738255033557,2.8919488418292687,8.363368103757649,NA,-0.6699351803865913,0.08020605382599418,-0.8271361572276208,-0.5127342035455618,0.3385113551448333,0.304250954963842,0.3745527834434781,Experiment 4,8.2,Field-derived SPM gradient,day4,nonlinear_betabinomial,motile_fraction,continuous_ntu_gradient,Lowest observed NTU: 0,778.738 NTU
806.5503355704698,2.907169601937122,8.451635094427244,NA,-0.6741781689352603,0.08044849665004329,-0.8318543249797363,-0.5165020128907842,0.3375619111124281,0.3032531257316804,0.3736705431828979,Experiment 4,8.2,Field-derived SPM gradient,day4,nonlinear_betabinomial,motile_fraction,continuous_ntu_gradient,Lowest observed NTU: 0,806.55 NTU
834.3624161073826,2.9218749319724946,8.53735311808927,NA,-0.6783331542561145,0.08072907938155792,-0.8365592423490431,-0.5201070661631859,0.3366334267720806,0.3022599418007643,0.37282719837780304,Experiment 4,8.2,Field-derived SPM gradient,day4,nonlinear_betabinomial,motile_fraction,continuous_ntu_gradient,Lowest observed NTU: 0,834.362 NTU
862.1744966442953,2.9360986001986307,8.620674990088359,NA,-0.682404107806244,0.08104479997157915,-0.8412489968847919,-0.5235592187276962,0.33572494203656633,0.3012717960418553,0.3720203466542807,Experiment 4,8.2,Field-derived SPM gradient,day4,nonlinear_betabinomial,motile_fraction,continuous_ntu_gradient,Lowest observed NTU: 0,862.174 NTU
889.9865771812081,2.9498711613881166,8.701739868789275,NA,-0.6863947351301588,0.08139287717313701,-0.8459218429875996,-0.526867627272718,0.3348355616734206,0.30028904315399185,0.3712477600771384,Experiment 4,8.2,Field-derived SPM gradient,day4,nonlinear_betabinomial,motile_fraction,continuous_ntu_gradient,Lowest observed NTU: 0,889.987 NTU
917.7986577181208,2.963220352058427,8.780674854853268,NA,-0.6903084983886253,0.08177073404802737,-0.8505761921121621,-0.5300408046650885,0.3339644497596505,0.29931200205104497,0.3705073710425842,Experiment 4,8.2,Field-derived SPM gradient,day4,nonlinear_betabinomial,motile_fraction,continuous_ntu_gradient,Lowest observed NTU: 0,917.799 NTU
945.6107382550335,2.976171426751936,8.857596361414654,NA,-0.6941486367235371,0.08217598281743639,-0.8552106034398947,-0.5330866700071795,0.3331108246765759,0.2983409581295914,0.3697972594447759,Experiment 4,8.2,Field-derived SPM gradient,day4,nonlinear_betabinomial,motile_fraction,continuous_ntu_gradient,Lowest observed NTU: 0,945.611 NTU
973.4228187919464,2.9887474456083702,8.932611293630558,NA,-0.6979181846641099,0.0826064109057874,-0.8598237749315699,-0.5360125943966499,0.3322739545919682,0.29737616543741185,0.36911564098072575,Experiment 4,8.2,Field-derived SPM gradient,day4,nonlinear_betabinomial,motile_fraction,continuous_ntu_gradient,Lowest observed NTU: 0,973.423 NTU
1001.2348993288591,3.0009695214578,9.005818068718657,NA,-0.7016199887676796,0.08305996805475896,-0.8644145347120545,-0.5388254428233047,0.3314531533802291,0.2964178487529936,0.3684608564758152,Experiment 4,8.2,Field-derived SPM gradient,day4,nonlinear_betabinomial,motile_fraction,continuous_ntu_gradient,Lowest observed NTU: 0,1001.235 NTU
1029.0469798657718,3.0128570330849502,9.077307501809448,NA,-0.7052567226736562,0.08353475440553791,-0.8689818327659091,-0.5415316125814034,0.3306477769354258,0.29546620558083064,0.36783136212731005,Experiment 4,8.2,Field-derived SPM gradient,day4,nonlinear_betabinomial,motile_fraction,continuous_ntu_gradient,Lowest observed NTU: 0,1029.047 NTU
1056.8590604026847,3.0244278100746853,9.147163578353156,NA,-0.7088309007334629,0.08402900946353038,-0.8735247329385578,-0.544137068528368,0.32985721983620025,0.29452140806403604,0.3672257205760931,Experiment 4,8.2,Field-derived SPM gradient,day4,nonlinear_betabinomial,motile_fraction,continuous_ntu_gradient,Lowest observed NTU: 0,1056.859 NTU
1084.6711409395973,3.0356982936653276,9.215464130162582,NA,-0.7123448903636848,0.08454110187217022,-0.8780424052464701,-0.5466473754808994,0.32908091232565573,0.2935836048140363,0.36664259272769434,Experiment 4,8.2,Field-derived SPM gradient,day4,nonlinear_betabinomial,motile_fraction,continuous_ntu_gradient,Lowest observed NTU: 0,1084.671 NTU
1112.4832214765102,3.04668367725235,9.282281429235901,NA,-0.7158009232547585,0.08506951993202982,-0.8825341185036493,-0.5490677280058678,0.32831831757316887,0.29265292265641163,0.36608073025289317,Experiment 4,8.2,Field-derived SPM gradient,day4,nonlinear_betabinomial,motile_fraction,continuous_ntu_gradient,Lowest observed NTU: 0,1112.483 NTU
1140.2953020134228,3.0573980295556917,9.347682711131027,NA,-0.7192011055536714,0.08561286280889581,-0.8869992332724759,-0.551402977834867,0.3275689291886247,0.2917294682918735,0.3655389687059841,Experiment 4,8.2,Field-derived SPM gradient,day4,nonlinear_betabinomial,motile_fraction,continuous_ntu_gradient,Lowest observed NTU: 0,1140.295 NTU
1168.1073825503356,3.067854402955899,9.411730637735895,NA,-0.7225474271264481,0.08616983238035913,-0.8914371951458053,-0.553657659107091,0.326832268962792,0.2908133298716944,0.36501622120547916,Experiment 4,8.2,Field-derived SPM gradient,day4,nonlinear_betabinomial,motile_fraction,continuous_ntu_gradient,Lowest observed NTU: 0,1168.107 NTU
1195.9194630872485,3.078064929091868,9.474483707705325,NA,-0.7258417699947123,0.08673922567518798,-0.8958475283649726,-0.555836011624452,0.32610788481046366,0.28990457848743056,0.36451147262775985,Experiment 4,8.2,Field-derived SPM gradient,day4,nonlinear_betabinomial,motile_fraction,continuous_ntu_gradient,Lowest observed NTU: 0,1195.919 NTU
1223.731543624161,3.0880409034763345,9.535996621542937,NA,-0.729085916030295,0.08731992786363103,-0.9002298297756474,-0.5579420022849427,0.3253953488955777,0.2890032695753927,0.36402377426916005,Experiment 4,8.2,Field-derived SPM gradient,day4,nonlinear_betabinomial,motile_fraction,continuous_ntu_gradient,Lowest observed NTU: 0,1223.732 NTU
1251.543624161074,3.097792860609146,9.596320607240996,NA,-0.73228155398264,0.08791090576004207,-0.9045837631206173,-0.5599793448446628,0.32469425591984735,0.28810944423694246,0.3635522389362918,Experiment 4,8.2,Field-derived SPM gradient,day4,nonlinear_betabinomial,motile_fraction,continuous_ntu_gradient,Lowest observed NTU: 0,1251.544 NTU
1279.3557046979865,3.1073306408407286,9.655503711507654,NA,-0.7354302859055574,0.08851120180201387,-0.9089090536658613,-0.5619515181452535,0.3240042215584768,0.2872231304762727,0.3630960364282256,Experiment 4,8.2,Field-derived SPM gradient,day4,nonlinear_betabinomial,motile_fraction,continuous_ntu_gradient,Lowest observed NTU: 0,1279.356 NTU
1307.1677852348994,3.1166634500497423,9.713591060875963,NA,-0.7385336330425821,0.08911992847266142,-0.9132054831537841,-0.5638617829313801,0.323324881028358,0.2863443443578464,0.3626543893774953,Experiment 4,8.2,Field-derived SPM gradient,day4,nonlinear_betabinomial,motile_fraction,continuous_ntu_gradient,Lowest observed NTU: 0,1307.168 NTU
1334.979865771812,3.125799913042154,9.770625096374339,NA,-0.7415930412237547,0.08973626313490989,-0.9174728850753874,-0.565713197372122,0.32265588777574394,0.28547309108609287,0.3622265694198852,Experiment 4,8.2,Field-derived SPM gradient,day4,nonlinear_betabinomial,motile_fraction,continuous_ntu_gradient,Lowest observed NTU: 0,1334.98 NTU
1362.7919463087248,3.134748121448102,9.826645784922404,NA,-0.7446098858209088,0.09035944324864482,-0.9217111402513436,-0.567508631390474,0.32199691227181837,0.2846093660103135,0.3618118936656233,Experiment 4,8.2,Field-derived SPM gradient,day4,nonlinear_betabinomial,motile_fraction,continuous_ntu_gradient,Lowest observed NTU: 0,1362.792 NTU
1390.6040268456377,3.143515676783161,9.881690810181494,NA,-0.7475854763035071,0.09098876194345686,-0.9259201727105713,-0.569250779896443,0.32134764090583073,0.28375315555800545,0.36140972144700273,Experiment 4,8.2,Field-derived SPM gradient,day4,nonlinear_betabinomial,motile_fraction,continuous_ntu_gradient,Lowest observed NTU: 0,1390.604 NTU
1418.4161073825503,3.1521097292482776,9.93579574522165,NA,-0.7505210604325775,0.09162356392146138,-0.9300999458538453,-0.5709421750113097,0.3207077749665764,0.2829044380999948,0.3610194513196209,Experiment 4,8.2,Field-derived SPM gradient,day4,nonlinear_betabinomial,motile_fraction,continuous_ntu_gradient,Lowest observed NTU: 0,1418.416 NTU
1446.2281879194632,3.1605370127645958,9.988994209054955,NA,-0.7534178281263461,0.09226324166630862,-0.9342504588892262,-0.5725851973634659,0.32007702970397883,0.2820631847508894,0.36064051829637944,Experiment 4,8.2,Field-derived SPM gradient,day4,nonlinear_betabinomial,motile_fraction,continuous_ntu_gradient,Lowest observed NTU: 0,1446.228 NTU
1474.0402684563758,3.1688038766732878,10.041318008819657,NA,-0.7562769150276506,0.09290723193606011,-0.9383717435256379,-0.5741820865296633,0.3194551334633998,0.28122936010841143,0.360272391295167,Experiment 4,8.2,Field-derived SPM gradient,day4,nonlinear_betabinomial,motile_fraction,continuous_ntu_gradient,Lowest observed NTU: 0,1474.04 NTU
1501.8523489932886,3.176916314474226,10.0927972691725,NA,-0.7590994058001109,0.09355501251907943,-0.9424638609107004,-0.5757349506895214,0.3188418268860669,0.28040292293517427,0.3599145707827645,Experiment 4,8.2,Field-derived SPM gradient,day4,nonlinear_betabinomial,motile_fraction,continuous_ntu_gradient,Lowest observed NTU: 0,1501.852 NTU
1529.6644295302015,3.184879989929358,10.143460550252428,NA,-0.7618863371772643,0.09420609923347813,-0.9465268987988877,-0.5772457755556408,0.3182368621696913,0.27958382678642835,0.3595665865989888,Experiment 4,8.2,Field-derived SPM gradient,day4,nonlinear_betabinomial,motile_fraction,continuous_ntu_gradient,Lowest observed NTU: 0,1529.664 NTU
1557.476510067114,3.192700260815545,10.193334955411649,NA,-0.7646387007864414,0.09486004315198396,-0.9505609689362453,-0.5787164326366374,0.31764000238394763,0.27877202058722506,0.35922799594643096,Experiment 4,8.2,Field-derived SPM gradient,day4,nonlinear_betabinomial,motile_fraction,continuous_ntu_gradient,Lowest observed NTU: 0,1557.477 NTU
1585.288590604027,3.2003822005763745,10.242446229766077,NA,-0.7673574457669604,0.095516428035347975,-0.9545662046481543,-0.5801486868857665,0.31705102083602693,0.27796744916235006,0.3588983815323785,Experiment 4,8.2,Field-derived SPM gradient,day4,nonlinear_betabinomial,motile_fraction,continuous_ntu_gradient,Lowest observed NTU: 0,1585.289 NTU
1613.1006711409395,3.207930618092084,10.29081885049266,NA,-0.7700434812002986,0.09617486795859011,-0.9585427586170304,-0.5815442037835669,0.3164697004819462,0.2771700537222525,0.3585773498506353,Experiment 4,8.2,Field-derived SPM gradient,day4,nonlinear_betabinomial,motile_fraction,continuous_ntu_gradient,Lowest observed NTU: 0,1613.101 NTU
1640.9127516778524,3.21535007576053,10.338476109693245,NA,-0.7726976783681673,0.09683500511550273,-0.9624908008373045,-0.58290455589903,0.3158958333797236,0.27637977230806193,0.35826452959197574,Experiment 4,8.2,Field-derived SPM gradient,day4,nonlinear_betabinomial,motile_fraction,continuous_ntu_gradient,Lowest observed NTU: 0,1640.913 NTU
1668.7248322147652,3.22264490605944,10.385440190550858,NA,-0.7753208728528739,0.09749650778787451,-0.9664105167355368,-0.584231228970211,0.3153292201809053,0.2755965401986394,0.35795957017291663,Experiment 4,8.2,Field-derived SPM gradient,day4,nonlinear_betabinomial,motile_fraction,continuous_ntu_gradient,Lowest observed NTU: 0,1668.725 NTU
1696.5369127516778,3.229819226740503,10.431732237422619,NA,-0.7779138664929929,0.09815906846689161,-0.9703021054441017,-0.5855256275418841,0.3147696696572669,0.2748202902824536,0.35766214037334704,Experiment 4,8.2,Field-derived SPM gradient,day4,nonlinear_betabinomial,motile_fraction,continuous_ntu_gradient,Lowest observed NTU: 0,1696.537 NTU
1724.3489932885907,3.2368769547887157,10.47737242044227,NA,-0.7804774292061313,0.09882240211509033,-0.9741657782174431,-0.5867890801948195,0.31421699825981214,0.2740509533969213,0.3573719270743447,Experiment 4,8.2,Field-derived SPM gradient,day4,nonlinear_betabinomial,motile_fraction,continuous_ntu_gradient,Lowest observed NTU: 0,1724.349 NTU
1752.1610738255033,3.2438218192654813,10.522379995142817,NA,-0.7830123006894735,0.09948624455810932,-0.9780017569805116,-0.5880228443984353,0.31367102970746324,0.2732884586376914,0.3570886340882328,Experiment 4,8.2,Field-derived SPM gradient,day4,nonlinear_betabinomial,motile_fraction,continuous_ntu_gradient,Lowest observed NTU: 0,1752.161 NTU
1779.9731543624162,3.2506573731408763,10.566773357555142,NA,-0.78551919200782,0.10015035099628722,-0.9818102729995881,-0.589228111016052,0.31313159460307466,0.272532733640201,0.3568119810735847,Experiment 4,8.2,Field-derived SPM gradient,day4,nonlinear_betabinomial,motile_fraction,continuous_ntu_gradient,Lowest observed NTU: 0,1779.973 NTU
1807.785234899329,3.2573870042090864,10.610570095190248,NA,-0.7879987870779316,0.100814494626913,-0.9855915656662878,-0.5904060084895754,0.3125985300746214,0.2717837048356812,0.35654170252849393,Experiment 4,8.2,Field-derived SPM gradient,day4,nonlinear_betabinomial,motile_fraction,continuous_ntu_gradient,Lowest observed NTU: 0,1807.785 NTU
1835.5973154362416,3.2640139451709604,10.653787034270497,NA,-0.7904517440572131,0.10147846536863592,-0.9893458813861346,-0.5915576067282916,0.312071679439606,0.27104129768364166,0.35627754685598106,Experiment 4,8.2,Field-derived SPM gradient,day4,nonlinear_betabinomial,motile_fraction,continuous_ntu_gradient,Lowest observed NTU: 0,1835.597 NTU
1863.4093959731545,3.2705412829587943,10.696440283537756,NA,-0.7928786966440523,0.1021420686801877,-0.9930734725636368,-0.5926839207244678,0.3115508918909009,0.2703054368827261,0.3560192754959061,Experiment 4,8.2,Field-derived SPM gradient,day4,nonlinear_betabinomial,motile_fraction,continuous_ntu_gradient,Lowest observed NTU: 0,1863.409 NTU
1891.221476510067,3.276971967370684,10.738545274933292,NA,-0.7952802552964803,0.10280512446618273,-0.9967745966763559,-0.5937859139166046,0.31103602220240417,0.2695760465616959,0.3557666621182339,Experiment 4,8.2,Field-derived SPM gradient,day4,nonlinear_betabinomial,motile_fraction,continuous_ntu_gradient,Lowest observed NTU: 0,1891.221 NTU
1919.03355704698,3.2833088190748922,10.780116801414964,NA,-0.7976570083752538,0.10346746606331729,-1.0004495154309758,-0.5948645013195316,0.31052693045302293,0.2688530504521692,0.3555194918729085,Experiment 4,8.2,Field-derived SPM gradient,day4,nonlinear_betabinomial,motile_fraction,continuous_ntu_gradient,Lowest observed NTU: 0,1919.034 NTU
1946.8456375838928,3.2895545370385957,10.821169052151209,NA,-0.8000095232169248,0.10412893930080666,-1.0040984939948632,-0.5959205524389863,0.3100234817676308,0.2681363720446271,0.3552775606919915,Experiment 4,8.2,Field-derived SPM gradient,day4,nonlinear_betabinomial,motile_fraction,continuous_ntu_gradient,Lowest observed NTU: 0,1946.846 NTU
1974.6577181208054,3.2957117054299903,10.861715645308255,NA,-0.8023383471419979,0.10478940162938648,-1.0077218002970982,-0.5969548939868976,0.309525546073758,0.26742593472907994,0.3550406746400717,Experiment 4,8.2,Field-derived SPM gradient,day4,nonlinear_betabinomial,motile_fraction,continuous_ntu_gradient,Lowest observed NTU: 0,1974.658 NTU
2002.4697986577182,3.301782800037918,10.901769658626234,NA,-0.8046440084028427,0.10544872131363761,-1.0113197043933735,-0.5979683124123119,0.30903299787288036,0.266721661921685,0.35480864930927625,Experiment 4,8.2,Field-derived SPM gradient,day4,nonlinear_betabinomial,motile_fraction,continuous_ntu_gradient,Lowest observed NTU: 0,2002.47 NTU
2030.2818791946308,3.3077701942489424,10.941343657961687,NA,-0.8069270170756485,0.10610677668281247,-1.0148924778895954,-0.5989615562617017,0.30854571602526265,0.26602347717850233,0.35458130925551357,Experiment 4,8.2,Field-derived SPM gradient,day4,nonlinear_betabinomial,motile_fraction,continuous_ntu_gradient,Lowest observed NTU: 0,2030.282 NTU
2058.0939597315437,3.3136761646179784,10.980449723957316,NA,-0.8091878659003527,0.10676345543571522,-1.0184403934194015,-0.5999353383813039,0.3080635835474037,0.2653313042974862,0.35435848747285204,Experiment 4,8.2,Field-derived SPM gradient,day4,nonlinear_betabinomial,motile_fraction,continuous_ntu_gradient,Lowest observed NTU: 0,2058.094 NTU
2085.9060402684563,3.319502896065198,11.019099476985236,NA,-0.8114270310721524,0.10741865399553549,-1.0219637241711714,-0.6008903379731333,0.3075864874212034,0.26464506740972144,0.35414002490318514,Experiment 4,8.2,Field-derived SPM gradient,day4,nonlinear_betabinomial,motile_fraction,continuous_ntu_gradient,Lowest observed NTU: 0,2085.906 NTU
2113.7181208053694,3.325252486728906,11.057304100496772,NA,-0.8136449729879299,0.1080722769108608,-1.0254627434604566,-0.6018272025154032,0.3071143184140442,0.26396469106083237,0.3539257699785639,Experiment 4,8.2,Field-derived SPM gradient,day4,nonlinear_betabinomial,motile_fraction,continuous_ntu_gradient,Lowest observed NTU: 0,2113.718 NTU
2141.530201342282,3.3309269525013523,11.095074362899947,NA,-0.8158421369506476,0.10872423629938469,-1.0289377243440638,-0.6027465495572313,0.3066469709090445,0.2632901002834182,0.35371557819378735,Experiment 4,8.2,Field-derived SPM gradient,day4,nonlinear_betabinomial,motile_fraction,continuous_ntu_gradient,Lowest observed NTU: 0,2141.53 NTU
2169.3422818791946,3.3365282312720246,11.132420638075224,NA,-0.8180189538345356,0.10937445133110116,-1.032388939272323,-0.6036489683967484,0.3061843427447989,0.2626212206613014,0.35350931170703054,Experiment 4,8.2,Field-derived SPM gradient,day4,nonlinear_betabinomial,motile_fraction,continuous_ntu_gradient,Lowest observed NTU: 0,2169.342 NTU
2197.1543624161072,3.342058186900766,11.169352924630436,NA,-0.8201758407136744,0.11002284774803106,-1.0358166597763492,-0.6045350216509998,0.30572633506397223,0.26195797838630597,0.3533068389664697,Experiment 4,8.2,Field-derived SPM gradient,day4,nonlinear_betabinomial,motile_fraction,continuous_ntu_gradient,Lowest observed NTU: 0,2197.154 NTU
2224.9664429530203,3.3475186129411054,11.205880863987142,NA,-0.8223132014563724,0.1106693574177527,-1.0392211561873583,-0.6054052467253865,0.3052728521701671,0.2613003003082299,0.35310803436102245,Experiment 4,8.2,Field-derived SPM gradient,day4,nonlinear_betabinomial,motile_fraction,continuous_ntu_gradient,Lowest observed NTU: 0,2224.966 NTU
2252.778523489933,3.352911236132408,11.242013757382953,NA,-0.824431427287564,0.11131391791822245,-1.0426026973853277,-0.6062601571898003,0.30482380139252285,0.26064811397861587,0.3529127778934667,Experiment 4,8.2,Field-derived SPM gradient,day4,nonlinear_betabinomial,motile_fraction,continuous_ntu_gradient,Lowest observed NTU: 0,2252.779 NTU
2280.5906040268455,3.3582377196778657,11.277760581867192,NA,-0.8265308973212749,0.1119564721515672,-1.0459615505745081,-0.60710024406804175,0.3043790929575511,0.26000134768887934,0.352720954874342,Experiment 4,8.2,Field-derived SPM gradient,day4,nonlinear_betabinomial,motile_fraction,continuous_ntu_gradient,Lowest observed NTU: 0,2280.591 NTU
2308.4026845637586,3.3634996663238867,11.313130005360897,NA,-0.8286119790650631,0.11259696798471425,-1.0492979810835126,-0.6079259770466138,0.3039386398677437,0.25935993050330003,0.3525324556351574,Experiment 4,8.2,Field-derived SPM gradient,day4,nonlinear_betabinomial,motile_fraction,continuous_ntu_gradient,Lowest observed NTU: 0,2308.403 NTU
2336.2147651006712,3.368698621255161,11.348130400846422,NA,-0.8306750288981918,0.11323535791488228,-1.0526122521878636,-0.60873780560852,0.3035023577865285,0.25872379228734693,0.35234717525954407,Experiment 4,8.2,Field-derived SPM gradient,day4,nonlinear_betabinomial,motile_fraction,continuous_ntu_gradient,Lowest observed NTU: 0,2336.215 NTU
2364.026845637584,3.3738360748184792,11.382769859746563,NA,-0.8327203925251699,0.1138715987581175,-1.0559046249530761,-0.6095361600972637,0.30307016492917555,0.2580928637317626,0.3521650133310986,Experiment 4,8.2,Field-derived SPM gradient,day4,nonlinear_betabinomial,motile_fraction,continuous_ntu_gradient,Lowest observed NTU: 0,2364.027 NTU
2391.838926174497,3.3789134650873196,11.417056204548397,NA,-0.8347484054061752,0.11450565135919226,-1.059175358096492,-0.6103214527158586,0.3026419819592869,0.25746707637280025,0.35198587369675366,Experiment 4,8.2,Field-derived SPM gradient,day4,nonlinear_betabinomial,motile_fraction,continuous_ntu_gradient,Lowest observed NTU: 0,2391.839 NTU
2419.6510067114095,3.3839321802782436,11.450997000722667,NA,-0.83675939316576875,0.11513748032132037,-1.0624247078662459,-0.6110940784652916,0.3022177318905285,0.2568463626089695,0.3518096642446064,Experiment 4,8.2,Field-derived SPM gradient,day4,nonlinear_betabinomial,motile_fraction,continuous_ntu_gradient,Lowest observed NTU: 0,2419.651 NTU
2447.463087248322,3.38889356102926,11.484599567985578,NA,-0.8387536719812082,0.11576705375425168,-1.065652927935854,-0.6118544160265625,0.3017973399932879,0.25623065571462145,0.3516362966952106,Experiment 4,8.2,Field-derived SPM gradient,day4,nonlinear_betabinomial,motile_fraction,continuous_ntu_gradient,Lowest observed NTU: 0,2447.463 NTU
2475.2751677852348,3.3937989025495128,11.517870990946276,NA,-0.8407315489515778,0.11639434303943015,-1.068860269313061,-0.6126028285900944,0.3013807337059621,0.25561988985067147,0.3514656864054182,Experiment 4,8.2,Field-derived SPM gradient,day4,nonlinear_betabinomial,motile_fraction,continuous_ntu_gradient,Lowest observed NTU: 0,2475.275 NTU
2503.087248322148,3.3986494566489123,11.550818129179946,NA,-0.8426933224488685,0.11701932261098866,-1.0720469802616799,-0.6133396646360572,0.3009678425506016,0.255014000072734,0.3512977521839194,Experiment 4,8.2,Field-derived SPM gradient,day4,nonlinear_betabinomial,motile_fraction,continuous_ntu_gradient,Lowest observed NTU: 0,2503.087 NTU
2530.8993288590605,3.4034464336556725,11.583447626763515,NA,-0.8446392824520611,0.11764196975145218,-1.0752133062352578,-0.6140652586688644,0.3005585980526555,0.2544129223369229,0.35113241611769663,Experiment 4,8.2,Field-derived SPM gradient,day4,nonlinear_betabinomial,motile_fraction,continuous_ntu_gradient,Lowest observed NTU: 0,2530.899 NTU
2558.711409395973,3.4081910042290975,11.615765921308144,NA,-0.8465697108652007,0.1182622644011103,-1.0783594898215303,-0.6147799319088713,0.30015293366457846,0.25381659350354147,0.3509696034086664,Experiment 4,8.2,Field-derived SPM gradient,day4,nonlinear_betabinomial,motile_fraction,continuous_ntu_gradient,Lowest observed NTU: 0,2558.711 NTU
2586.523489932886,3.4128843010744148,11.647779252520197,NA,-0.848484881820376,0.11888018898008713,-1.081485770696662,-0.6154839929440898,0.2997507846930784,0.253224951338877,0.35080924221983156,Experiment 4,8.2,Field-derived SPM gradient,day4,nonlinear_betabinomial,motile_fraction,continuous_ntu_gradient,Lowest observed NTU: 0,2586.523 NTU
2614.3355704697988,3.4175274205659294,11.679493670320015,NA,-0.8503850619664638,0.11949572822221874,-1.084592385588399,-0.6161777383445286,0.2993520882297972,0.25263793451528815,0.3506512635303204,Experiment 4,8.2,Field-derived SPM gradient,day4,nonlinear_betabinomial,motile_fraction,continuous_ntu_gradient,Lowest observed NTU: 0,2614.336 NTU
2642.1476510067114,3.422121424284335,11.710915042545846,NA,-0.8522705107444369,0.12010886901991226,-1.0876795682473035,-0.6168614532415703,0.29895678308523016,0.2520554826097612,0.35049560099873334,Experiment 4,8.2,Field-derived SPM gradient,day4,nonlinear_betabinomial,motile_fraction,continuous_ntu_gradient,Lowest observed NTU: 0,2642.148 NTU
2669.959731543624,3.426667340473552,11.742049062268087,NA,-0.854141480649984,0.12071960027922111,-1.0907475494253287,-0.6175354118746392,0.29856480972570476,0.25147753610109347,0.3503421908342579,Experiment 4,8.2,Field-derived SPM gradient,day4,nonlinear_betabinomial,motile_fraction,continuous_ntu_gradient,Lowest observed NTU: 0,2669.96 NTU
2697.771812080537,3.431166165422115,11.7729012547375,NA,-0.8559982174841426,0.12132791278442634,-1.093796556861035,-0.6181998781072503,0.2981761102132476,0.25090403636585146,0.3501909716750521,Experiment 4,8.2,Field-derived SPM gradient,day4,nonlinear_betabinomial,motile_fraction,continuous_ntu_gradient,Lowest observed NTU: 0,2697.772 NTU
2725.5838926174497,3.435618864773735,11.80347698398917,NA,-0.8578409605926,0.1219337990714689,-1.0968268152708225,-0.6188551059143774,0.29779062814818236,0.250334925673235,0.35004188447343204,Experiment 4,8.2,Field-derived SPM gradient,day4,nonlinear_betabinomial,motile_fraction,continuous_ntu_gradient,Lowest observed NTU: 0,2725.584 NTU
2753.3959731543623,3.4400263747713637,11.833781459122612,NA,-0.8596699430942717,0.12253725330962872,-1.0998385463456055,-0.6195013398429379,0.2974083086143107,0.24977014717896878,0.3498948723874346,Experiment 4,8.2,Field-derived SPM gradient,day4,nonlinear_betabinomial,motile_fraction,continuous_ntu_gradient,Lowest observed NTU: 0,2753.396 NTU
2781.2080536912754,3.444389603438753,11.86381974027697,NA,-0.8614853920997411,0.12313827119087577,-1.1028319687523835,-0.6201388154470985,0.29702909812653566,0.24920964491833314,0.34974988067834833,Experiment 4,8.2,Field-derived SPM gradient,day4,nonlinear_betabinomial,motile_fraction,continuous_ntu_gradient,Lowest observed NTU: 0,2781.208 NTU
2809.020134228188,3.4487094317032554,11.893596744318991,NA,-0.8632875289200902,0.12373684982638523,-1.1058072981402465,-0.6207677596999339,0.29665294458079816,0.2486533637984325,0.3496068566138462,Experiment 4,8.2,Field-derived SPM gradient,day4,nonlinear_betabinomial,motile_fraction,continuous_ntu_gradient,Lowest observed NTU: 0,2809.02 NTU
2836.8322147651006,3.452986714463328,11.92311725026025,NA,-0.8650765692666317,0.12433298764971822,-1.1087647471503428,-0.6213883913829207,0.2962797972062059,0.24810124958979576,0.34946574937636754,Experiment 4,8.2,Field-derived SPM gradient,day4,nonlinear_betabinomial,motile_fraction,continuous_ntu_gradient,Lowest observed NTU: 0,2836.832 NTU
2864.6442953020137,3.457222281603979,11.952385904419023,NA,-0.8668527234420197,0.12492668432622782,-1.1117045254294307,-0.6220009214546087,0.295909606519236,0.24755324891738983,0.3493265099764277,Experiment 4,8.2,Field-derived SPM gradient,day4,nonlinear_betabinomial,motile_fraction,continuous_ntu_gradient,Lowest observed NTU: 0,2864.644 NTU
2892.4563758389263,3.4614169389631733,11.981407225341185,NA,-0.868616196523179,0.12551794066826688,-1.1146268396466175,-0.6226055533997406,0.29554232427990806,0.2470093092511233,0.3491890911705547,Experiment 4,8.2,Field-derived SPM gradient,day4,nonlinear_betabinomial,motile_fraction,continuous_ntu_gradient,Lowest observed NTU: 0,2892.456 NTU
2920.268456375839,3.4655714692520116,12.010185608493547,NA,-0.8703671885364782,0.12610675855581077,-1.1175318935129557,-0.6232024835600009,0.2951779034498234,0.24646937889591083,0.349053447383569,Experiment 4,8.2,Field-derived SPM gradient,day4,nonlinear_betabinomial,motile_fraction,continuous_ntu_gradient,Lowest observed NTU: 0,2920.268 NTU
2948.0805369127515,3.4696866329313165,12.038725330742256,NA,-0.8721058946255386,0.1266931408621385,-1.1204198878035898,-0.6237919014474873,0.29481629815197613,0.24593340698135732,0.3489195346349491,Experiment 4,8.2,Field-derived SPM gradient,day4,nonlinear_betabinomial,motile_fraction,continuous_ntu_gradient,Lowest observed NTU: 0,2948.081 NTU
2975.8926174496646,3.473763169047069,12.067030554627937,NA,-0.8738325052120478,0.12727709138423085,-1.1232910203821533,-0.6243739900419422,0.2944574636322467,0.2454013434511231,0.3487873104690333,Experiment 4,8.2,Field-derived SPM gradient,day4,nonlinear_betabinomial,motile_fraction,continuous_ntu_gradient,Lowest observed NTU: 0,2975.893 NTU
3003.7046979865772,3.477801796027005,12.095105332448663,NA,-0.8755472061499322,0.12785861477757962,-1.126145486227169,-0.6249489260726955,0.2941013562224936,0.24487313905201918,0.34865673388883306,Experiment 4,8.2,Field-derived SPM gradient,day4,nonlinear_betabinomial,motile_fraction,continuous_ntu_gradient,Lowest observed NTU: 0,3003.705 NTU
3031.51677852349,3.4818032124405094,12.122953610161051,NA,-0.8772501788732127,0.1284377164951151,-1.128983477460204,-0.6255168802862211,0.2937479333051638,0.24434874532288114,0.34852776529324364,Experiment 4,8.2,Field-derived SPM gradient,day4,nonlinear_betabinomial,motile_fraction,continuous_ntu_gradient,Lowest observed NTU: 0,3031.517 NTU
3059.328859060403,3.485768097723823,12.150579231109159,NA,-0.8789416005378571,0.1290144027299854,-1.1318051833755745,-0.6260780177001397,0.29339715327934585,0.24382811458326203,0.3484003664174531,Experiment 4,8.2,Field-derived SPM gradient,day4,nonlinear_betabinomial,motile_fraction,continuous_ntu_gradient,Lowest observed NTU: 0,3059.329 NTU
3087.1409395973155,3.489697112872445,12.177985939590279,NA,-0.8806216441579205,0.12958868036193416,-1.1346107904713845,-0.6266324978444566,0.2930489755281976,0.24331119992198577,0.34827450027636303,Experiment 4,8.2,Field-derived SPM gradient,day4,nonlinear_betabinomial,motile_fraction,continuous_ntu_gradient,Lowest observed NTU: 0,3087.141 NTU
3114.953020134228,3.4935909011024924,12.205177384266126,NA,-0.8822904787362479,0.1301605569070435,-1.1374004824817292,-0.6271804749907666,0.29270336038767947,0.24279795518559394,0.34815013111084775,Experiment 4,8.2,Field-derived SPM gradient,day4,nonlinear_betabinomial,motile_fraction,continuous_ntu_gradient,Lowest observed NTU: 0,3114.953 NTU
3142.7651006711412,3.4974500884826742,12.232157121427466,NA,-0.8839482693900004,0.13073004047062747,-1.140174440409894,-0.6277220983701068,0.29236026911653284,0.24228833496671762,0.3480272243366891,Experiment 4,8.2,Field-derived SPM gradient,day4,nonlinear_betabinomial,motile_fraction,continuous_ntu_gradient,Lowest observed NTU: 0,3142.765 NTU
3170.577181208054,3.501275284538436,12.258928618119706,NA,-0.885595177471255,0.131297139703072,-1.1429328425624001,-0.62825751238011,0.29201966386744127,0.24178229459240258,0.3479057464960335,Experiment 4,8.2,Field-derived SPM gradient,day4,nonlinear_betabinomial,motile_fraction,continuous_ntu_gradient,Lowest observed NTU: 0,3170.577 NTU
3198.3892617449665,3.5050670828297257,12.285495255136484,NA,-0.8872313606829026,0.13186186375843145,-1.1456758645837557,-0.6287868567820496,0.291681507659322,0.24127979011241454,0.3477856652112305,Experiment 4,8.2,Field-derived SPM gradient,day4,nonlinear_betabinomial,motile_fraction,continuous_ntu_gradient,Lowest observed NTU: 0,3198.389 NTU
3226.201342281879,3.5088260615037585,12.311860329887978,NA,-0.888856973190069,0.13242422225560735,-1.148403679491787,-0.6293102668883511,0.2913457643506921,0.24078077828754624,0.347666949140916,Experiment 4,8.2,Field-derived SPM gradient,day4,nonlinear_betabinomial,motile_fraction,continuous_ntu_gradient,Lowest observed NTU: 0,3226.201 NTU
3254.013422818792,3.512552783824061,12.33802705915016,NA,-0.8904721657272648,0.13298422524194592,-1.1511164577134412,-0.6298278737410885,0.2910123986140608,0.2402852165779471,0.34754956793821934,Experiment 4,8.2,Field-derived SPM gradient,day4,nonlinear_betabinomial,motile_fraction,continuous_ntu_gradient,Lowest observed NTU: 0,3254.013 NTU
3281.8255033557048,3.516247798677013,12.363998581700939,NA,-0.8920770857014638,0.1335418831591008,-1.1538143671209573,-0.6303398042819703,0.29068137591129956,0.2397930631314942,0.34743349221097175,Experiment 4,8.2,Field-derived SPM gradient,day4,nonlinear_betabinomial,motile_fraction,continuous_ntu_gradient,Lowest observed NTU: 0,3281.826 NTU
3309.6375838926174,3.519911641057015,12.389777960848688,NA,-0.8936718772912876,0.13409720681101542,-1.156497573068297,-0.6308461815142783,0.29035266246994623,0.2393042767722221,0.34731869348380984,Experiment 4,8.2,Field-derived SPM gradient,day4,nonlinear_betabinomial,motile_fraction,continuous_ntu_gradient,Lowest observed NTU: 0,3309.638 NTU
3337.4496644295305,3.523544832531371,12.415368186858528,NA,-0.8952566815424833,0.13465020733389782,-1.1591662384277739,-0.6313471246571926,0.2900262252603998,0.23881881698882343,0.3472051441620688,Experiment 4,8.2,Field-derived SPM gradient,day4,nonlinear_betabinomial,motile_fraction,continuous_ntu_gradient,Lowest observed NTU: 0,3337.45 NTU
3365.261744966443,3.5271478816858775,12.440772179281172,NA,-0.896831636459852,0.13520089616805922,-1.1618205236267873,-0.6318427492929166,0.28970203197396643,0.23833664392323642,0.34709281749736975,Experiment 4,8.2,Field-derived SPM gradient,day4,nonlinear_betabinomial,motile_fraction,continuous_ntu_gradient,Lowest observed NTU: 0,3365.262 NTU
3393.0738255033557,3.5307212845520852,12.465992789189126,NA,-0.8983968770957919,0.1357492850314997,-1.1644605866845934,-0.6323331675069903,0.28938005100171826,0.23785771835932906,0.34698168755480724,Experiment 4,8.2,Field-derived SPM gradient,day4,nonlinear_betabinomial,motile_fraction,continuous_ntu_gradient,Lowest observed NTU: 0,3393.074 NTU
3420.8859060402688,3.5342655250171253,12.491032801324577,NA,-0.8999525356356027,0.13629538589513363,-1.1670865832490531,-0.6328184880221523,0.2890602514141288,0.23738200171169127,0.34687172918165377,Experiment 4,8.2,Field-derived SPM gradient,day4,nonlinear_betabinomial,motile_fraction,continuous_ntu_gradient,Lowest observed NTU: 0,3420.886 NTU
3448.6979865771814,3.537781075216947,12.515894936163178,NA,-0.9014987414796937,0.13683921095955529,-1.1696986666333007,-0.6332988163260866,0.28874260294145104,0.23690945601454308,0.34676291797750064,Experiment 4,8.2,Field-derived SPM gradient,day4,nonlinear_betabinomial,motile_fraction,continuous_ntu_gradient,Lowest observed NTU: 0,3448.698 NTU
3476.510067114094,3.5412683959137667,12.540581851897663,NA,-0.9030356213228335,0.13738077263324786,-1.172296987852285,-0.633774254793382,0.2884270759548058,0.23644004391076623,0.3466552302657582,Experiment 4,8.2,Field-derived SPM gradient,day4,nonlinear_betabinomial,motile_fraction,continuous_ntu_gradient,Lowest observed NTU: 0,3476.51 NTU
3504.3221476510066,3.544727936858483,12.565096146344999,NA,-0.904563299230564,0.137920083512146,-1.1748816956591266,-0.6342449028020014,0.28811364144794915,0.23597372864106847,0.34654864306644506,Experiment 4,8.2,Field-derived SPM gradient,day4,nonlinear_betabinomial,motile_fraction,continuous_ntu_gradient,Lowest observed NTU: 0,3504.322 NTU
3532.1342281879197,3.5481601371387725,12.589440358780633,NA,-0.9060818967129068,0.13845715636046943,-1.1774529365812576,-0.634710856844556,0.28780227101968964,0.23551047403328398,0.3464431340701972,Experiment 4,8.2,Field-derived SPM gradient,day4,nonlinear_betabinomial,motile_fraction,continuous_ntu_gradient,Lowest observed NTU: 0,3532.134 NTU
3559.9463087248323,3.5515654255135343,12.613616971703133,NA,-0.9075915327954701,0.1389920040927538,-1.1800108549563113,-0.6351722106346289,0.2874929368569285,0.23505024449181564,0.3463386816134389,Experiment 4,8.2,Field-derived SPM gradient,day4,nonlinear_betabinomial,motile_fraction,continuous_ntu_gradient,Lowest observed NTU: 0,3559.946 NTU
3587.758389261745,3.554944220734329,12.637628412532406,NA,-0.909092324088073,0.13952463975700075,-1.1825555929677196,-0.6356290552084262,0.2871856117182949,0.23459300498722382,0.34623526465464893,Experiment 4,8.2,Field-derived SPM gradient,day4,nonlinear_betabinomial,motile_fraction,continuous_ntu_gradient,Lowest observed NTU: 0,3587.758 NTU
3615.570469798658,3.558296931854406,12.661477055244479,NA,-0.9105843848509864,0.1400550765188817,-1.1850872906799959,-0.6360814790219769,0.2868802689183522,0.23413872104596486,0.3461328627516728,Experiment 4,8.2,Field-derived SPM gradient,day4,nonlinear_betabinomial,motile_fraction,continuous_ntu_gradient,Lowest observed NTU: 0,3615.57 NTU
3643.3825503355706,3.5616239585258955,12.68516522194567,NA,-0.912067827058893,0.14058332764693135,-1.1876060860736724,-0.6365295680441135,0.2865768823123513,0.23368735874028268,0.3460314560400223,Experiment 4,8.2,Field-derived SPM gradient,day4,nonlinear_betabinomial,motile_fraction,continuous_ntu_gradient,Lowest observed NTU: 0,3643.383 NTU
3671.1946308724832,3.5649256912857044,12.708695184388857,NA,-0.9135427604626586,0.14110940649867115,-1.1901121150798764,-0.6369734058454409,0.28627542628150754,0.23323888467825452,0.34593102521211716,Experiment 4,8.2,Field-derived SPM gradient,day4,nonlinear_betabinomial,motile_fraction,continuous_ntu_gradient,Lowest observed NTU: 0,3671.195 NTU
3699.006711409396,3.5682025118306226,12.732069165434364,NA,-0.9150092926490058,0.14163332650760918,-1.1926055116145218,-0.6374130736834898,0.28597587571878075,0.2327932659939941,0.3458315514974202,Experiment 4,8.2,Field-derived SPM gradient,day4,nonlinear_betabinomial,motile_fraction,continuous_ntu_gradient,Lowest observed NTU: 0,3699.007 NTU
3726.818791946309,3.571454793282132,12.755289340457917,NA,-0.9164675290981753,0.14215510117105581,-1.1950864076120924,-0.6378486505842583,0.2856782060151368,0.23235047033801368,0.34573301664341893,Experiment 4,8.2,Field-derived SPM gradient,day4,nonlinear_betabinomial,motile_fraction,continuous_ntu_gradient,Lowest observed NTU: 0,3726.819 NTU
3754.6308724832215,3.5746829004413714,12.778357838707935,NA,-0.917917573239656,0.14267474403871677,-1.1975549330590116,-0.6382802134203004,0.285382393046272,0.2319104658677444,0.3456354028974166,Experiment 4,8.2,Field-derived SPM gradient,day4,nonlinear_betabinomial,motile_fraction,continuous_ntu_gradient,Lowest observed NTU: 0,3754.631 NTU
3782.442953020134,3.577887190034696,12.801276744614373,NA,-0.9193595265060651,0.14319226870201254,-1.2000112160265917,-0.6387078369855386,0.28508841315977995,0.2314732212382149,0.34553869298909,Experiment 4,8.2,Field-derived SPM gradient,day4,nonlinear_betabinomial,motile_fraction,continuous_ntu_gradient,Lowest observed NTU: 0,3782.443 NTU
3810.2550335570472,3.5810680109502444,12.82404809905114,NA,-0.920793488385243,0.14370768878407625,-1.2024553827035231,-0.639131594066963,0.2847962431627463,0.2310387055928932,0.3454428701137763,Experiment 4,8.2,Field-derived SPM gradient,day4,nonlinear_betabinomial,motile_fraction,continuous_ntu_gradient,Lowest observed NTU: 0,3810.255 NTU
3838.06711409396,3.5842257044659043,12.846673900554109,NA,-0.9222195564706462,0.14422101793039938,-1.2048875574279343,-0.6395515555133582,0.2845058603097503,0.2306068885546846,0.34534791791645614,Experiment 4,8.2,Field-derived SPM gradient,day4,nonlinear_betabinomial,motile_fraction,continuous_ntu_gradient,Lowest observed NTU: 0,3838.067 NTU
3865.8791946308725,3.587360604469052,12.869156106496563,NA,-0.923637826510095,0.14473226980007783,-1.2073078627189817,-0.6399677903012083,0.2842172422912608,0.23017774021709103,0.3452538204763973,Experiment 4,8.2,Field-derived SPM gradient,day4,nonlinear_betabinomial,motile_fraction,continuous_ntu_gradient,Lowest observed NTU: 0,3865.879 NTU
3893.6912751677855,3.5904730376684157,12.891496634223861,NA,-0.925048392452945,0.14524145805762712,-1.2097164193079788,-0.6403803655979111,0.28393036722240833,0.22975123113552856,0.34516056229242736,Experiment 4,8.2,Field-derived SPM gradient,day4,nonlinear_betabinomial,motile_fraction,continuous_ntu_gradient,Lowest observed NTU: 0,3893.691 NTU
3921.503355704698,3.5935633237984033,12.913697362149028,NA,-0.9264513464957457,0.14574859636533535,-1.2121133461690683,-0.6407893468224231,0.2836452136321207,0.22932733231880098,0.3450681282688078,Experiment 4,8.2,Field-derived SPM gradient,day4,nonlinear_betabinomial,motile_fraction,continuous_ntu_gradient,Lowest observed NTU: 0,3921.503 NTU
3949.3154362416108,3.5966317758162076,12.935760130810847,NA,-0.9278467791264363,0.1462536983761146,-1.214498760549405,-0.6411947977034675,0.2833617604526065,0.228906015220733,0.3449765037016788,Experiment 4,8.2,Field-derived SPM gradient,day4,nonlinear_betabinomial,motile_fraction,continuous_ntu_gradient,Lowest observed NTU: 0,3949.315 NTU
3977.1275167785234,3.5996787000920034,12.957686743896055,NA,-0.9292347791671475,0.14675677772683188,-1.216872777998888,-0.641596780335407,0.28307998700917414,0.22848725173195478,0.344885674266049,Experiment 4,8.2,Field-derived SPM gradient,day4,nonlinear_betabinomial,motile_fraction,continuous_ntu_gradient,Lowest observed NTU: 0,3977.128 NTU
4004.9395973154365,3.602704396592513,12.979478969227024,NA,-0.9306154338156488,0.14725784803207945,-1.219235512399397,-0.6419953552319007,0.2827998730103729,0.2280710141718441,0.34479562600330416,Experiment 4,8.2,Field-derived SPM gradient,day4,nonlinear_betabinomial,motile_fraction,continuous_ntu_gradient,Lowest observed NTU: 0,4004.94 NTU
4032.751677852349,3.605709159058225,13.00113853971637,NA,-0.9319888286855035,0.14775692287837122,-1.2215870759935734,-0.6423905813774335,0.28252139853844443,0.22765727528061783,0.34470634530921274,Experiment 4,8.2,Field-derived SPM gradient,day4,nonlinear_betabinomial,motile_fraction,continuous_ntu_gradient,Lowest observed NTU: 0,4032.752 NTU
4060.5637583892617,3.6086932751745224,13.022667154289822,NA,-0.9333550478449736,0.1482540158187286,-1.223927579413113,-0.6427825162768341,0.2822445440400721,0.22724600821157576,0.3446178189224022,Experiment 4,8.2,Field-derived SPM gradient,day4,nonlinear_betabinomial,motile_fraction,continuous_ntu_gradient,Lowest observed NTU: 0,4060.564 NTU
4088.3758389261748,3.6116570267369745,13.044066478778563,NA,-0.9347141738547241,0.14874914036764228,-1.226257131706596,-0.6431712160028522,0.28196929031741774,0.22683718652349202,0.34453003391328796,Experiment 4,8.2,Field-derived SPM gradient,day4,nonlinear_betabinomial,motile_fraction,continuous_ntu_gradient,Lowest observed NTU: 0,4088.376 NTU
4116.187919463087,3.6146006898110223,13.065338146782318,NA,-0.9360662878043707,0.14924230999638305,-1.2285758403668434,-0.6435567352418979,0.2816956185194352,0.22643078417315357,0.34444297767343235,Experiment 4,8.2,Field-derived SPM gradient,day4,nonlinear_betabinomial,motile_fraction,continuous_ntu_gradient,Lowest observed NTU: 0,4116.188 NTU
4144,3.6175245348862926,13.086483760504287,4144 NTU,-0.9374114693479113,0.14973353812863952,-1.2308838113577996,-0.6439391273380229,0.2814235101334495,0.22602677550804487,0.3443566379053142,Experiment 4,8.2,Field-derived SPM gradient,day4,nonlinear_betabinomial,motile_fraction,continuous_ntu_gradient,Lowest observed NTU: 0,4144 NTU
