row_id,video_file,camera_file,frame_count,experiment,experiment_id,experiment_chr,experiment_num,ms4_block_flag,ms4_target_experiment,experiment_type,is_control,is_target_species,culture,well,days_from_start,species,site,season,collection_site,toxin_exposure,particle_type,particle_class,size_class,lux_exposure,ntu,cu_ug_l,bw_ug_l,mass_loading_ug_l,mobile_cell_count,stationary_cell_count,total_cells,motility_ratio,tile,tile_count,count_date_yyyy_mm_dd,start_date_yyyy_mm_dd,collection_date,release,year,preparation,comment,species_std,qc_recalc_total_cells,qc_recalc_motility_ratio,flag_missing_response_counts,flag_total_cell_count_le_zero,flag_inconsistent_count_totals,flag_missing_key_predictor,flag_unexpected_frame_count,flag_impossible_date_sequences,flag_negative_mobile_count,flag_negative_stationary_count,flag_negative_ntu,flag_negative_lux,flag_negative_mass_loading,qc_n_flags,qc_any_flag,qc_flag_reason,qc_flag_reason_pretty,exclude_missing_response_counts,exclude_total_cell_count_le_zero,exclude_missing_key_predictor,exclude_negative_mobile_count,exclude_negative_stationary_count,exclude_inconsistent_count_totals,exclude_unexpected_frame_count,exclude_impossible_date_sequences,exclude_negative_ntu,exclude_negative_lux,exclude_negative_mass_loading,exclusion_flag,exclusion_reason,exclusion_reason_pretty,stationary_ratio,experiment_num_chr,experiment_label_core,experiment_plot_group,log10_ntu_plus1,log10_bw_ug_l_plus1,lux_exposure_f,days_from_start_f,day_order,particle_type_plot,size_class_plot,treatment_group,brake_exposure,brake_size_treatment,use_exp1_light,use_exp2_defined_particles,use_exp3_brake_size,use_exp3_brake_presence,use_exp4_field_spm,day_label,ntu_band,lux_band,n_obs_experiment_day,n_obs_experiment_culture,n_obs_experiment_well,experiment_label,experiment_short_label,particle_label,particle_short_label,size_class_label,day4_analysis_flag,day4_experiment_label
234,C1755,20241227_C1755_clip.mp4,504,10.2,NA,10.2,10.2,TRUE,EXP2_DEFINED_PARTICLES,DEFINED_PARTICLES,FALSE,TRUE,52,24224,4,L. DIGITATA,BR,WINTER,Bognor,PEAT,PEAT,NA,NA,0,25,0,0,NA,1172,2363,3535,0.33154172560113154,none,NA,NA,NA,NA,NA,2024,NA,100 NTU,LAMINARIA DIGITATA,3535,0.33154172560113154,FALSE,FALSE,FALSE,FALSE,FALSE,FALSE,FALSE,FALSE,FALSE,FALSE,FALSE,0,FALSE,NA,NA,FALSE,FALSE,FALSE,FALSE,FALSE,FALSE,FALSE,FALSE,FALSE,FALSE,FALSE,FALSE,NA,NA,0.6684582743988685,10.2,DEFINED_PARTICLES,EXP2_DEFINED_PARTICLES,1.414973347970818,0,0 lux,4,1,PEAT,NA,DEFINED_PARTICLES,NA,NA,FALSE,TRUE,FALSE,FALSE,FALSE,Day 4,25-<100 NTU,0 lux,27,108,4,Experiment 2: Defined particle concentration series,Exp. 2 Defined particles,Peat,Peat,NA,TRUE,EXP2_DEFINED_PARTICLES
235,C1756,20241227_C1756_clip.mp4,504,10.2,NA,10.2,10.2,TRUE,EXP2_DEFINED_PARTICLES,DEFINED_PARTICLES,FALSE,TRUE,52,24225,4,L. DIGITATA,BR,WINTER,Bognor,PEAT,PEAT,NA,NA,0,25,0,0,NA,16127,25863,41990,0.3840676351512265,none,NA,NA,NA,NA,NA,2024,NA,100 NTU,LAMINARIA DIGITATA,41990,0.3840676351512265,FALSE,FALSE,FALSE,FALSE,FALSE,FALSE,FALSE,FALSE,FALSE,FALSE,FALSE,0,FALSE,NA,NA,FALSE,FALSE,FALSE,FALSE,FALSE,FALSE,FALSE,FALSE,FALSE,FALSE,FALSE,FALSE,NA,NA,0.6159323648487736,10.2,DEFINED_PARTICLES,EXP2_DEFINED_PARTICLES,1.414973347970818,0,0 lux,4,1,PEAT,NA,DEFINED_PARTICLES,NA,NA,FALSE,TRUE,FALSE,FALSE,FALSE,Day 4,25-<100 NTU,0 lux,27,108,4,Experiment 2: Defined particle concentration series,Exp. 2 Defined particles,Peat,Peat,NA,TRUE,EXP2_DEFINED_PARTICLES
236,C1757,20241227_C1757_clip.mp4,504,10.2,NA,10.2,10.2,TRUE,EXP2_DEFINED_PARTICLES,DEFINED_PARTICLES,FALSE,TRUE,52,24226,4,L. DIGITATA,BR,WINTER,Bognor,PEAT,PEAT,NA,NA,0,25,0,0,NA,39678,60662,100340,0.39543551923460235,none,NA,NA,NA,NA,NA,2024,NA,100 NTU,LAMINARIA DIGITATA,100340,0.39543551923460235,FALSE,FALSE,FALSE,FALSE,FALSE,FALSE,FALSE,FALSE,FALSE,FALSE,FALSE,0,FALSE,NA,NA,FALSE,FALSE,FALSE,FALSE,FALSE,FALSE,FALSE,FALSE,FALSE,FALSE,FALSE,FALSE,NA,NA,0.6045644807653976,10.2,DEFINED_PARTICLES,EXP2_DEFINED_PARTICLES,1.414973347970818,0,0 lux,4,1,PEAT,NA,DEFINED_PARTICLES,NA,NA,FALSE,TRUE,FALSE,FALSE,FALSE,Day 4,25-<100 NTU,0 lux,27,108,4,Experiment 2: Defined particle concentration series,Exp. 2 Defined particles,Peat,Peat,NA,TRUE,EXP2_DEFINED_PARTICLES
237,C1758,20241227_C1758_clip.mp4,504,10.2,NA,10.2,10.2,TRUE,EXP2_DEFINED_PARTICLES,DEFINED_PARTICLES,FALSE,TRUE,52,24231,4,L. DIGITATA,BR,WINTER,Bognor,PEAT,PEAT,NA,NA,0,100,0,0,NA,40580,61722,102302,0.396668686829192,none,NA,NA,NA,NA,NA,2024,NA,100 NTU / time check 12:40,LAMINARIA DIGITATA,102302,0.396668686829192,FALSE,FALSE,FALSE,FALSE,FALSE,FALSE,FALSE,FALSE,FALSE,FALSE,FALSE,0,FALSE,NA,NA,FALSE,FALSE,FALSE,FALSE,FALSE,FALSE,FALSE,FALSE,FALSE,FALSE,FALSE,FALSE,NA,NA,0.603331313170808,10.2,DEFINED_PARTICLES,EXP2_DEFINED_PARTICLES,2.0043213737826426,0,0 lux,4,1,PEAT,NA,DEFINED_PARTICLES,NA,NA,FALSE,TRUE,FALSE,FALSE,FALSE,Day 4,100-<400 NTU,0 lux,27,108,4,Experiment 2: Defined particle concentration series,Exp. 2 Defined particles,Peat,Peat,NA,TRUE,EXP2_DEFINED_PARTICLES
238,C1759,20241227_C1759_clip.mp4,504,10.2,NA,10.2,10.2,TRUE,EXP2_DEFINED_PARTICLES,DEFINED_PARTICLES,FALSE,TRUE,52,24232,4,L. DIGITATA,BR,WINTER,Bognor,PEAT,PEAT,NA,NA,0,100,0,0,NA,46912,69643,116555,0.40248809574878813,none,NA,NA,NA,NA,NA,2024,NA,100 NTU,LAMINARIA DIGITATA,116555,0.40248809574878813,FALSE,FALSE,FALSE,FALSE,FALSE,FALSE,FALSE,FALSE,FALSE,FALSE,FALSE,0,FALSE,NA,NA,FALSE,FALSE,FALSE,FALSE,FALSE,FALSE,FALSE,FALSE,FALSE,FALSE,FALSE,FALSE,NA,NA,0.5975119042512119,10.2,DEFINED_PARTICLES,EXP2_DEFINED_PARTICLES,2.0043213737826426,0,0 lux,4,1,PEAT,NA,DEFINED_PARTICLES,NA,NA,FALSE,TRUE,FALSE,FALSE,FALSE,Day 4,100-<400 NTU,0 lux,27,108,4,Experiment 2: Defined particle concentration series,Exp. 2 Defined particles,Peat,Peat,NA,TRUE,EXP2_DEFINED_PARTICLES
239,C1760,20241227_C1760_clip.mp4,504,10.2,NA,10.2,10.2,TRUE,EXP2_DEFINED_PARTICLES,DEFINED_PARTICLES,FALSE,TRUE,52,24233,4,L. DIGITATA,BR,WINTER,Bognor,PEAT,PEAT,NA,NA,0,100,0,0,NA,40402,63627,104029,0.38837247306039663,none,NA,NA,NA,NA,NA,2024,NA,100 NTU,LAMINARIA DIGITATA,104029,0.38837247306039663,FALSE,FALSE,FALSE,FALSE,FALSE,FALSE,FALSE,FALSE,FALSE,FALSE,FALSE,0,FALSE,NA,NA,FALSE,FALSE,FALSE,FALSE,FALSE,FALSE,FALSE,FALSE,FALSE,FALSE,FALSE,FALSE,NA,NA,0.6116275269396034,10.2,DEFINED_PARTICLES,EXP2_DEFINED_PARTICLES,2.0043213737826426,0,0 lux,4,1,PEAT,NA,DEFINED_PARTICLES,NA,NA,FALSE,TRUE,FALSE,FALSE,FALSE,Day 4,100-<400 NTU,0 lux,27,108,4,Experiment 2: Defined particle concentration series,Exp. 2 Defined particles,Peat,Peat,NA,TRUE,EXP2_DEFINED_PARTICLES
240,C1761,20241227_C1761_clip.mp4,504,10.2,NA,10.2,10.2,TRUE,EXP2_DEFINED_PARTICLES,DEFINED_PARTICLES,FALSE,TRUE,52,24234,4,L. DIGITATA,BR,WINTER,Bognor,PEAT,PEAT,NA,NA,0,400,0,0,NA,37304,57336,94640,0.394167371090448,none,NA,NA,NA,NA,NA,2024,NA,100 NTU,LAMINARIA DIGITATA,94640,0.394167371090448,FALSE,FALSE,FALSE,FALSE,FALSE,FALSE,FALSE,FALSE,FALSE,FALSE,FALSE,0,FALSE,NA,NA,FALSE,FALSE,FALSE,FALSE,FALSE,FALSE,FALSE,FALSE,FALSE,FALSE,FALSE,FALSE,NA,NA,0.605832628909552,10.2,DEFINED_PARTICLES,EXP2_DEFINED_PARTICLES,2.603144372620182,0,0 lux,4,1,PEAT,NA,DEFINED_PARTICLES,NA,NA,FALSE,TRUE,FALSE,FALSE,FALSE,Day 4,>=400 NTU,0 lux,27,108,4,Experiment 2: Defined particle concentration series,Exp. 2 Defined particles,Peat,Peat,NA,TRUE,EXP2_DEFINED_PARTICLES
241,C1762,20241227_C1762_clip.mp4,504,10.2,NA,10.2,10.2,TRUE,EXP2_DEFINED_PARTICLES,DEFINED_PARTICLES,FALSE,TRUE,52,24235,4,L. DIGITATA,BR,WINTER,Bognor,PEAT,PEAT,NA,NA,0,400,0,0,NA,47454,68718,116172,0.4084805288709844,none,NA,NA,NA,NA,NA,2024,NA,100 NTU,LAMINARIA DIGITATA,116172,0.4084805288709844,FALSE,FALSE,FALSE,FALSE,FALSE,FALSE,FALSE,FALSE,FALSE,FALSE,FALSE,0,FALSE,NA,NA,FALSE,FALSE,FALSE,FALSE,FALSE,FALSE,FALSE,FALSE,FALSE,FALSE,FALSE,FALSE,NA,NA,0.5915194711290156,10.2,DEFINED_PARTICLES,EXP2_DEFINED_PARTICLES,2.603144372620182,0,0 lux,4,1,PEAT,NA,DEFINED_PARTICLES,NA,NA,FALSE,TRUE,FALSE,FALSE,FALSE,Day 4,>=400 NTU,0 lux,27,108,4,Experiment 2: Defined particle concentration series,Exp. 2 Defined particles,Peat,Peat,NA,TRUE,EXP2_DEFINED_PARTICLES
242,C1763,20241227_C1763_clip.mp4,504,10.2,NA,10.2,10.2,TRUE,EXP2_DEFINED_PARTICLES,DEFINED_PARTICLES,FALSE,TRUE,52,24236,4,L. DIGITATA,BR,WINTER,Bognor,PEAT,PEAT,NA,NA,0,400,0,0,NA,44318,65187,109505,0.4047121136021186,none,NA,NA,NA,NA,NA,2024,NA,100 NTU / slight adjustment of focus,LAMINARIA DIGITATA,109505,0.4047121136021186,FALSE,FALSE,FALSE,FALSE,FALSE,FALSE,FALSE,FALSE,FALSE,FALSE,FALSE,0,FALSE,NA,NA,FALSE,FALSE,FALSE,FALSE,FALSE,FALSE,FALSE,FALSE,FALSE,FALSE,FALSE,FALSE,NA,NA,0.5952878863978813,10.2,DEFINED_PARTICLES,EXP2_DEFINED_PARTICLES,2.603144372620182,0,0 lux,4,1,PEAT,NA,DEFINED_PARTICLES,NA,NA,FALSE,TRUE,FALSE,FALSE,FALSE,Day 4,>=400 NTU,0 lux,27,108,4,Experiment 2: Defined particle concentration series,Exp. 2 Defined particles,Peat,Peat,NA,TRUE,EXP2_DEFINED_PARTICLES
243,C1765,20241227_C1765_clip.mp4,504,10.2,NA,10.2,10.2,TRUE,EXP2_DEFINED_PARTICLES,DEFINED_PARTICLES,FALSE,TRUE,52,24241,4,L. DIGITATA,BR,WINTER,Bognor,KAOLINITE,KAOLINITE,NA,NA,0,100,0,0,NA,42997,62952,105949,0.4058273320182352,none,NA,NA,NA,NA,NA,2024,NA,100 NTU / time check 12:44,LAMINARIA DIGITATA,105949,0.4058273320182352,FALSE,FALSE,FALSE,FALSE,FALSE,FALSE,FALSE,FALSE,FALSE,FALSE,FALSE,0,FALSE,NA,NA,FALSE,FALSE,FALSE,FALSE,FALSE,FALSE,FALSE,FALSE,FALSE,FALSE,FALSE,FALSE,NA,NA,0.5941726679817648,10.2,DEFINED_PARTICLES,EXP2_DEFINED_PARTICLES,2.0043213737826426,0,0 lux,4,1,KAOLINITE,NA,DEFINED_PARTICLES,NA,NA,FALSE,TRUE,FALSE,FALSE,FALSE,Day 4,100-<400 NTU,0 lux,27,108,4,Experiment 2: Defined particle concentration series,Exp. 2 Defined particles,Kaolinite,Kaolinite,NA,TRUE,EXP2_DEFINED_PARTICLES
244,C1766,20241227_C1766_clip.mp4,504,10.2,NA,10.2,10.2,TRUE,EXP2_DEFINED_PARTICLES,DEFINED_PARTICLES,FALSE,TRUE,52,24242,4,L. DIGITATA,BR,WINTER,Bognor,KAOLINITE,KAOLINITE,NA,NA,0,100,0,0,NA,39717,57799,97516,0.4072870093112925,none,NA,NA,NA,NA,NA,2024,NA,100 NTU,LAMINARIA DIGITATA,97516,0.4072870093112925,FALSE,FALSE,FALSE,FALSE,FALSE,FALSE,FALSE,FALSE,FALSE,FALSE,FALSE,0,FALSE,NA,NA,FALSE,FALSE,FALSE,FALSE,FALSE,FALSE,FALSE,FALSE,FALSE,FALSE,FALSE,FALSE,NA,NA,0.5927129906887075,10.2,DEFINED_PARTICLES,EXP2_DEFINED_PARTICLES,2.0043213737826426,0,0 lux,4,1,KAOLINITE,NA,DEFINED_PARTICLES,NA,NA,FALSE,TRUE,FALSE,FALSE,FALSE,Day 4,100-<400 NTU,0 lux,27,108,4,Experiment 2: Defined particle concentration series,Exp. 2 Defined particles,Kaolinite,Kaolinite,NA,TRUE,EXP2_DEFINED_PARTICLES
245,C1767,20241227_C1767_clip.mp4,504,10.2,NA,10.2,10.2,TRUE,EXP2_DEFINED_PARTICLES,DEFINED_PARTICLES,FALSE,TRUE,52,24243,4,L. DIGITATA,BR,WINTER,Bognor,KAOLINITE,KAOLINITE,NA,NA,0,100,0,0,NA,28478,43024,71502,0.39828256552264274,none,NA,NA,NA,NA,NA,2024,NA,100 NTU,LAMINARIA DIGITATA,71502,0.39828256552264274,FALSE,FALSE,FALSE,FALSE,FALSE,FALSE,FALSE,FALSE,FALSE,FALSE,FALSE,0,FALSE,NA,NA,FALSE,FALSE,FALSE,FALSE,FALSE,FALSE,FALSE,FALSE,FALSE,FALSE,FALSE,FALSE,NA,NA,0.6017174344773573,10.2,DEFINED_PARTICLES,EXP2_DEFINED_PARTICLES,2.0043213737826426,0,0 lux,4,1,KAOLINITE,NA,DEFINED_PARTICLES,NA,NA,FALSE,TRUE,FALSE,FALSE,FALSE,Day 4,100-<400 NTU,0 lux,27,108,4,Experiment 2: Defined particle concentration series,Exp. 2 Defined particles,Kaolinite,Kaolinite,NA,TRUE,EXP2_DEFINED_PARTICLES
246,C1768,20241227_C1768_clip.mp4,504,10.2,NA,10.2,10.2,TRUE,EXP2_DEFINED_PARTICLES,DEFINED_PARTICLES,FALSE,TRUE,52,24244,4,L. DIGITATA,BR,WINTER,Bognor,KAOLINITE,KAOLINITE,NA,NA,0,400,0,0,NA,44088,66444,110532,0.3988709152100749,none,NA,NA,NA,NA,NA,2024,NA,100 NTU,LAMINARIA DIGITATA,110532,0.3988709152100749,FALSE,FALSE,FALSE,FALSE,FALSE,FALSE,FALSE,FALSE,FALSE,FALSE,FALSE,0,FALSE,NA,NA,FALSE,FALSE,FALSE,FALSE,FALSE,FALSE,FALSE,FALSE,FALSE,FALSE,FALSE,FALSE,NA,NA,0.6011290847899251,10.2,DEFINED_PARTICLES,EXP2_DEFINED_PARTICLES,2.603144372620182,0,0 lux,4,1,KAOLINITE,NA,DEFINED_PARTICLES,NA,NA,FALSE,TRUE,FALSE,FALSE,FALSE,Day 4,>=400 NTU,0 lux,27,108,4,Experiment 2: Defined particle concentration series,Exp. 2 Defined particles,Kaolinite,Kaolinite,NA,TRUE,EXP2_DEFINED_PARTICLES
247,C1770,20241227_C1770_clip.mp4,504,10.2,NA,10.2,10.2,TRUE,EXP2_DEFINED_PARTICLES,DEFINED_PARTICLES,FALSE,TRUE,52,24245,4,L. DIGITATA,BR,WINTER,Bognor,KAOLINITE,KAOLINITE,NA,NA,0,400,0,0,NA,42777,63904,106681,0.40098049324622004,none,NA,NA,NA,NA,NA,2024,NA,100 NTU,LAMINARIA DIGITATA,106681,0.40098049324622004,FALSE,FALSE,FALSE,FALSE,FALSE,FALSE,FALSE,FALSE,FALSE,FALSE,FALSE,0,FALSE,NA,NA,FALSE,FALSE,FALSE,FALSE,FALSE,FALSE,FALSE,FALSE,FALSE,FALSE,FALSE,FALSE,NA,NA,0.5990195067537799,10.2,DEFINED_PARTICLES,EXP2_DEFINED_PARTICLES,2.603144372620182,0,0 lux,4,1,KAOLINITE,NA,DEFINED_PARTICLES,NA,NA,FALSE,TRUE,FALSE,FALSE,FALSE,Day 4,>=400 NTU,0 lux,27,108,4,Experiment 2: Defined particle concentration series,Exp. 2 Defined particles,Kaolinite,Kaolinite,NA,TRUE,EXP2_DEFINED_PARTICLES
248,C1771,20241227_C1771_clip.mp4,504,10.2,NA,10.2,10.2,TRUE,EXP2_DEFINED_PARTICLES,DEFINED_PARTICLES,FALSE,TRUE,52,24246,4,L. DIGITATA,BR,WINTER,Bognor,KAOLINITE,KAOLINITE,NA,NA,0,400,0,0,NA,43405,66748,110153,0.3940428313345982,none,NA,NA,NA,NA,NA,2024,NA,100 NTU,LAMINARIA DIGITATA,110153,0.3940428313345982,FALSE,FALSE,FALSE,FALSE,FALSE,FALSE,FALSE,FALSE,FALSE,FALSE,FALSE,0,FALSE,NA,NA,FALSE,FALSE,FALSE,FALSE,FALSE,FALSE,FALSE,FALSE,FALSE,FALSE,FALSE,FALSE,NA,NA,0.6059571686654017,10.2,DEFINED_PARTICLES,EXP2_DEFINED_PARTICLES,2.603144372620182,0,0 lux,4,1,KAOLINITE,NA,DEFINED_PARTICLES,NA,NA,FALSE,TRUE,FALSE,FALSE,FALSE,Day 4,>=400 NTU,0 lux,27,108,4,Experiment 2: Defined particle concentration series,Exp. 2 Defined particles,Kaolinite,Kaolinite,NA,TRUE,EXP2_DEFINED_PARTICLES
249,C1773,20241227_C1773_clip.mp4,504,10.2,NA,10.2,10.2,TRUE,EXP2_DEFINED_PARTICLES,DEFINED_PARTICLES,FALSE,TRUE,52,24251,4,L. DIGITATA,BR,WINTER,Bognor,SAND,SAND,NA,NA,0,100,0,0,NA,2852,5174,8026,0.35534512833291804,none,NA,NA,NA,NA,NA,2024,NA,100 NTU,LAMINARIA DIGITATA,8026,0.35534512833291804,FALSE,FALSE,FALSE,FALSE,FALSE,FALSE,FALSE,FALSE,FALSE,FALSE,FALSE,0,FALSE,NA,NA,FALSE,FALSE,FALSE,FALSE,FALSE,FALSE,FALSE,FALSE,FALSE,FALSE,FALSE,FALSE,NA,NA,0.644654871667082,10.2,DEFINED_PARTICLES,EXP2_DEFINED_PARTICLES,2.0043213737826426,0,0 lux,4,1,SAND,NA,DEFINED_PARTICLES,NA,NA,FALSE,TRUE,FALSE,FALSE,FALSE,Day 4,100-<400 NTU,0 lux,27,108,4,Experiment 2: Defined particle concentration series,Exp. 2 Defined particles,Sand,Sand,NA,TRUE,EXP2_DEFINED_PARTICLES
250,C1774,20241227_C1774_clip.mp4,504,10.2,NA,10.2,10.2,TRUE,EXP2_DEFINED_PARTICLES,DEFINED_PARTICLES,FALSE,TRUE,52,24252,4,L. DIGITATA,BR,WINTER,Bognor,SAND,SAND,NA,NA,0,100,0,0,NA,1130,2630,3760,0.300531914893617,none,NA,NA,NA,NA,NA,2024,NA,100 NTU,LAMINARIA DIGITATA,3760,0.300531914893617,FALSE,FALSE,FALSE,FALSE,FALSE,FALSE,FALSE,FALSE,FALSE,FALSE,FALSE,0,FALSE,NA,NA,FALSE,FALSE,FALSE,FALSE,FALSE,FALSE,FALSE,FALSE,FALSE,FALSE,FALSE,FALSE,NA,NA,0.699468085106383,10.2,DEFINED_PARTICLES,EXP2_DEFINED_PARTICLES,2.0043213737826426,0,0 lux,4,1,SAND,NA,DEFINED_PARTICLES,NA,NA,FALSE,TRUE,FALSE,FALSE,FALSE,Day 4,100-<400 NTU,0 lux,27,108,4,Experiment 2: Defined particle concentration series,Exp. 2 Defined particles,Sand,Sand,NA,TRUE,EXP2_DEFINED_PARTICLES
251,C1775,20241227_C1775_clip.mp4,504,10.2,NA,10.2,10.2,TRUE,EXP2_DEFINED_PARTICLES,DEFINED_PARTICLES,FALSE,TRUE,52,24253,4,L. DIGITATA,BR,WINTER,Bognor,SAND,SAND,NA,NA,0,100,0,0,NA,33673,54215,87888,0.3831353540870198,none,NA,NA,NA,NA,NA,2024,NA,100 NTU,LAMINARIA DIGITATA,87888,0.3831353540870198,FALSE,FALSE,FALSE,FALSE,FALSE,FALSE,FALSE,FALSE,FALSE,FALSE,FALSE,0,FALSE,NA,NA,FALSE,FALSE,FALSE,FALSE,FALSE,FALSE,FALSE,FALSE,FALSE,FALSE,FALSE,FALSE,NA,NA,0.6168646459129802,10.2,DEFINED_PARTICLES,EXP2_DEFINED_PARTICLES,2.0043213737826426,0,0 lux,4,1,SAND,NA,DEFINED_PARTICLES,NA,NA,FALSE,TRUE,FALSE,FALSE,FALSE,Day 4,100-<400 NTU,0 lux,27,108,4,Experiment 2: Defined particle concentration series,Exp. 2 Defined particles,Sand,Sand,NA,TRUE,EXP2_DEFINED_PARTICLES
252,C1776,20241227_C1776_clip.mp4,504,10.2,NA,10.2,10.2,TRUE,EXP2_DEFINED_PARTICLES,DEFINED_PARTICLES,FALSE,TRUE,52,24254,4,L. DIGITATA,BR,WINTER,Bognor,SAND,SAND,NA,NA,0,400,0,0,NA,45402,68327,113729,0.3992121622453376,none,NA,NA,NA,NA,NA,2024,NA,100 NTU,LAMINARIA DIGITATA,113729,0.3992121622453376,FALSE,FALSE,FALSE,FALSE,FALSE,FALSE,FALSE,FALSE,FALSE,FALSE,FALSE,0,FALSE,NA,NA,FALSE,FALSE,FALSE,FALSE,FALSE,FALSE,FALSE,FALSE,FALSE,FALSE,FALSE,FALSE,NA,NA,0.6007878377546624,10.2,DEFINED_PARTICLES,EXP2_DEFINED_PARTICLES,2.603144372620182,0,0 lux,4,1,SAND,NA,DEFINED_PARTICLES,NA,NA,FALSE,TRUE,FALSE,FALSE,FALSE,Day 4,>=400 NTU,0 lux,27,108,4,Experiment 2: Defined particle concentration series,Exp. 2 Defined particles,Sand,Sand,NA,TRUE,EXP2_DEFINED_PARTICLES
253,C1777,20241227_C1777_clip.mp4,504,10.2,NA,10.2,10.2,TRUE,EXP2_DEFINED_PARTICLES,DEFINED_PARTICLES,FALSE,TRUE,52,24255,4,L. DIGITATA,BR,WINTER,Bognor,SAND,SAND,NA,NA,0,400,0,0,NA,29602,45584,75186,0.39371691538318304,none,NA,NA,NA,NA,NA,2024,NA,100 NTU,LAMINARIA DIGITATA,75186,0.39371691538318304,FALSE,FALSE,FALSE,FALSE,FALSE,FALSE,FALSE,FALSE,FALSE,FALSE,FALSE,0,FALSE,NA,NA,FALSE,FALSE,FALSE,FALSE,FALSE,FALSE,FALSE,FALSE,FALSE,FALSE,FALSE,FALSE,NA,NA,0.606283084616817,10.2,DEFINED_PARTICLES,EXP2_DEFINED_PARTICLES,2.603144372620182,0,0 lux,4,1,SAND,NA,DEFINED_PARTICLES,NA,NA,FALSE,TRUE,FALSE,FALSE,FALSE,Day 4,>=400 NTU,0 lux,27,108,4,Experiment 2: Defined particle concentration series,Exp. 2 Defined particles,Sand,Sand,NA,TRUE,EXP2_DEFINED_PARTICLES
254,C1778,20241227_C1778_clip.mp4,504,10.2,NA,10.2,10.2,TRUE,EXP2_DEFINED_PARTICLES,DEFINED_PARTICLES,FALSE,TRUE,52,24256,4,L. DIGITATA,BR,WINTER,Bognor,SAND,SAND,NA,NA,0,400,0,0,NA,37499,62204,99703,0.37610703790257066,none,NA,NA,NA,NA,NA,2024,NA,100 NTU,LAMINARIA DIGITATA,99703,0.37610703790257066,FALSE,FALSE,FALSE,FALSE,FALSE,FALSE,FALSE,FALSE,FALSE,FALSE,FALSE,0,FALSE,NA,NA,FALSE,FALSE,FALSE,FALSE,FALSE,FALSE,FALSE,FALSE,FALSE,FALSE,FALSE,FALSE,NA,NA,0.6238929620974294,10.2,DEFINED_PARTICLES,EXP2_DEFINED_PARTICLES,2.603144372620182,0,0 lux,4,1,SAND,NA,DEFINED_PARTICLES,NA,NA,FALSE,TRUE,FALSE,FALSE,FALSE,Day 4,>=400 NTU,0 lux,27,108,4,Experiment 2: Defined particle concentration series,Exp. 2 Defined particles,Sand,Sand,NA,TRUE,EXP2_DEFINED_PARTICLES
255,C1780,20241227_C1780_clip.mp4,504,10.2,NA,10.2,10.2,TRUE,EXP2_DEFINED_PARTICLES,DEFINED_PARTICLES,FALSE,TRUE,52,24261,4,L. DIGITATA,BR,WINTER,Bognor,SAND,SAND,NA,NA,0,25,0,0,NA,42256,63729,105985,0.39869792895221023,none,NA,NA,NA,NA,NA,2024,NA,100 NTU,LAMINARIA DIGITATA,105985,0.39869792895221023,FALSE,FALSE,FALSE,FALSE,FALSE,FALSE,FALSE,FALSE,FALSE,FALSE,FALSE,0,FALSE,NA,NA,FALSE,FALSE,FALSE,FALSE,FALSE,FALSE,FALSE,FALSE,FALSE,FALSE,FALSE,FALSE,NA,NA,0.6013020710477898,10.2,DEFINED_PARTICLES,EXP2_DEFINED_PARTICLES,1.414973347970818,0,0 lux,4,1,SAND,NA,DEFINED_PARTICLES,NA,NA,FALSE,TRUE,FALSE,FALSE,FALSE,Day 4,25-<100 NTU,0 lux,27,108,4,Experiment 2: Defined particle concentration series,Exp. 2 Defined particles,Sand,Sand,NA,TRUE,EXP2_DEFINED_PARTICLES
256,C1781,20241227_C1781_clip.mp4,504,10.2,NA,10.2,10.2,TRUE,EXP2_DEFINED_PARTICLES,DEFINED_PARTICLES,FALSE,TRUE,52,24262,4,L. DIGITATA,BR,WINTER,Bognor,SAND,SAND,NA,NA,0,25,0,0,NA,42386,63108,105494,0.4017858835573587,none,NA,NA,NA,NA,NA,2024,NA,100 NTU,LAMINARIA DIGITATA,105494,0.4017858835573587,FALSE,FALSE,FALSE,FALSE,FALSE,FALSE,FALSE,FALSE,FALSE,FALSE,FALSE,0,FALSE,NA,NA,FALSE,FALSE,FALSE,FALSE,FALSE,FALSE,FALSE,FALSE,FALSE,FALSE,FALSE,FALSE,NA,NA,0.5982141164426413,10.2,DEFINED_PARTICLES,EXP2_DEFINED_PARTICLES,1.414973347970818,0,0 lux,4,1,SAND,NA,DEFINED_PARTICLES,NA,NA,FALSE,TRUE,FALSE,FALSE,FALSE,Day 4,25-<100 NTU,0 lux,27,108,4,Experiment 2: Defined particle concentration series,Exp. 2 Defined particles,Sand,Sand,NA,TRUE,EXP2_DEFINED_PARTICLES
257,C1782,20241227_C1782_clip.mp4,504,10.2,NA,10.2,10.2,TRUE,EXP2_DEFINED_PARTICLES,DEFINED_PARTICLES,FALSE,TRUE,52,24263,4,L. DIGITATA,BR,WINTER,Bognor,SAND,SAND,NA,NA,0,25,0,0,NA,931,1993,2924,0.3183994528043776,none,NA,NA,NA,NA,NA,2024,NA,100 NTU,LAMINARIA DIGITATA,2924,0.3183994528043776,FALSE,FALSE,FALSE,FALSE,FALSE,FALSE,FALSE,FALSE,FALSE,FALSE,FALSE,0,FALSE,NA,NA,FALSE,FALSE,FALSE,FALSE,FALSE,FALSE,FALSE,FALSE,FALSE,FALSE,FALSE,FALSE,NA,NA,0.6816005471956225,10.2,DEFINED_PARTICLES,EXP2_DEFINED_PARTICLES,1.414973347970818,0,0 lux,4,1,SAND,NA,DEFINED_PARTICLES,NA,NA,FALSE,TRUE,FALSE,FALSE,FALSE,Day 4,25-<100 NTU,0 lux,27,108,4,Experiment 2: Defined particle concentration series,Exp. 2 Defined particles,Sand,Sand,NA,TRUE,EXP2_DEFINED_PARTICLES
258,C1783,20241227_C1783_clip.mp4,504,10.2,NA,10.2,10.2,TRUE,EXP2_DEFINED_PARTICLES,DEFINED_PARTICLES,FALSE,TRUE,52,24264,4,L. DIGITATA,BR,WINTER,Bognor,KAOLINITE,KAOLINITE,NA,NA,0,25,0,0,NA,5641,5768,11409,0.4944342185993514,none,NA,NA,NA,NA,NA,2024,NA,100 NTU,LAMINARIA DIGITATA,11409,0.4944342185993514,FALSE,FALSE,FALSE,FALSE,FALSE,FALSE,FALSE,FALSE,FALSE,FALSE,FALSE,0,FALSE,NA,NA,FALSE,FALSE,FALSE,FALSE,FALSE,FALSE,FALSE,FALSE,FALSE,FALSE,FALSE,FALSE,NA,NA,0.5055657814006486,10.2,DEFINED_PARTICLES,EXP2_DEFINED_PARTICLES,1.414973347970818,0,0 lux,4,1,KAOLINITE,NA,DEFINED_PARTICLES,NA,NA,FALSE,TRUE,FALSE,FALSE,FALSE,Day 4,25-<100 NTU,0 lux,27,108,4,Experiment 2: Defined particle concentration series,Exp. 2 Defined particles,Kaolinite,Kaolinite,NA,TRUE,EXP2_DEFINED_PARTICLES
259,C1784,20241227_C1784_clip.mp4,504,10.2,NA,10.2,10.2,TRUE,EXP2_DEFINED_PARTICLES,DEFINED_PARTICLES,FALSE,TRUE,52,24265,4,L. DIGITATA,BR,WINTER,Bognor,KAOLINITE,KAOLINITE,NA,NA,0,25,0,0,NA,12225,16963,29188,0.4188365081540359,none,NA,NA,NA,NA,NA,2024,NA,100 NTU,LAMINARIA DIGITATA,29188,0.4188365081540359,FALSE,FALSE,FALSE,FALSE,FALSE,FALSE,FALSE,FALSE,FALSE,FALSE,FALSE,0,FALSE,NA,NA,FALSE,FALSE,FALSE,FALSE,FALSE,FALSE,FALSE,FALSE,FALSE,FALSE,FALSE,FALSE,NA,NA,0.581163491845964,10.2,DEFINED_PARTICLES,EXP2_DEFINED_PARTICLES,1.414973347970818,0,0 lux,4,1,KAOLINITE,NA,DEFINED_PARTICLES,NA,NA,FALSE,TRUE,FALSE,FALSE,FALSE,Day 4,25-<100 NTU,0 lux,27,108,4,Experiment 2: Defined particle concentration series,Exp. 2 Defined particles,Kaolinite,Kaolinite,NA,TRUE,EXP2_DEFINED_PARTICLES
260,C1785,20241227_C1785_clip.mp4,504,10.2,NA,10.2,10.2,TRUE,EXP2_DEFINED_PARTICLES,DEFINED_PARTICLES,FALSE,TRUE,52,24266,4,L. DIGITATA,BR,WINTER,Bognor,KAOLINITE,KAOLINITE,NA,NA,0,25,0,0,NA,25684,42047,67731,0.37920597658383903,none,NA,NA,NA,NA,NA,2024,NA,100 NTU,LAMINARIA DIGITATA,67731,0.37920597658383903,FALSE,FALSE,FALSE,FALSE,FALSE,FALSE,FALSE,FALSE,FALSE,FALSE,FALSE,0,FALSE,NA,NA,FALSE,FALSE,FALSE,FALSE,FALSE,FALSE,FALSE,FALSE,FALSE,FALSE,FALSE,FALSE,NA,NA,0.620794023416161,10.2,DEFINED_PARTICLES,EXP2_DEFINED_PARTICLES,1.414973347970818,0,0 lux,4,1,KAOLINITE,NA,DEFINED_PARTICLES,NA,NA,FALSE,TRUE,FALSE,FALSE,FALSE,Day 4,25-<100 NTU,0 lux,27,108,4,Experiment 2: Defined particle concentration series,Exp. 2 Defined particles,Kaolinite,Kaolinite,NA,TRUE,EXP2_DEFINED_PARTICLES
261,C1786,20241227_C1786_clip.mp4,504,9.2,NA,9.2,9.2,TRUE,EXP1_LIGHT,LIGHT_ONLY,FALSE,TRUE,52,24271,4,L. DIGITATA,BR,WINTER,Bognor,LUX,NA,NA,NA,70,0,0,0,NA,3076,5195,8271,0.3719018256559062,none,NA,NA,NA,NA,NA,2024,NA,70 Lux (12:12),LAMINARIA DIGITATA,8271,0.3719018256559062,FALSE,FALSE,FALSE,FALSE,FALSE,FALSE,FALSE,FALSE,FALSE,FALSE,FALSE,0,FALSE,NA,NA,FALSE,FALSE,FALSE,FALSE,FALSE,FALSE,FALSE,FALSE,FALSE,FALSE,FALSE,FALSE,NA,NA,0.6280981743440939,9.2,LIGHT_ONLY,EXP1_LIGHT,0,0,70 lux,4,1,LUX,NA,LIGHT_ONLY,NA,NA,TRUE,FALSE,FALSE,FALSE,FALSE,Day 4,<25 NTU,70 lux,24,96,4,Experiment 1: Light-only gradient,Exp. 1 Light-only,LUX,LUX,NA,TRUE,EXP1_LIGHT
262,C1787,20241227_C1787_clip.mp4,504,9.2,NA,9.2,9.2,TRUE,EXP1_LIGHT,LIGHT_ONLY,FALSE,TRUE,52,24272,4,L. DIGITATA,BR,WINTER,Bognor,LUX,NA,NA,NA,70,0,0,0,NA,39850,60381,100231,0.3975815865351039,none,NA,NA,NA,NA,NA,2024,NA,70 Lux (12:12),LAMINARIA DIGITATA,100231,0.3975815865351039,FALSE,FALSE,FALSE,FALSE,FALSE,FALSE,FALSE,FALSE,FALSE,FALSE,FALSE,0,FALSE,NA,NA,FALSE,FALSE,FALSE,FALSE,FALSE,FALSE,FALSE,FALSE,FALSE,FALSE,FALSE,FALSE,NA,NA,0.6024184134648961,9.2,LIGHT_ONLY,EXP1_LIGHT,0,0,70 lux,4,1,LUX,NA,LIGHT_ONLY,NA,NA,TRUE,FALSE,FALSE,FALSE,FALSE,Day 4,<25 NTU,70 lux,24,96,4,Experiment 1: Light-only gradient,Exp. 1 Light-only,LUX,LUX,NA,TRUE,EXP1_LIGHT
263,C1788,20241227_C1788_clip.mp4,504,9.2,NA,9.2,9.2,TRUE,EXP1_LIGHT,LIGHT_ONLY,FALSE,TRUE,52,24273,4,L. DIGITATA,BR,WINTER,Bognor,LUX,NA,NA,NA,70,0,0,0,NA,676,1670,2346,0.28815004262574595,none,NA,NA,NA,NA,NA,2024,NA,70 Lux (12:12),LAMINARIA DIGITATA,2346,0.28815004262574595,FALSE,FALSE,FALSE,FALSE,FALSE,FALSE,FALSE,FALSE,FALSE,FALSE,FALSE,0,FALSE,NA,NA,FALSE,FALSE,FALSE,FALSE,FALSE,FALSE,FALSE,FALSE,FALSE,FALSE,FALSE,FALSE,NA,NA,0.711849957374254,9.2,LIGHT_ONLY,EXP1_LIGHT,0,0,70 lux,4,1,LUX,NA,LIGHT_ONLY,NA,NA,TRUE,FALSE,FALSE,FALSE,FALSE,Day 4,<25 NTU,70 lux,24,96,4,Experiment 1: Light-only gradient,Exp. 1 Light-only,LUX,LUX,NA,TRUE,EXP1_LIGHT
264,C1789,20241227_C1789_clip.mp4,504,9.2,NA,9.2,9.2,TRUE,EXP1_LIGHT,LIGHT_ONLY,FALSE,TRUE,52,24274,4,L. DIGITATA,BR,WINTER,Bognor,LUX,NA,NA,NA,70,0,0,0,NA,863,2216,3079,0.28028580708022083,none,NA,NA,NA,NA,NA,2024,NA,70 Lux (12:12),LAMINARIA DIGITATA,3079,0.28028580708022083,FALSE,FALSE,FALSE,FALSE,FALSE,FALSE,FALSE,FALSE,FALSE,FALSE,FALSE,0,FALSE,NA,NA,FALSE,FALSE,FALSE,FALSE,FALSE,FALSE,FALSE,FALSE,FALSE,FALSE,FALSE,FALSE,NA,NA,0.7197141929197791,9.2,LIGHT_ONLY,EXP1_LIGHT,0,0,70 lux,4,1,LUX,NA,LIGHT_ONLY,NA,NA,TRUE,FALSE,FALSE,FALSE,FALSE,Day 4,<25 NTU,70 lux,24,96,4,Experiment 1: Light-only gradient,Exp. 1 Light-only,LUX,LUX,NA,TRUE,EXP1_LIGHT
265,C1790,20241227_C1790_clip.mp4,504,9.2,NA,9.2,9.2,TRUE,EXP1_LIGHT,LIGHT_ONLY,FALSE,TRUE,52,24275,4,L. DIGITATA,BR,WINTER,Bognor,LUX,NA,NA,NA,70,0,0,0,NA,47363,69088,116451,0.4067204231822827,none,NA,NA,NA,NA,NA,2024,NA,70 Lux (12:12),LAMINARIA DIGITATA,116451,0.4067204231822827,FALSE,FALSE,FALSE,FALSE,FALSE,FALSE,FALSE,FALSE,FALSE,FALSE,FALSE,0,FALSE,NA,NA,FALSE,FALSE,FALSE,FALSE,FALSE,FALSE,FALSE,FALSE,FALSE,FALSE,FALSE,FALSE,NA,NA,0.5932795768177174,9.2,LIGHT_ONLY,EXP1_LIGHT,0,0,70 lux,4,1,LUX,NA,LIGHT_ONLY,NA,NA,TRUE,FALSE,FALSE,FALSE,FALSE,Day 4,<25 NTU,70 lux,24,96,4,Experiment 1: Light-only gradient,Exp. 1 Light-only,LUX,LUX,NA,TRUE,EXP1_LIGHT
266,C1791,20241227_C1791_clip.mp4,504,9.2,NA,9.2,9.2,TRUE,EXP1_LIGHT,LIGHT_ONLY,FALSE,TRUE,52,24276,4,L. DIGITATA,BR,WINTER,Bognor,LUX,NA,NA,NA,70,0,0,0,NA,6940,11316,18256,0.3801489921121823,none,NA,NA,NA,NA,NA,2024,NA,70 Lux (12:12),LAMINARIA DIGITATA,18256,0.3801489921121823,FALSE,FALSE,FALSE,FALSE,FALSE,FALSE,FALSE,FALSE,FALSE,FALSE,FALSE,0,FALSE,NA,NA,FALSE,FALSE,FALSE,FALSE,FALSE,FALSE,FALSE,FALSE,FALSE,FALSE,FALSE,FALSE,NA,NA,0.6198510078878177,9.2,LIGHT_ONLY,EXP1_LIGHT,0,0,70 lux,4,1,LUX,NA,LIGHT_ONLY,NA,NA,TRUE,FALSE,FALSE,FALSE,FALSE,Day 4,<25 NTU,70 lux,24,96,4,Experiment 1: Light-only gradient,Exp. 1 Light-only,LUX,LUX,NA,TRUE,EXP1_LIGHT
267,C1792,20241227_C1792_clip.mp4,504,9.2,NA,9.2,9.2,TRUE,EXP1_LIGHT,LIGHT_ONLY,FALSE,TRUE,52,24281,4,L. DIGITATA,BR,WINTER,Bognor,LUX,NA,NA,NA,117,0,0,0,NA,40507,61467,101974,0.3972287053562673,none,NA,NA,NA,NA,NA,2024,NA,117 Lux (12:12),LAMINARIA DIGITATA,101974,0.3972287053562673,FALSE,FALSE,FALSE,FALSE,FALSE,FALSE,FALSE,FALSE,FALSE,FALSE,FALSE,0,FALSE,NA,NA,FALSE,FALSE,FALSE,FALSE,FALSE,FALSE,FALSE,FALSE,FALSE,FALSE,FALSE,FALSE,NA,NA,0.6027712946437327,9.2,LIGHT_ONLY,EXP1_LIGHT,0,0,117 lux,4,1,LUX,NA,LIGHT_ONLY,NA,NA,TRUE,FALSE,FALSE,FALSE,FALSE,Day 4,<25 NTU,117 lux,24,96,4,Experiment 1: Light-only gradient,Exp. 1 Light-only,LUX,LUX,NA,TRUE,EXP1_LIGHT
268,C1795,20241227_C1795_clip.mp4,504,9.2,NA,9.2,9.2,TRUE,EXP1_LIGHT,LIGHT_ONLY,FALSE,TRUE,52,24282,4,L. DIGITATA,BR,WINTER,Bognor,LUX,NA,NA,NA,117,0,0,0,NA,42152,67927,110079,0.3829249902342863,none,NA,NA,NA,NA,NA,2024,NA,117 Lux (12:12),LAMINARIA DIGITATA,110079,0.3829249902342863,FALSE,FALSE,FALSE,FALSE,FALSE,FALSE,FALSE,FALSE,FALSE,FALSE,FALSE,0,FALSE,NA,NA,FALSE,FALSE,FALSE,FALSE,FALSE,FALSE,FALSE,FALSE,FALSE,FALSE,FALSE,FALSE,NA,NA,0.6170750097657137,9.2,LIGHT_ONLY,EXP1_LIGHT,0,0,117 lux,4,1,LUX,NA,LIGHT_ONLY,NA,NA,TRUE,FALSE,FALSE,FALSE,FALSE,Day 4,<25 NTU,117 lux,24,96,4,Experiment 1: Light-only gradient,Exp. 1 Light-only,LUX,LUX,NA,TRUE,EXP1_LIGHT
269,C1796,20241227_C1796_clip.mp4,504,9.2,NA,9.2,9.2,TRUE,EXP1_LIGHT,LIGHT_ONLY,FALSE,TRUE,52,24283,4,L. DIGITATA,BR,WINTER,Bognor,LUX,NA,NA,NA,117,0,0,0,NA,45075,68182,113257,0.39798864529344763,none,NA,NA,NA,NA,NA,2024,NA,117 Lux (12:12),LAMINARIA DIGITATA,113257,0.39798864529344763,FALSE,FALSE,FALSE,FALSE,FALSE,FALSE,FALSE,FALSE,FALSE,FALSE,FALSE,0,FALSE,NA,NA,FALSE,FALSE,FALSE,FALSE,FALSE,FALSE,FALSE,FALSE,FALSE,FALSE,FALSE,FALSE,NA,NA,0.6020113547065523,9.2,LIGHT_ONLY,EXP1_LIGHT,0,0,117 lux,4,1,LUX,NA,LIGHT_ONLY,NA,NA,TRUE,FALSE,FALSE,FALSE,FALSE,Day 4,<25 NTU,117 lux,24,96,4,Experiment 1: Light-only gradient,Exp. 1 Light-only,LUX,LUX,NA,TRUE,EXP1_LIGHT
270,C1797,20241227_C1797_clip.mp4,504,9.2,NA,9.2,9.2,TRUE,EXP1_LIGHT,LIGHT_ONLY,FALSE,TRUE,52,24284,4,L. DIGITATA,BR,WINTER,Bognor,LUX,NA,NA,NA,117,0,0,0,NA,923,1916,2839,0.32511447692849593,none,NA,NA,NA,NA,NA,2024,NA,117 Lux (12:12),LAMINARIA DIGITATA,2839,0.32511447692849593,FALSE,FALSE,FALSE,FALSE,FALSE,FALSE,FALSE,FALSE,FALSE,FALSE,FALSE,0,FALSE,NA,NA,FALSE,FALSE,FALSE,FALSE,FALSE,FALSE,FALSE,FALSE,FALSE,FALSE,FALSE,FALSE,NA,NA,0.6748855230715041,9.2,LIGHT_ONLY,EXP1_LIGHT,0,0,117 lux,4,1,LUX,NA,LIGHT_ONLY,NA,NA,TRUE,FALSE,FALSE,FALSE,FALSE,Day 4,<25 NTU,117 lux,24,96,4,Experiment 1: Light-only gradient,Exp. 1 Light-only,LUX,LUX,NA,TRUE,EXP1_LIGHT
271,C1798,20241227_C1798_clip.mp4,504,9.2,NA,9.2,9.2,TRUE,EXP1_LIGHT,LIGHT_ONLY,FALSE,TRUE,52,24285,4,L. DIGITATA,BR,WINTER,Bognor,LUX,NA,NA,NA,117,0,0,0,NA,45071,66303,111374,0.40468152351536263,none,NA,NA,NA,NA,NA,2024,NA,117 Lux (12:12),LAMINARIA DIGITATA,111374,0.40468152351536263,FALSE,FALSE,FALSE,FALSE,FALSE,FALSE,FALSE,FALSE,FALSE,FALSE,FALSE,0,FALSE,NA,NA,FALSE,FALSE,FALSE,FALSE,FALSE,FALSE,FALSE,FALSE,FALSE,FALSE,FALSE,FALSE,NA,NA,0.5953184764846373,9.2,LIGHT_ONLY,EXP1_LIGHT,0,0,117 lux,4,1,LUX,NA,LIGHT_ONLY,NA,NA,TRUE,FALSE,FALSE,FALSE,FALSE,Day 4,<25 NTU,117 lux,24,96,4,Experiment 1: Light-only gradient,Exp. 1 Light-only,LUX,LUX,NA,TRUE,EXP1_LIGHT
272,C1800,20241227_C1800_clip.mp4,504,9.2,NA,9.2,9.2,TRUE,EXP1_LIGHT,LIGHT_ONLY,FALSE,TRUE,52,24286,4,L. DIGITATA,BR,WINTER,Bognor,LUX,NA,NA,NA,117,0,0,0,NA,40540,61498,102038,0.3973029655618495,none,NA,NA,NA,NA,NA,2024,NA,117 Lux (12:12),LAMINARIA DIGITATA,102038,0.3973029655618495,FALSE,FALSE,FALSE,FALSE,FALSE,FALSE,FALSE,FALSE,FALSE,FALSE,FALSE,0,FALSE,NA,NA,FALSE,FALSE,FALSE,FALSE,FALSE,FALSE,FALSE,FALSE,FALSE,FALSE,FALSE,FALSE,NA,NA,0.6026970344381505,9.2,LIGHT_ONLY,EXP1_LIGHT,0,0,117 lux,4,1,LUX,NA,LIGHT_ONLY,NA,NA,TRUE,FALSE,FALSE,FALSE,FALSE,Day 4,<25 NTU,117 lux,24,96,4,Experiment 1: Light-only gradient,Exp. 1 Light-only,LUX,LUX,NA,TRUE,EXP1_LIGHT
273,C1802,20241227_C1802_clip.mp4,504,9.2,NA,9.2,9.2,TRUE,EXP1_LIGHT,LIGHT_ONLY,FALSE,TRUE,52,24291,4,L. DIGITATA,BR,WINTER,Bognor,LUX,NA,NA,NA,117,0,0,0,NA,41987,63307,105294,0.39875966341861835,none,NA,NA,NA,NA,NA,2024,NA,117 Lux (12:12),LAMINARIA DIGITATA,105294,0.39875966341861835,FALSE,FALSE,FALSE,FALSE,FALSE,FALSE,FALSE,FALSE,FALSE,FALSE,FALSE,0,FALSE,NA,NA,FALSE,FALSE,FALSE,FALSE,FALSE,FALSE,FALSE,FALSE,FALSE,FALSE,FALSE,FALSE,NA,NA,0.6012403365813817,9.2,LIGHT_ONLY,EXP1_LIGHT,0,0,117 lux,4,1,LUX,NA,LIGHT_ONLY,NA,NA,TRUE,FALSE,FALSE,FALSE,FALSE,Day 4,<25 NTU,117 lux,24,96,4,Experiment 1: Light-only gradient,Exp. 1 Light-only,LUX,LUX,NA,TRUE,EXP1_LIGHT
274,C1804,20241227_C1804_clip.mp4,504,9.2,NA,9.2,9.2,TRUE,EXP1_LIGHT,LIGHT_ONLY,FALSE,TRUE,52,24292,4,L. DIGITATA,BR,WINTER,Bognor,LUX,NA,NA,NA,4,0,0,0,NA,40243,62079,102322,0.3932976290533805,none,NA,NA,NA,NA,NA,2024,NA,4 Lux (12:12),LAMINARIA DIGITATA,102322,0.3932976290533805,FALSE,FALSE,FALSE,FALSE,FALSE,FALSE,FALSE,FALSE,FALSE,FALSE,FALSE,0,FALSE,NA,NA,FALSE,FALSE,FALSE,FALSE,FALSE,FALSE,FALSE,FALSE,FALSE,FALSE,FALSE,FALSE,NA,NA,0.6067023709466195,9.2,LIGHT_ONLY,EXP1_LIGHT,0,0,4 lux,4,1,LUX,NA,LIGHT_ONLY,NA,NA,TRUE,FALSE,FALSE,FALSE,FALSE,Day 4,<25 NTU,4 lux,24,96,4,Experiment 1: Light-only gradient,Exp. 1 Light-only,LUX,LUX,NA,TRUE,EXP1_LIGHT
275,C1805,20241227_C1805_clip.mp4,504,9.2,NA,9.2,9.2,TRUE,EXP1_LIGHT,LIGHT_ONLY,FALSE,TRUE,52,24293,4,L. DIGITATA,BR,WINTER,Bognor,LUX,NA,NA,NA,4,0,0,0,NA,4397,7517,11914,0.369061608192043,none,NA,NA,NA,NA,NA,2024,NA,4 Lux (12:12),LAMINARIA DIGITATA,11914,0.369061608192043,FALSE,FALSE,FALSE,FALSE,FALSE,FALSE,FALSE,FALSE,FALSE,FALSE,FALSE,0,FALSE,NA,NA,FALSE,FALSE,FALSE,FALSE,FALSE,FALSE,FALSE,FALSE,FALSE,FALSE,FALSE,FALSE,NA,NA,0.6309383918079571,9.2,LIGHT_ONLY,EXP1_LIGHT,0,0,4 lux,4,1,LUX,NA,LIGHT_ONLY,NA,NA,TRUE,FALSE,FALSE,FALSE,FALSE,Day 4,<25 NTU,4 lux,24,96,4,Experiment 1: Light-only gradient,Exp. 1 Light-only,LUX,LUX,NA,TRUE,EXP1_LIGHT
276,C1806,20241227_C1806_clip.mp4,504,9.2,NA,9.2,9.2,TRUE,EXP1_LIGHT,LIGHT_ONLY,FALSE,TRUE,52,24294,4,L. DIGITATA,BR,WINTER,Bognor,LUX,NA,NA,NA,4,0,0,0,NA,41155,60677,101832,0.404146044465394,none,NA,NA,NA,NA,NA,2024,NA,4 Lux (12:12),LAMINARIA DIGITATA,101832,0.404146044465394,FALSE,FALSE,FALSE,FALSE,FALSE,FALSE,FALSE,FALSE,FALSE,FALSE,FALSE,0,FALSE,NA,NA,FALSE,FALSE,FALSE,FALSE,FALSE,FALSE,FALSE,FALSE,FALSE,FALSE,FALSE,FALSE,NA,NA,0.5958539555346061,9.2,LIGHT_ONLY,EXP1_LIGHT,0,0,4 lux,4,1,LUX,NA,LIGHT_ONLY,NA,NA,TRUE,FALSE,FALSE,FALSE,FALSE,Day 4,<25 NTU,4 lux,24,96,4,Experiment 1: Light-only gradient,Exp. 1 Light-only,LUX,LUX,NA,TRUE,EXP1_LIGHT
277,C1807,20241227_C1807_clip.mp4,504,9.2,NA,9.2,9.2,TRUE,EXP1_LIGHT,LIGHT_ONLY,FALSE,TRUE,52,24295,4,L. DIGITATA,BR,WINTER,Bognor,LUX,NA,NA,NA,4,0,0,0,NA,42005,62804,104809,0.40077665086013603,none,NA,NA,NA,NA,NA,2024,NA,4 Lux (12:12),LAMINARIA DIGITATA,104809,0.40077665086013603,FALSE,FALSE,FALSE,FALSE,FALSE,FALSE,FALSE,FALSE,FALSE,FALSE,FALSE,0,FALSE,NA,NA,FALSE,FALSE,FALSE,FALSE,FALSE,FALSE,FALSE,FALSE,FALSE,FALSE,FALSE,FALSE,NA,NA,0.599223349139864,9.2,LIGHT_ONLY,EXP1_LIGHT,0,0,4 lux,4,1,LUX,NA,LIGHT_ONLY,NA,NA,TRUE,FALSE,FALSE,FALSE,FALSE,Day 4,<25 NTU,4 lux,24,96,4,Experiment 1: Light-only gradient,Exp. 1 Light-only,LUX,LUX,NA,TRUE,EXP1_LIGHT
278,C1808,20241227_C1808_clip.mp4,504,9.2,NA,9.2,9.2,TRUE,EXP1_LIGHT,LIGHT_ONLY,FALSE,TRUE,52,24296,4,L. DIGITATA,BR,WINTER,Bognor,LUX,NA,NA,NA,4,0,0,0,NA,38482,60110,98592,0.39031564427134047,none,NA,NA,NA,NA,NA,2024,NA,4 Lux (12:12),LAMINARIA DIGITATA,98592,0.39031564427134047,FALSE,FALSE,FALSE,FALSE,FALSE,FALSE,FALSE,FALSE,FALSE,FALSE,FALSE,0,FALSE,NA,NA,FALSE,FALSE,FALSE,FALSE,FALSE,FALSE,FALSE,FALSE,FALSE,FALSE,FALSE,FALSE,NA,NA,0.6096843557286595,9.2,LIGHT_ONLY,EXP1_LIGHT,0,0,4 lux,4,1,LUX,NA,LIGHT_ONLY,NA,NA,TRUE,FALSE,FALSE,FALSE,FALSE,Day 4,<25 NTU,4 lux,24,96,4,Experiment 1: Light-only gradient,Exp. 1 Light-only,LUX,LUX,NA,TRUE,EXP1_LIGHT
279,C1809,20241227_C1809_clip.mp4,504,9.2,NA,9.2,9.2,TRUE,EXP1_LIGHT,LIGHT_ONLY,FALSE,TRUE,52,24301,4,L. DIGITATA,BR,WINTER,Bognor,LUX,NA,NA,NA,0,0,0,0,NA,28786,47114,75900,0.379262187088274,none,NA,NA,NA,NA,NA,2024,NA,0 Lux,LAMINARIA DIGITATA,75900,0.379262187088274,FALSE,FALSE,FALSE,FALSE,FALSE,FALSE,FALSE,FALSE,FALSE,FALSE,FALSE,0,FALSE,NA,NA,FALSE,FALSE,FALSE,FALSE,FALSE,FALSE,FALSE,FALSE,FALSE,FALSE,FALSE,FALSE,NA,NA,0.6207378129117259,9.2,LIGHT_ONLY,EXP1_LIGHT,0,0,0 lux,4,1,LUX,NA,LIGHT_ONLY,NA,NA,TRUE,FALSE,FALSE,FALSE,FALSE,Day 4,<25 NTU,0 lux,24,96,4,Experiment 1: Light-only gradient,Exp. 1 Light-only,LUX,LUX,NA,TRUE,EXP1_LIGHT
280,C1810,20241227_C1810_clip.mp4,504,9.2,NA,9.2,9.2,TRUE,EXP1_LIGHT,LIGHT_ONLY,FALSE,TRUE,52,24302,4,L. DIGITATA,BR,WINTER,Bognor,LUX,NA,NA,NA,0,0,0,0,NA,43928,64322,108250,0.4058013856812933,none,NA,NA,NA,NA,NA,2024,NA,0 Lux,LAMINARIA DIGITATA,108250,0.4058013856812933,FALSE,FALSE,FALSE,FALSE,FALSE,FALSE,FALSE,FALSE,FALSE,FALSE,FALSE,0,FALSE,NA,NA,FALSE,FALSE,FALSE,FALSE,FALSE,FALSE,FALSE,FALSE,FALSE,FALSE,FALSE,FALSE,NA,NA,0.5941986143187067,9.2,LIGHT_ONLY,EXP1_LIGHT,0,0,0 lux,4,1,LUX,NA,LIGHT_ONLY,NA,NA,TRUE,FALSE,FALSE,FALSE,FALSE,Day 4,<25 NTU,0 lux,24,96,4,Experiment 1: Light-only gradient,Exp. 1 Light-only,LUX,LUX,NA,TRUE,EXP1_LIGHT
281,C1811,20241227_C1811_clip.mp4,504,9.2,NA,9.2,9.2,TRUE,EXP1_LIGHT,LIGHT_ONLY,FALSE,TRUE,52,24303,4,L. DIGITATA,BR,WINTER,Bognor,LUX,NA,NA,NA,0,0,0,0,NA,47486,71464,118950,0.3992097519966372,none,NA,NA,NA,NA,NA,2024,NA,0 Lux,LAMINARIA DIGITATA,118950,0.3992097519966372,FALSE,FALSE,FALSE,FALSE,FALSE,FALSE,FALSE,FALSE,FALSE,FALSE,FALSE,0,FALSE,NA,NA,FALSE,FALSE,FALSE,FALSE,FALSE,FALSE,FALSE,FALSE,FALSE,FALSE,FALSE,FALSE,NA,NA,0.6007902480033628,9.2,LIGHT_ONLY,EXP1_LIGHT,0,0,0 lux,4,1,LUX,NA,LIGHT_ONLY,NA,NA,TRUE,FALSE,FALSE,FALSE,FALSE,Day 4,<25 NTU,0 lux,24,96,4,Experiment 1: Light-only gradient,Exp. 1 Light-only,LUX,LUX,NA,TRUE,EXP1_LIGHT
282,C1812,20241227_C1812_clip.mp4,504,9.2,NA,9.2,9.2,TRUE,EXP1_LIGHT,LIGHT_ONLY,FALSE,TRUE,52,24304,4,L. DIGITATA,BR,WINTER,Bognor,LUX,NA,NA,NA,0,0,0,0,NA,46262,70485,116747,0.39625857623750504,none,NA,NA,NA,NA,NA,2024,NA,0 Lux,LAMINARIA DIGITATA,116747,0.39625857623750504,FALSE,FALSE,FALSE,FALSE,FALSE,FALSE,FALSE,FALSE,FALSE,FALSE,FALSE,0,FALSE,NA,NA,FALSE,FALSE,FALSE,FALSE,FALSE,FALSE,FALSE,FALSE,FALSE,FALSE,FALSE,FALSE,NA,NA,0.603741423762495,9.2,LIGHT_ONLY,EXP1_LIGHT,0,0,0 lux,4,1,LUX,NA,LIGHT_ONLY,NA,NA,TRUE,FALSE,FALSE,FALSE,FALSE,Day 4,<25 NTU,0 lux,24,96,4,Experiment 1: Light-only gradient,Exp. 1 Light-only,LUX,LUX,NA,TRUE,EXP1_LIGHT
283,C1813,20241227_C1813_clip.mp4,504,9.2,NA,9.2,9.2,TRUE,EXP1_LIGHT,LIGHT_ONLY,FALSE,TRUE,52,24305,4,L. DIGITATA,BR,WINTER,Bognor,LUX,NA,NA,NA,0,0,0,0,NA,43845,65460,109305,0.40112529161520516,none,NA,NA,NA,NA,NA,2024,NA,0 Lux,LAMINARIA DIGITATA,109305,0.40112529161520516,FALSE,FALSE,FALSE,FALSE,FALSE,FALSE,FALSE,FALSE,FALSE,FALSE,FALSE,0,FALSE,NA,NA,FALSE,FALSE,FALSE,FALSE,FALSE,FALSE,FALSE,FALSE,FALSE,FALSE,FALSE,FALSE,NA,NA,0.5988747083847948,9.2,LIGHT_ONLY,EXP1_LIGHT,0,0,0 lux,4,1,LUX,NA,LIGHT_ONLY,NA,NA,TRUE,FALSE,FALSE,FALSE,FALSE,Day 4,<25 NTU,0 lux,24,96,4,Experiment 1: Light-only gradient,Exp. 1 Light-only,LUX,LUX,NA,TRUE,EXP1_LIGHT
284,C1814,20241227_C1814_clip.mp4,504,9.2,NA,9.2,9.2,TRUE,EXP1_LIGHT,LIGHT_ONLY,FALSE,TRUE,52,24306,4,L. DIGITATA,BR,WINTER,Bognor,LUX,NA,NA,NA,0,0,0,0,NA,42681,63495,106176,0.40198349909584086,none,NA,NA,NA,NA,NA,2024,NA,0 Lux,LAMINARIA DIGITATA,106176,0.40198349909584086,FALSE,FALSE,FALSE,FALSE,FALSE,FALSE,FALSE,FALSE,FALSE,FALSE,FALSE,0,FALSE,NA,NA,FALSE,FALSE,FALSE,FALSE,FALSE,FALSE,FALSE,FALSE,FALSE,FALSE,FALSE,FALSE,NA,NA,0.5980165009041591,9.2,LIGHT_ONLY,EXP1_LIGHT,0,0,0 lux,4,1,LUX,NA,LIGHT_ONLY,NA,NA,TRUE,FALSE,FALSE,FALSE,FALSE,Day 4,<25 NTU,0 lux,24,96,4,Experiment 1: Light-only gradient,Exp. 1 Light-only,LUX,LUX,NA,TRUE,EXP1_LIGHT
348,C1876,20241231_C1876_clip.MP4,504,8.2,NA,8.2,8.2,TRUE,EXP4_FIELD_SPM,FIELD_SPM,TRUE,TRUE,52,24311,4,L. DIGITATA,BR,WINTER,Bognor,CONTROL,NA,NA,NA,0,0,0,0,NA,37179,59288,96467,0.38540640840909324,none,NA,NA,NA,NA,NA,2024,NA,NA,LAMINARIA DIGITATA,96467,0.38540640840909324,FALSE,FALSE,FALSE,FALSE,FALSE,FALSE,FALSE,FALSE,FALSE,FALSE,FALSE,0,FALSE,NA,NA,FALSE,FALSE,FALSE,FALSE,FALSE,FALSE,FALSE,FALSE,FALSE,FALSE,FALSE,FALSE,NA,NA,0.6145935915909068,8.2,FIELD_SPM,EXP4_FIELD_SPM,0,0,0 lux,4,1,CONTROL,NA,FIELD_SPM,NA,NA,FALSE,FALSE,FALSE,FALSE,TRUE,Day 4,<25 NTU,0 lux,36,72,3,Experiment 4: Field-derived SPM gradient,Exp. 4 Field SPM,Control,Control,NA,TRUE,EXP4_FIELD_SPM
351,C1878,20241231_C1878_clip.MP4,504,8.2,NA,8.2,8.2,TRUE,EXP4_FIELD_SPM,FIELD_SPM,TRUE,TRUE,52,24312,4,L. DIGITATA,BR,WINTER,Bognor,CONTROL,NA,NA,NA,0,0,0,0,NA,45596,70612,116208,0.3923654137408784,none,NA,NA,NA,NA,NA,2024,NA,NA,LAMINARIA DIGITATA,116208,0.3923654137408784,FALSE,FALSE,FALSE,FALSE,FALSE,FALSE,FALSE,FALSE,FALSE,FALSE,FALSE,0,FALSE,NA,NA,FALSE,FALSE,FALSE,FALSE,FALSE,FALSE,FALSE,FALSE,FALSE,FALSE,FALSE,FALSE,NA,NA,0.6076345862591216,8.2,FIELD_SPM,EXP4_FIELD_SPM,0,0,0 lux,4,1,CONTROL,NA,FIELD_SPM,NA,NA,FALSE,FALSE,FALSE,FALSE,TRUE,Day 4,<25 NTU,0 lux,36,72,3,Experiment 4: Field-derived SPM gradient,Exp. 4 Field SPM,Control,Control,NA,TRUE,EXP4_FIELD_SPM
353,C1879,20241231_C1879_clip.MP4,504,8.2,NA,8.2,8.2,TRUE,EXP4_FIELD_SPM,FIELD_SPM,TRUE,TRUE,52,24313,4,L. DIGITATA,BR,WINTER,Bognor,CONTROL,NA,NA,NA,0,0,0,0,NA,33069,552988,586057,0.0564262520539811,none,NA,NA,NA,NA,NA,2024,NA,NA,LAMINARIA DIGITATA,586057,0.0564262520539811,FALSE,FALSE,FALSE,FALSE,FALSE,FALSE,FALSE,FALSE,FALSE,FALSE,FALSE,0,FALSE,NA,NA,FALSE,FALSE,FALSE,FALSE,FALSE,FALSE,FALSE,FALSE,FALSE,FALSE,FALSE,FALSE,NA,NA,0.9435737479460189,8.2,FIELD_SPM,EXP4_FIELD_SPM,0,0,0 lux,4,1,CONTROL,NA,FIELD_SPM,NA,NA,FALSE,FALSE,FALSE,FALSE,TRUE,Day 4,<25 NTU,0 lux,36,72,3,Experiment 4: Field-derived SPM gradient,Exp. 4 Field SPM,Control,Control,NA,TRUE,EXP4_FIELD_SPM
355,C1880,20241231_C1880_clip.MP4,504,8.2,NA,8.2,8.2,TRUE,EXP4_FIELD_SPM,FIELD_SPM,FALSE,TRUE,52,24314,4,L. DIGITATA,BR,WINTER,Bognor,SPM,SPM,NA,NA,0,5,0,0,NA,200,1129,1329,0.1504890895410083,none,NA,NA,NA,NA,NA,2024,NA,NA,LAMINARIA DIGITATA,1329,0.1504890895410083,FALSE,FALSE,FALSE,FALSE,FALSE,FALSE,FALSE,FALSE,FALSE,FALSE,FALSE,0,FALSE,NA,NA,FALSE,FALSE,FALSE,FALSE,FALSE,FALSE,FALSE,FALSE,FALSE,FALSE,FALSE,FALSE,NA,NA,0.8495109104589917,8.2,FIELD_SPM,EXP4_FIELD_SPM,0.7781512503836436,0,0 lux,4,1,SPM,NA,FIELD_SPM,NA,NA,FALSE,FALSE,FALSE,FALSE,TRUE,Day 4,<25 NTU,0 lux,36,72,3,Experiment 4: Field-derived SPM gradient,Exp. 4 Field SPM,Field SPM,SPM,NA,TRUE,EXP4_FIELD_SPM
357,C1881,20241231_C1881_clip.MP4,504,8.2,NA,8.2,8.2,TRUE,EXP4_FIELD_SPM,FIELD_SPM,FALSE,TRUE,52,24315,4,L. DIGITATA,BR,WINTER,Bognor,SPM,SPM,NA,NA,0,5,0,0,NA,41923,66613,108536,0.38625893712685194,none,NA,NA,NA,NA,NA,2024,NA,NA,LAMINARIA DIGITATA,108536,0.38625893712685194,FALSE,FALSE,FALSE,FALSE,FALSE,FALSE,FALSE,FALSE,FALSE,FALSE,FALSE,0,FALSE,NA,NA,FALSE,FALSE,FALSE,FALSE,FALSE,FALSE,FALSE,FALSE,FALSE,FALSE,FALSE,FALSE,NA,NA,0.6137410628731481,8.2,FIELD_SPM,EXP4_FIELD_SPM,0.7781512503836436,0,0 lux,4,1,SPM,NA,FIELD_SPM,NA,NA,FALSE,FALSE,FALSE,FALSE,TRUE,Day 4,<25 NTU,0 lux,36,72,3,Experiment 4: Field-derived SPM gradient,Exp. 4 Field SPM,Field SPM,SPM,NA,TRUE,EXP4_FIELD_SPM
359,C1882,20241231_C1882_clip.MP4,504,8.2,NA,8.2,8.2,TRUE,EXP4_FIELD_SPM,FIELD_SPM,FALSE,TRUE,52,24316,4,L. DIGITATA,BR,WINTER,Bognor,SPM,SPM,NA,NA,0,5,0,0,NA,1620,3525,5145,0.31486880466472306,none,NA,NA,NA,NA,NA,2024,NA,NA,LAMINARIA DIGITATA,5145,0.31486880466472306,FALSE,FALSE,FALSE,FALSE,FALSE,FALSE,FALSE,FALSE,FALSE,FALSE,FALSE,0,FALSE,NA,NA,FALSE,FALSE,FALSE,FALSE,FALSE,FALSE,FALSE,FALSE,FALSE,FALSE,FALSE,FALSE,NA,NA,0.685131195335277,8.2,FIELD_SPM,EXP4_FIELD_SPM,0.7781512503836436,0,0 lux,4,1,SPM,NA,FIELD_SPM,NA,NA,FALSE,FALSE,FALSE,FALSE,TRUE,Day 4,<25 NTU,0 lux,36,72,3,Experiment 4: Field-derived SPM gradient,Exp. 4 Field SPM,Field SPM,SPM,NA,TRUE,EXP4_FIELD_SPM
361,C1883,20241231_C1883_clip.MP4,504,8.2,NA,8.2,8.2,TRUE,EXP4_FIELD_SPM,FIELD_SPM,FALSE,TRUE,52,24321,4,L. DIGITATA,BR,WINTER,Bognor,SPM,SPM,NA,NA,0,25,0,0,NA,39888,61769,101657,0.3923782917064245,none,NA,NA,NA,NA,NA,2024,NA,NA,LAMINARIA DIGITATA,101657,0.3923782917064245,FALSE,FALSE,FALSE,FALSE,FALSE,FALSE,FALSE,FALSE,FALSE,FALSE,FALSE,0,FALSE,NA,NA,FALSE,FALSE,FALSE,FALSE,FALSE,FALSE,FALSE,FALSE,FALSE,FALSE,FALSE,FALSE,NA,NA,0.6076217082935754,8.2,FIELD_SPM,EXP4_FIELD_SPM,1.414973347970818,0,0 lux,4,1,SPM,NA,FIELD_SPM,NA,NA,FALSE,FALSE,FALSE,FALSE,TRUE,Day 4,25-<100 NTU,0 lux,36,72,3,Experiment 4: Field-derived SPM gradient,Exp. 4 Field SPM,Field SPM,SPM,NA,TRUE,EXP4_FIELD_SPM
363,C1884,20241231_C1884_clip.MP4,504,8.2,NA,8.2,8.2,TRUE,EXP4_FIELD_SPM,FIELD_SPM,FALSE,TRUE,52,24322,4,L. DIGITATA,BR,WINTER,Bognor,SPM,SPM,NA,NA,0,25,0,0,NA,36421,54687,91108,0.39975633314308295,none,NA,NA,NA,NA,NA,2024,NA,NA,LAMINARIA DIGITATA,91108,0.39975633314308295,FALSE,FALSE,FALSE,FALSE,FALSE,FALSE,FALSE,FALSE,FALSE,FALSE,FALSE,0,FALSE,NA,NA,FALSE,FALSE,FALSE,FALSE,FALSE,FALSE,FALSE,FALSE,FALSE,FALSE,FALSE,FALSE,NA,NA,0.6002436668569171,8.2,FIELD_SPM,EXP4_FIELD_SPM,1.414973347970818,0,0 lux,4,1,SPM,NA,FIELD_SPM,NA,NA,FALSE,FALSE,FALSE,FALSE,TRUE,Day 4,25-<100 NTU,0 lux,36,72,3,Experiment 4: Field-derived SPM gradient,Exp. 4 Field SPM,Field SPM,SPM,NA,TRUE,EXP4_FIELD_SPM
365,C1885,20241231_C1885_clip.MP4,504,8.2,NA,8.2,8.2,TRUE,EXP4_FIELD_SPM,FIELD_SPM,FALSE,TRUE,52,24323,4,L. DIGITATA,BR,WINTER,Bognor,SPM,SPM,NA,NA,0,25,0,0,NA,40860,66882,107742,0.3792392938686863,none,NA,NA,NA,NA,NA,2024,NA,NA,LAMINARIA DIGITATA,107742,0.3792392938686863,FALSE,FALSE,FALSE,FALSE,FALSE,FALSE,FALSE,FALSE,FALSE,FALSE,FALSE,0,FALSE,NA,NA,FALSE,FALSE,FALSE,FALSE,FALSE,FALSE,FALSE,FALSE,FALSE,FALSE,FALSE,FALSE,NA,NA,0.6207607061313137,8.2,FIELD_SPM,EXP4_FIELD_SPM,1.414973347970818,0,0 lux,4,1,SPM,NA,FIELD_SPM,NA,NA,FALSE,FALSE,FALSE,FALSE,TRUE,Day 4,25-<100 NTU,0 lux,36,72,3,Experiment 4: Field-derived SPM gradient,Exp. 4 Field SPM,Field SPM,SPM,NA,TRUE,EXP4_FIELD_SPM
367,C1886,20241231_C1886_clip.MP4,504,8.2,NA,8.2,8.2,TRUE,EXP4_FIELD_SPM,FIELD_SPM,FALSE,TRUE,52,24324,4,L. DIGITATA,BR,WINTER,Bognor,SPM,SPM,NA,NA,0,125,0,0,NA,40361,60593,100954,0.3997959466687798,none,NA,NA,NA,NA,NA,2024,NA,NA,LAMINARIA DIGITATA,100954,0.3997959466687798,FALSE,FALSE,FALSE,FALSE,FALSE,FALSE,FALSE,FALSE,FALSE,FALSE,FALSE,0,FALSE,NA,NA,FALSE,FALSE,FALSE,FALSE,FALSE,FALSE,FALSE,FALSE,FALSE,FALSE,FALSE,FALSE,NA,NA,0.6002040533312202,8.2,FIELD_SPM,EXP4_FIELD_SPM,2.100370545117563,0,0 lux,4,1,SPM,NA,FIELD_SPM,NA,NA,FALSE,FALSE,FALSE,FALSE,TRUE,Day 4,100-<400 NTU,0 lux,36,72,3,Experiment 4: Field-derived SPM gradient,Exp. 4 Field SPM,Field SPM,SPM,NA,TRUE,EXP4_FIELD_SPM
369,C1887,20241231_C1887_clip.MP4,504,8.2,NA,8.2,8.2,TRUE,EXP4_FIELD_SPM,FIELD_SPM,FALSE,TRUE,52,24325,4,L. DIGITATA,BR,WINTER,Bognor,SPM,SPM,NA,NA,0,125,0,0,NA,47929,76762,124691,0.3843821927805535,none,NA,NA,NA,NA,NA,2024,NA,NA,LAMINARIA DIGITATA,124691,0.3843821927805535,FALSE,FALSE,FALSE,FALSE,FALSE,FALSE,FALSE,FALSE,FALSE,FALSE,FALSE,0,FALSE,NA,NA,FALSE,FALSE,FALSE,FALSE,FALSE,FALSE,FALSE,FALSE,FALSE,FALSE,FALSE,FALSE,NA,NA,0.6156178072194465,8.2,FIELD_SPM,EXP4_FIELD_SPM,2.100370545117563,0,0 lux,4,1,SPM,NA,FIELD_SPM,NA,NA,FALSE,FALSE,FALSE,FALSE,TRUE,Day 4,100-<400 NTU,0 lux,36,72,3,Experiment 4: Field-derived SPM gradient,Exp. 4 Field SPM,Field SPM,SPM,NA,TRUE,EXP4_FIELD_SPM
371,C1888,20241231_C1888_clip.MP4,504,8.2,NA,8.2,8.2,TRUE,EXP4_FIELD_SPM,FIELD_SPM,FALSE,TRUE,52,24326,4,L. DIGITATA,BR,WINTER,Bognor,SPM,SPM,NA,NA,0,125,0,0,NA,40217,59892,100109,0.40173211199792225,none,NA,NA,NA,NA,NA,2024,NA,NA,LAMINARIA DIGITATA,100109,0.40173211199792225,FALSE,FALSE,FALSE,FALSE,FALSE,FALSE,FALSE,FALSE,FALSE,FALSE,FALSE,0,FALSE,NA,NA,FALSE,FALSE,FALSE,FALSE,FALSE,FALSE,FALSE,FALSE,FALSE,FALSE,FALSE,FALSE,NA,NA,0.5982678880020778,8.2,FIELD_SPM,EXP4_FIELD_SPM,2.100370545117563,0,0 lux,4,1,SPM,NA,FIELD_SPM,NA,NA,FALSE,FALSE,FALSE,FALSE,TRUE,Day 4,100-<400 NTU,0 lux,36,72,3,Experiment 4: Field-derived SPM gradient,Exp. 4 Field SPM,Field SPM,SPM,NA,TRUE,EXP4_FIELD_SPM
373,C1889,20241231_C1889_clip.MP4,504,8.2,NA,8.2,8.2,TRUE,EXP4_FIELD_SPM,FIELD_SPM,FALSE,TRUE,52,24331,4,L. DIGITATA,BR,WINTER,Bognor,SPM,SPM,NA,NA,0,250,0,0,NA,36343,55796,92139,0.39443666634107166,none,NA,NA,NA,NA,NA,2024,NA,NA,LAMINARIA DIGITATA,92139,0.39443666634107166,FALSE,FALSE,FALSE,FALSE,FALSE,FALSE,FALSE,FALSE,FALSE,FALSE,FALSE,0,FALSE,NA,NA,FALSE,FALSE,FALSE,FALSE,FALSE,FALSE,FALSE,FALSE,FALSE,FALSE,FALSE,FALSE,NA,NA,0.6055633336589283,8.2,FIELD_SPM,EXP4_FIELD_SPM,2.399673721481038,0,0 lux,4,1,SPM,NA,FIELD_SPM,NA,NA,FALSE,FALSE,FALSE,FALSE,TRUE,Day 4,100-<400 NTU,0 lux,36,72,3,Experiment 4: Field-derived SPM gradient,Exp. 4 Field SPM,Field SPM,SPM,NA,TRUE,EXP4_FIELD_SPM
375,C1890,20241231_C1890_clip.MP4,504,8.2,NA,8.2,8.2,TRUE,EXP4_FIELD_SPM,FIELD_SPM,FALSE,TRUE,52,24332,4,L. DIGITATA,BR,WINTER,Bognor,SPM,SPM,NA,NA,0,250,0,0,NA,4840,7312,12152,0.39828834759710335,none,NA,NA,NA,NA,NA,2024,NA,NA,LAMINARIA DIGITATA,12152,0.39828834759710335,FALSE,FALSE,FALSE,FALSE,FALSE,FALSE,FALSE,FALSE,FALSE,FALSE,FALSE,0,FALSE,NA,NA,FALSE,FALSE,FALSE,FALSE,FALSE,FALSE,FALSE,FALSE,FALSE,FALSE,FALSE,FALSE,NA,NA,0.6017116524028966,8.2,FIELD_SPM,EXP4_FIELD_SPM,2.399673721481038,0,0 lux,4,1,SPM,NA,FIELD_SPM,NA,NA,FALSE,FALSE,FALSE,FALSE,TRUE,Day 4,100-<400 NTU,0 lux,36,72,3,Experiment 4: Field-derived SPM gradient,Exp. 4 Field SPM,Field SPM,SPM,NA,TRUE,EXP4_FIELD_SPM
377,C1891,20241231_C1891_clip.MP4,504,8.2,NA,8.2,8.2,TRUE,EXP4_FIELD_SPM,FIELD_SPM,FALSE,TRUE,52,24333,4,L. DIGITATA,BR,WINTER,Bognor,SPM,SPM,NA,NA,0,250,0,0,NA,38654,57868,96522,0.4004682870226477,none,NA,NA,NA,NA,NA,2024,NA,NA,LAMINARIA DIGITATA,96522,0.4004682870226477,FALSE,FALSE,FALSE,FALSE,FALSE,FALSE,FALSE,FALSE,FALSE,FALSE,FALSE,0,FALSE,NA,NA,FALSE,FALSE,FALSE,FALSE,FALSE,FALSE,FALSE,FALSE,FALSE,FALSE,FALSE,FALSE,NA,NA,0.5995317129773523,8.2,FIELD_SPM,EXP4_FIELD_SPM,2.399673721481038,0,0 lux,4,1,SPM,NA,FIELD_SPM,NA,NA,FALSE,FALSE,FALSE,FALSE,TRUE,Day 4,100-<400 NTU,0 lux,36,72,3,Experiment 4: Field-derived SPM gradient,Exp. 4 Field SPM,Field SPM,SPM,NA,TRUE,EXP4_FIELD_SPM
378,C1892,20241231_C1892_clip.MP4,504,8.2,NA,8.2,8.2,TRUE,EXP4_FIELD_SPM,FIELD_SPM,FALSE,TRUE,52,24334,4,L. DIGITATA,BR,WINTER,Bognor,SPM,SPM,NA,NA,0,500,0,0,NA,8752,17110,25862,0.3384115690975176,none,NA,NA,NA,NA,NA,2024,NA,NA,LAMINARIA DIGITATA,25862,0.3384115690975176,FALSE,FALSE,FALSE,FALSE,FALSE,FALSE,FALSE,FALSE,FALSE,FALSE,FALSE,0,FALSE,NA,NA,FALSE,FALSE,FALSE,FALSE,FALSE,FALSE,FALSE,FALSE,FALSE,FALSE,FALSE,FALSE,NA,NA,0.6615884309024824,8.2,FIELD_SPM,EXP4_FIELD_SPM,2.699837725867246,0,0 lux,4,1,SPM,NA,FIELD_SPM,NA,NA,FALSE,FALSE,FALSE,FALSE,TRUE,Day 4,>=400 NTU,0 lux,36,72,3,Experiment 4: Field-derived SPM gradient,Exp. 4 Field SPM,Field SPM,SPM,NA,TRUE,EXP4_FIELD_SPM
381,C1894,20241231_C1894_clip.MP4,504,8.2,NA,8.2,8.2,TRUE,EXP4_FIELD_SPM,FIELD_SPM,FALSE,TRUE,52,24335,4,L. DIGITATA,BR,WINTER,Bognor,SPM,SPM,NA,NA,0,500,0,0,NA,38321,61670,99991,0.3832444920042804,none,NA,NA,NA,NA,NA,2024,NA,NA,LAMINARIA DIGITATA,99991,0.3832444920042804,FALSE,FALSE,FALSE,FALSE,FALSE,FALSE,FALSE,FALSE,FALSE,FALSE,FALSE,0,FALSE,NA,NA,FALSE,FALSE,FALSE,FALSE,FALSE,FALSE,FALSE,FALSE,FALSE,FALSE,FALSE,FALSE,NA,NA,0.6167555079957197,8.2,FIELD_SPM,EXP4_FIELD_SPM,2.699837725867246,0,0 lux,4,1,SPM,NA,FIELD_SPM,NA,NA,FALSE,FALSE,FALSE,FALSE,TRUE,Day 4,>=400 NTU,0 lux,36,72,3,Experiment 4: Field-derived SPM gradient,Exp. 4 Field SPM,Field SPM,SPM,NA,TRUE,EXP4_FIELD_SPM
383,C1896,20241231_C1896_clip.MP4,504,8.2,NA,8.2,8.2,TRUE,EXP4_FIELD_SPM,FIELD_SPM,FALSE,TRUE,52,24336,4,L. DIGITATA,BR,WINTER,Bognor,SPM,SPM,NA,NA,0,500,0,0,NA,45254,68572,113826,0.3975717322931492,none,NA,NA,NA,NA,NA,2024,NA,Refocused,LAMINARIA DIGITATA,113826,0.3975717322931492,FALSE,FALSE,FALSE,FALSE,FALSE,FALSE,FALSE,FALSE,FALSE,FALSE,FALSE,0,FALSE,NA,NA,FALSE,FALSE,FALSE,FALSE,FALSE,FALSE,FALSE,FALSE,FALSE,FALSE,FALSE,FALSE,NA,NA,0.6024282677068508,8.2,FIELD_SPM,EXP4_FIELD_SPM,2.699837725867246,0,0 lux,4,1,SPM,NA,FIELD_SPM,NA,NA,FALSE,FALSE,FALSE,FALSE,TRUE,Day 4,>=400 NTU,0 lux,36,72,3,Experiment 4: Field-derived SPM gradient,Exp. 4 Field SPM,Field SPM,SPM,NA,TRUE,EXP4_FIELD_SPM
434,C1948,20250108_C1948_clip.MP4,504,8.2,NA,8.2,8.2,TRUE,EXP4_FIELD_SPM,FIELD_SPM,TRUE,TRUE,52,24341,4,L. DIGITATA,BR,WINTER,Bognor,CONTROL,NA,NA,NA,0,0,0,0,NA,471,1053,1524,0.3090551181102362,glass,634,NA,NA,NA,NA,2024,NA,NA,LAMINARIA DIGITATA,1524,0.3090551181102362,FALSE,FALSE,FALSE,FALSE,FALSE,FALSE,FALSE,FALSE,FALSE,FALSE,FALSE,0,FALSE,NA,NA,FALSE,FALSE,FALSE,FALSE,FALSE,FALSE,FALSE,FALSE,FALSE,FALSE,FALSE,FALSE,NA,NA,0.6909448818897638,8.2,FIELD_SPM,EXP4_FIELD_SPM,0,0,0 lux,4,1,CONTROL,NA,FIELD_SPM,NA,NA,FALSE,FALSE,FALSE,FALSE,TRUE,Day 4,<25 NTU,0 lux,36,72,1,Experiment 4: Field-derived SPM gradient,Exp. 4 Field SPM,Control,Control,NA,TRUE,EXP4_FIELD_SPM
435,C1949,20250108_C1949_clip.MP4,504,8.2,NA,8.2,8.2,TRUE,EXP4_FIELD_SPM,FIELD_SPM,TRUE,TRUE,52,24342,4,L. DIGITATA,BR,WINTER,Bognor,CONTROL,NA,NA,NA,0,0,0,0,NA,1275,2642,3917,0.3255042124074547,glass,2373,NA,NA,NA,NA,2024,NA,NA,LAMINARIA DIGITATA,3917,0.3255042124074547,FALSE,FALSE,FALSE,FALSE,FALSE,FALSE,FALSE,FALSE,FALSE,FALSE,FALSE,0,FALSE,NA,NA,FALSE,FALSE,FALSE,FALSE,FALSE,FALSE,FALSE,FALSE,FALSE,FALSE,FALSE,FALSE,NA,NA,0.6744957875925454,8.2,FIELD_SPM,EXP4_FIELD_SPM,0,0,0 lux,4,1,CONTROL,NA,FIELD_SPM,NA,NA,FALSE,FALSE,FALSE,FALSE,TRUE,Day 4,<25 NTU,0 lux,36,72,1,Experiment 4: Field-derived SPM gradient,Exp. 4 Field SPM,Control,Control,NA,TRUE,EXP4_FIELD_SPM
436,C1950,20250108_C1950_clip.MP4,504,8.2,NA,8.2,8.2,TRUE,EXP4_FIELD_SPM,FIELD_SPM,TRUE,TRUE,52,24343,4,L. DIGITATA,BR,WINTER,Bognor,CONTROL,NA,NA,NA,0,0,0,0,NA,849,1398,2247,0.37783711615487314,glass,2552,NA,NA,NA,NA,2024,NA,NA,LAMINARIA DIGITATA,2247,0.37783711615487314,FALSE,FALSE,FALSE,FALSE,FALSE,FALSE,FALSE,FALSE,FALSE,FALSE,FALSE,0,FALSE,NA,NA,FALSE,FALSE,FALSE,FALSE,FALSE,FALSE,FALSE,FALSE,FALSE,FALSE,FALSE,FALSE,NA,NA,0.6221628838451269,8.2,FIELD_SPM,EXP4_FIELD_SPM,0,0,0 lux,4,1,CONTROL,NA,FIELD_SPM,NA,NA,FALSE,FALSE,FALSE,FALSE,TRUE,Day 4,<25 NTU,0 lux,36,72,1,Experiment 4: Field-derived SPM gradient,Exp. 4 Field SPM,Control,Control,NA,TRUE,EXP4_FIELD_SPM
437,C1951,20250108_C1951_clip.MP4,504,8.2,NA,8.2,8.2,TRUE,EXP4_FIELD_SPM,FIELD_SPM,TRUE,TRUE,52,24344,4,L. DIGITATA,BR,WINTER,Bognor,CONTROL,NA,NA,NA,0,0,0,0,NA,310,947,1257,0.2466189339697693,glass,2590,NA,NA,NA,NA,2024,NA,NA,LAMINARIA DIGITATA,1257,0.2466189339697693,FALSE,FALSE,FALSE,FALSE,FALSE,FALSE,FALSE,FALSE,FALSE,FALSE,FALSE,0,FALSE,NA,NA,FALSE,FALSE,FALSE,FALSE,FALSE,FALSE,FALSE,FALSE,FALSE,FALSE,FALSE,FALSE,NA,NA,0.7533810660302307,8.2,FIELD_SPM,EXP4_FIELD_SPM,0,0,0 lux,4,1,CONTROL,NA,FIELD_SPM,NA,NA,FALSE,FALSE,FALSE,FALSE,TRUE,Day 4,<25 NTU,0 lux,36,72,1,Experiment 4: Field-derived SPM gradient,Exp. 4 Field SPM,Control,Control,NA,TRUE,EXP4_FIELD_SPM
438,C1952,20250108_C1952_clip.MP4,504,8.2,NA,8.2,8.2,TRUE,EXP4_FIELD_SPM,FIELD_SPM,TRUE,TRUE,52,24345,4,L. DIGITATA,BR,WINTER,Bognor,CONTROL,NA,NA,NA,0,0,0,0,NA,907,1348,2255,0.40221729490022173,glass,1828,NA,NA,NA,NA,2024,NA,NA,LAMINARIA DIGITATA,2255,0.40221729490022173,FALSE,FALSE,FALSE,FALSE,FALSE,FALSE,FALSE,FALSE,FALSE,FALSE,FALSE,0,FALSE,NA,NA,FALSE,FALSE,FALSE,FALSE,FALSE,FALSE,FALSE,FALSE,FALSE,FALSE,FALSE,FALSE,NA,NA,0.5977827050997783,8.2,FIELD_SPM,EXP4_FIELD_SPM,0,0,0 lux,4,1,CONTROL,NA,FIELD_SPM,NA,NA,FALSE,FALSE,FALSE,FALSE,TRUE,Day 4,<25 NTU,0 lux,36,72,1,Experiment 4: Field-derived SPM gradient,Exp. 4 Field SPM,Control,Control,NA,TRUE,EXP4_FIELD_SPM
439,C1953,20250108_C1953_clip.MP4,504,8.2,NA,8.2,8.2,TRUE,EXP4_FIELD_SPM,FIELD_SPM,TRUE,TRUE,52,24346,4,L. DIGITATA,BR,WINTER,Bognor,CONTROL,NA,NA,NA,0,0,0,0,NA,493,1312,1805,0.27313019390581716,glass,304,NA,NA,NA,NA,2024,NA,NA,LAMINARIA DIGITATA,1805,0.27313019390581716,FALSE,FALSE,FALSE,FALSE,FALSE,FALSE,FALSE,FALSE,FALSE,FALSE,FALSE,0,FALSE,NA,NA,FALSE,FALSE,FALSE,FALSE,FALSE,FALSE,FALSE,FALSE,FALSE,FALSE,FALSE,FALSE,NA,NA,0.7268698060941828,8.2,FIELD_SPM,EXP4_FIELD_SPM,0,0,0 lux,4,1,CONTROL,NA,FIELD_SPM,NA,NA,FALSE,FALSE,FALSE,FALSE,TRUE,Day 4,<25 NTU,0 lux,36,72,1,Experiment 4: Field-derived SPM gradient,Exp. 4 Field SPM,Control,Control,NA,TRUE,EXP4_FIELD_SPM
440,C1954,20250108_C1954_clip.MP4,504,8.2,NA,8.2,8.2,TRUE,EXP4_FIELD_SPM,FIELD_SPM,FALSE,TRUE,52,24351,4,L. DIGITATA,BR,WINTER,Bognor,SPM,SPM,NA,NA,0,460,0,0,NA,310,830,1140,0.2719298245614035,glass,2360,NA,NA,NA,NA,2024,NA,NA,LAMINARIA DIGITATA,1140,0.2719298245614035,FALSE,FALSE,FALSE,FALSE,FALSE,FALSE,FALSE,FALSE,FALSE,FALSE,FALSE,0,FALSE,NA,NA,FALSE,FALSE,FALSE,FALSE,FALSE,FALSE,FALSE,FALSE,FALSE,FALSE,FALSE,FALSE,NA,NA,0.7280701754385965,8.2,FIELD_SPM,EXP4_FIELD_SPM,2.663700925389648,0,0 lux,4,1,SPM,NA,FIELD_SPM,NA,NA,FALSE,FALSE,FALSE,FALSE,TRUE,Day 4,>=400 NTU,0 lux,36,72,1,Experiment 4: Field-derived SPM gradient,Exp. 4 Field SPM,Field SPM,SPM,NA,TRUE,EXP4_FIELD_SPM
441,C1956,20250108_C1956_clip.MP4,504,8.2,NA,8.2,8.2,TRUE,EXP4_FIELD_SPM,FIELD_SPM,FALSE,TRUE,52,24352,4,L. DIGITATA,BR,WINTER,Bognor,SPM,SPM,NA,NA,0,460,0,0,NA,435,1138,1573,0.2765416401780038,glass,11812,NA,NA,NA,NA,2024,NA,NA,LAMINARIA DIGITATA,1573,0.2765416401780038,FALSE,FALSE,FALSE,FALSE,FALSE,FALSE,FALSE,FALSE,FALSE,FALSE,FALSE,0,FALSE,NA,NA,FALSE,FALSE,FALSE,FALSE,FALSE,FALSE,FALSE,FALSE,FALSE,FALSE,FALSE,FALSE,NA,NA,0.7234583598219961,8.2,FIELD_SPM,EXP4_FIELD_SPM,2.663700925389648,0,0 lux,4,1,SPM,NA,FIELD_SPM,NA,NA,FALSE,FALSE,FALSE,FALSE,TRUE,Day 4,>=400 NTU,0 lux,36,72,1,Experiment 4: Field-derived SPM gradient,Exp. 4 Field SPM,Field SPM,SPM,NA,TRUE,EXP4_FIELD_SPM
442,C1957,20250108_C1957_clip.MP4,504,8.2,NA,8.2,8.2,TRUE,EXP4_FIELD_SPM,FIELD_SPM,FALSE,TRUE,52,24353,4,L. DIGITATA,BR,WINTER,Bognor,SPM,SPM,NA,NA,0,460,0,0,NA,519,1185,1704,0.3045774647887324,glass,5888,NA,NA,NA,NA,2024,NA,NA,LAMINARIA DIGITATA,1704,0.3045774647887324,FALSE,FALSE,FALSE,FALSE,FALSE,FALSE,FALSE,FALSE,FALSE,FALSE,FALSE,0,FALSE,NA,NA,FALSE,FALSE,FALSE,FALSE,FALSE,FALSE,FALSE,FALSE,FALSE,FALSE,FALSE,FALSE,NA,NA,0.6954225352112676,8.2,FIELD_SPM,EXP4_FIELD_SPM,2.663700925389648,0,0 lux,4,1,SPM,NA,FIELD_SPM,NA,NA,FALSE,FALSE,FALSE,FALSE,TRUE,Day 4,>=400 NTU,0 lux,36,72,1,Experiment 4: Field-derived SPM gradient,Exp. 4 Field SPM,Field SPM,SPM,NA,TRUE,EXP4_FIELD_SPM
443,C1958,20250108_C1958_clip.MP4,504,8.2,NA,8.2,8.2,TRUE,EXP4_FIELD_SPM,FIELD_SPM,FALSE,TRUE,52,24354,4,L. DIGITATA,BR,WINTER,Bognor,SPM,SPM,NA,NA,0,1381,0,0,NA,294,827,1121,0.2622658340767172,glass,2221,NA,NA,NA,NA,2024,NA,NA,LAMINARIA DIGITATA,1121,0.2622658340767172,FALSE,FALSE,FALSE,FALSE,FALSE,FALSE,FALSE,FALSE,FALSE,FALSE,FALSE,0,FALSE,NA,NA,FALSE,FALSE,FALSE,FALSE,FALSE,FALSE,FALSE,FALSE,FALSE,FALSE,FALSE,FALSE,NA,NA,0.7377341659232828,8.2,FIELD_SPM,EXP4_FIELD_SPM,3.1405080430381798,0,0 lux,4,1,SPM,NA,FIELD_SPM,NA,NA,FALSE,FALSE,FALSE,FALSE,TRUE,Day 4,>=400 NTU,0 lux,36,72,1,Experiment 4: Field-derived SPM gradient,Exp. 4 Field SPM,Field SPM,SPM,NA,TRUE,EXP4_FIELD_SPM
444,C1959,20250108_C1959_clip.MP4,504,8.2,NA,8.2,8.2,TRUE,EXP4_FIELD_SPM,FIELD_SPM,FALSE,TRUE,52,24355,4,L. DIGITATA,BR,WINTER,Bognor,SPM,SPM,NA,NA,0,1381,0,0,NA,327,908,1235,0.2647773279352227,glass,800,NA,NA,NA,NA,2024,NA,NA,LAMINARIA DIGITATA,1235,0.2647773279352227,FALSE,FALSE,FALSE,FALSE,FALSE,FALSE,FALSE,FALSE,FALSE,FALSE,FALSE,0,FALSE,NA,NA,FALSE,FALSE,FALSE,FALSE,FALSE,FALSE,FALSE,FALSE,FALSE,FALSE,FALSE,FALSE,NA,NA,0.7352226720647773,8.2,FIELD_SPM,EXP4_FIELD_SPM,3.1405080430381798,0,0 lux,4,1,SPM,NA,FIELD_SPM,NA,NA,FALSE,FALSE,FALSE,FALSE,TRUE,Day 4,>=400 NTU,0 lux,36,72,1,Experiment 4: Field-derived SPM gradient,Exp. 4 Field SPM,Field SPM,SPM,NA,TRUE,EXP4_FIELD_SPM
445,C1960,20250108_C1960_clip.MP4,504,8.2,NA,8.2,8.2,TRUE,EXP4_FIELD_SPM,FIELD_SPM,FALSE,TRUE,52,24356,4,L. DIGITATA,BR,WINTER,Bognor,SPM,SPM,NA,NA,0,1381,0,0,NA,626,1166,1792,0.34933035714285715,glass,655,NA,NA,NA,NA,2024,NA,NA,LAMINARIA DIGITATA,1792,0.34933035714285715,FALSE,FALSE,FALSE,FALSE,FALSE,FALSE,FALSE,FALSE,FALSE,FALSE,FALSE,0,FALSE,NA,NA,FALSE,FALSE,FALSE,FALSE,FALSE,FALSE,FALSE,FALSE,FALSE,FALSE,FALSE,FALSE,NA,NA,0.6506696428571429,8.2,FIELD_SPM,EXP4_FIELD_SPM,3.1405080430381798,0,0 lux,4,1,SPM,NA,FIELD_SPM,NA,NA,FALSE,FALSE,FALSE,FALSE,TRUE,Day 4,>=400 NTU,0 lux,36,72,1,Experiment 4: Field-derived SPM gradient,Exp. 4 Field SPM,Field SPM,SPM,NA,TRUE,EXP4_FIELD_SPM
446,C1961,20250108_C1961_clip.MP4,504,8.2,NA,8.2,8.2,TRUE,EXP4_FIELD_SPM,FIELD_SPM,FALSE,TRUE,52,24361,4,L. DIGITATA,BR,WINTER,Bognor,SPM,SPM,NA,NA,0,2763,0,0,NA,273,769,1042,0.2619961612284069,glass,577,NA,NA,NA,NA,2024,NA,NA,LAMINARIA DIGITATA,1042,0.2619961612284069,FALSE,FALSE,FALSE,FALSE,FALSE,FALSE,FALSE,FALSE,FALSE,FALSE,FALSE,0,FALSE,NA,NA,FALSE,FALSE,FALSE,FALSE,FALSE,FALSE,FALSE,FALSE,FALSE,FALSE,FALSE,FALSE,NA,NA,0.738003838771593,8.2,FIELD_SPM,EXP4_FIELD_SPM,3.441538038702161,0,0 lux,4,1,SPM,NA,FIELD_SPM,NA,NA,FALSE,FALSE,FALSE,FALSE,TRUE,Day 4,>=400 NTU,0 lux,36,72,1,Experiment 4: Field-derived SPM gradient,Exp. 4 Field SPM,Field SPM,SPM,NA,TRUE,EXP4_FIELD_SPM
447,C1962,20250108_C1962_clip.MP4,504,8.2,NA,8.2,8.2,TRUE,EXP4_FIELD_SPM,FIELD_SPM,FALSE,TRUE,52,24362,4,L. DIGITATA,BR,WINTER,Bognor,SPM,SPM,NA,NA,0,2763,0,0,NA,785,1498,2283,0.34384581690757776,glass,173,NA,NA,NA,NA,2024,NA,NA,LAMINARIA DIGITATA,2283,0.34384581690757776,FALSE,FALSE,FALSE,FALSE,FALSE,FALSE,FALSE,FALSE,FALSE,FALSE,FALSE,0,FALSE,NA,NA,FALSE,FALSE,FALSE,FALSE,FALSE,FALSE,FALSE,FALSE,FALSE,FALSE,FALSE,FALSE,NA,NA,0.6561541830924222,8.2,FIELD_SPM,EXP4_FIELD_SPM,3.441538038702161,0,0 lux,4,1,SPM,NA,FIELD_SPM,NA,NA,FALSE,FALSE,FALSE,FALSE,TRUE,Day 4,>=400 NTU,0 lux,36,72,1,Experiment 4: Field-derived SPM gradient,Exp. 4 Field SPM,Field SPM,SPM,NA,TRUE,EXP4_FIELD_SPM
448,C1963,20250108_C1963_clip.MP4,504,8.2,NA,8.2,8.2,TRUE,EXP4_FIELD_SPM,FIELD_SPM,FALSE,TRUE,52,24363,4,L. DIGITATA,BR,WINTER,Bognor,SPM,SPM,NA,NA,0,2763,0,0,NA,344,891,1235,0.2785425101214575,glass,2335,NA,NA,NA,NA,2024,NA,NA,LAMINARIA DIGITATA,1235,0.2785425101214575,FALSE,FALSE,FALSE,FALSE,FALSE,FALSE,FALSE,FALSE,FALSE,FALSE,FALSE,0,FALSE,NA,NA,FALSE,FALSE,FALSE,FALSE,FALSE,FALSE,FALSE,FALSE,FALSE,FALSE,FALSE,FALSE,NA,NA,0.7214574898785425,8.2,FIELD_SPM,EXP4_FIELD_SPM,3.441538038702161,0,0 lux,4,1,SPM,NA,FIELD_SPM,NA,NA,FALSE,FALSE,FALSE,FALSE,TRUE,Day 4,>=400 NTU,0 lux,36,72,1,Experiment 4: Field-derived SPM gradient,Exp. 4 Field SPM,Field SPM,SPM,NA,TRUE,EXP4_FIELD_SPM
449,C1964,20250108_C1964_clip.MP4,504,8.2,NA,8.2,8.2,TRUE,EXP4_FIELD_SPM,FIELD_SPM,FALSE,TRUE,52,24364,4,L. DIGITATA,BR,WINTER,Bognor,SPM,SPM,NA,NA,0,4144,0,0,NA,399,1146,1545,0.258252427184466,glass,1429,NA,NA,NA,NA,2024,NA,NA,LAMINARIA DIGITATA,1545,0.258252427184466,FALSE,FALSE,FALSE,FALSE,FALSE,FALSE,FALSE,FALSE,FALSE,FALSE,FALSE,0,FALSE,NA,NA,FALSE,FALSE,FALSE,FALSE,FALSE,FALSE,FALSE,FALSE,FALSE,FALSE,FALSE,FALSE,NA,NA,0.7417475728155339,8.2,FIELD_SPM,EXP4_FIELD_SPM,3.6175245348862926,0,0 lux,4,1,SPM,NA,FIELD_SPM,NA,NA,FALSE,FALSE,FALSE,FALSE,TRUE,Day 4,>=400 NTU,0 lux,36,72,1,Experiment 4: Field-derived SPM gradient,Exp. 4 Field SPM,Field SPM,SPM,NA,TRUE,EXP4_FIELD_SPM
450,C1965,20250108_C1965_clip.MP4,504,8.2,NA,8.2,8.2,TRUE,EXP4_FIELD_SPM,FIELD_SPM,FALSE,TRUE,52,24365,4,L. DIGITATA,BR,WINTER,Bognor,SPM,SPM,NA,NA,0,4144,0,0,NA,584,1547,2131,0.2740497419052088,glass,433,NA,NA,NA,NA,2024,NA,NA,LAMINARIA DIGITATA,2131,0.2740497419052088,FALSE,FALSE,FALSE,FALSE,FALSE,FALSE,FALSE,FALSE,FALSE,FALSE,FALSE,0,FALSE,NA,NA,FALSE,FALSE,FALSE,FALSE,FALSE,FALSE,FALSE,FALSE,FALSE,FALSE,FALSE,FALSE,NA,NA,0.7259502580947912,8.2,FIELD_SPM,EXP4_FIELD_SPM,3.6175245348862926,0,0 lux,4,1,SPM,NA,FIELD_SPM,NA,NA,FALSE,FALSE,FALSE,FALSE,TRUE,Day 4,>=400 NTU,0 lux,36,72,1,Experiment 4: Field-derived SPM gradient,Exp. 4 Field SPM,Field SPM,SPM,NA,TRUE,EXP4_FIELD_SPM
451,C1966,20250108_C1966_clip.MP4,504,8.2,NA,8.2,8.2,TRUE,EXP4_FIELD_SPM,FIELD_SPM,FALSE,TRUE,52,24366,4,L. DIGITATA,BR,WINTER,Bognor,SPM,SPM,NA,NA,0,4144,0,0,NA,623,1332,1955,0.31867007672634273,glass,289,NA,NA,NA,NA,2024,NA,NA,LAMINARIA DIGITATA,1955,0.31867007672634273,FALSE,FALSE,FALSE,FALSE,FALSE,FALSE,FALSE,FALSE,FALSE,FALSE,FALSE,0,FALSE,NA,NA,FALSE,FALSE,FALSE,FALSE,FALSE,FALSE,FALSE,FALSE,FALSE,FALSE,FALSE,FALSE,NA,NA,0.6813299232736573,8.2,FIELD_SPM,EXP4_FIELD_SPM,3.6175245348862926,0,0 lux,4,1,SPM,NA,FIELD_SPM,NA,NA,FALSE,FALSE,FALSE,FALSE,TRUE,Day 4,>=400 NTU,0 lux,36,72,1,Experiment 4: Field-derived SPM gradient,Exp. 4 Field SPM,Field SPM,SPM,NA,TRUE,EXP4_FIELD_SPM
676,C2201,20250415_C2201_clip.MP4,504,11.2,NA,11.2,11.2,TRUE,EXP3_BRAKE_SIZE,BRAKE_SIZE,FALSE,TRUE,53,25581,4,L. DIGITATA,HW,SPRING,Harwich,BWF,BRAKE_WEAR,NA,FINE,0,NA,0,4.5,NA,31012,30055,61067,0.5078356559189088,glass,179,NA,NA,NA,NA,2025,NA,NA,LAMINARIA DIGITATA,61067,0.5078356559189088,FALSE,FALSE,FALSE,FALSE,FALSE,FALSE,FALSE,FALSE,FALSE,FALSE,FALSE,0,FALSE,NA,NA,FALSE,FALSE,FALSE,FALSE,FALSE,FALSE,FALSE,FALSE,FALSE,FALSE,FALSE,FALSE,NA,NA,0.4921643440810913,11.2,BRAKE_SIZE,EXP3_BRAKE_SIZE,NA,0.7403626894942439,0 lux,4,1,BRAKE_WEAR,FINE,BRAKE_SIZE,BRAKE_WEAR,BWF,FALSE,FALSE,TRUE,TRUE,FALSE,Day 4,NA,0 lux,36,36,1,Experiment 3: Particle size comparison under equal mass loading,Exp. 3 Brake size,BRAKE_WEAR,BRAKE_WEAR,Fine,TRUE,EXP3_BRAKE_SIZE
677,C2202,20250415_C2202_clip.MP4,504,11.2,NA,11.2,11.2,TRUE,EXP3_BRAKE_SIZE,BRAKE_SIZE,FALSE,TRUE,53,25582,4,L. DIGITATA,HW,SPRING,Harwich,BWF,BRAKE_WEAR,NA,FINE,0,NA,0,4.5,NA,30164,27384,57548,0.524153749913116,glass,267,NA,NA,NA,NA,2025,NA,NA,LAMINARIA DIGITATA,57548,0.524153749913116,FALSE,FALSE,FALSE,FALSE,FALSE,FALSE,FALSE,FALSE,FALSE,FALSE,FALSE,0,FALSE,NA,NA,FALSE,FALSE,FALSE,FALSE,FALSE,FALSE,FALSE,FALSE,FALSE,FALSE,FALSE,FALSE,NA,NA,0.47584625008688397,11.2,BRAKE_SIZE,EXP3_BRAKE_SIZE,NA,0.7403626894942439,0 lux,4,1,BRAKE_WEAR,FINE,BRAKE_SIZE,BRAKE_WEAR,BWF,FALSE,FALSE,TRUE,TRUE,FALSE,Day 4,NA,0 lux,36,36,1,Experiment 3: Particle size comparison under equal mass loading,Exp. 3 Brake size,BRAKE_WEAR,BRAKE_WEAR,Fine,TRUE,EXP3_BRAKE_SIZE
678,C2203,20250415_C2203_clip.MP4,504,11.2,NA,11.2,11.2,TRUE,EXP3_BRAKE_SIZE,BRAKE_SIZE,FALSE,TRUE,53,25583,4,L. DIGITATA,HW,SPRING,Harwich,BWF,BRAKE_WEAR,NA,FINE,0,NA,0,4.5,NA,31562,27995,59557,0.529946102053495,glass,2409,NA,NA,NA,NA,2025,NA,NA,LAMINARIA DIGITATA,59557,0.529946102053495,FALSE,FALSE,FALSE,FALSE,FALSE,FALSE,FALSE,FALSE,FALSE,FALSE,FALSE,0,FALSE,NA,NA,FALSE,FALSE,FALSE,FALSE,FALSE,FALSE,FALSE,FALSE,FALSE,FALSE,FALSE,FALSE,NA,NA,0.47005389794650504,11.2,BRAKE_SIZE,EXP3_BRAKE_SIZE,NA,0.7403626894942439,0 lux,4,1,BRAKE_WEAR,FINE,BRAKE_SIZE,BRAKE_WEAR,BWF,FALSE,FALSE,TRUE,TRUE,FALSE,Day 4,NA,0 lux,36,36,1,Experiment 3: Particle size comparison under equal mass loading,Exp. 3 Brake size,BRAKE_WEAR,BRAKE_WEAR,Fine,TRUE,EXP3_BRAKE_SIZE
679,C2204,20250415_C2204_clip.MP4,504,11.2,NA,11.2,11.2,TRUE,EXP3_BRAKE_SIZE,BRAKE_SIZE,FALSE,TRUE,53,25584,4,L. DIGITATA,HW,SPRING,Harwich,BWF,BRAKE_WEAR,NA,FINE,0,NA,0,4.5,NA,25476,25818,51294,0.4966662767575155,glass,478,NA,NA,NA,NA,2025,NA,NA,LAMINARIA DIGITATA,51294,0.4966662767575155,FALSE,FALSE,FALSE,FALSE,FALSE,FALSE,FALSE,FALSE,FALSE,FALSE,FALSE,0,FALSE,NA,NA,FALSE,FALSE,FALSE,FALSE,FALSE,FALSE,FALSE,FALSE,FALSE,FALSE,FALSE,FALSE,NA,NA,0.5033337232424845,11.2,BRAKE_SIZE,EXP3_BRAKE_SIZE,NA,0.7403626894942439,0 lux,4,1,BRAKE_WEAR,FINE,BRAKE_SIZE,BRAKE_WEAR,BWF,FALSE,FALSE,TRUE,TRUE,FALSE,Day 4,NA,0 lux,36,36,1,Experiment 3: Particle size comparison under equal mass loading,Exp. 3 Brake size,BRAKE_WEAR,BRAKE_WEAR,Fine,TRUE,EXP3_BRAKE_SIZE
680,C2205,20250415_C2205_clip.MP4,504,11.2,NA,11.2,11.2,TRUE,EXP3_BRAKE_SIZE,BRAKE_SIZE,FALSE,TRUE,53,25585,4,L. DIGITATA,HW,SPRING,Harwich,BWF,BRAKE_WEAR,NA,FINE,0,NA,0,4.5,NA,3441,4857,8298,0.41467823571945045,glass,318,NA,NA,NA,NA,2025,NA,NA,LAMINARIA DIGITATA,8298,0.41467823571945045,FALSE,FALSE,FALSE,FALSE,FALSE,FALSE,FALSE,FALSE,FALSE,FALSE,FALSE,0,FALSE,NA,NA,FALSE,FALSE,FALSE,FALSE,FALSE,FALSE,FALSE,FALSE,FALSE,FALSE,FALSE,FALSE,NA,NA,0.5853217642805495,11.2,BRAKE_SIZE,EXP3_BRAKE_SIZE,NA,0.7403626894942439,0 lux,4,1,BRAKE_WEAR,FINE,BRAKE_SIZE,BRAKE_WEAR,BWF,FALSE,FALSE,TRUE,TRUE,FALSE,Day 4,NA,0 lux,36,36,1,Experiment 3: Particle size comparison under equal mass loading,Exp. 3 Brake size,BRAKE_WEAR,BRAKE_WEAR,Fine,TRUE,EXP3_BRAKE_SIZE
681,C2206,20250415_C2206_clip.MP4,504,11.2,NA,11.2,11.2,TRUE,EXP3_BRAKE_SIZE,BRAKE_SIZE,FALSE,TRUE,53,25586,4,L. DIGITATA,HW,SPRING,Harwich,BWF,BRAKE_WEAR,NA,FINE,0,NA,0,4.5,NA,2316,3287,5603,0.4133499910762092,glass,2634,NA,NA,NA,NA,2025,NA,NA,LAMINARIA DIGITATA,5603,0.4133499910762092,FALSE,FALSE,FALSE,FALSE,FALSE,FALSE,FALSE,FALSE,FALSE,FALSE,FALSE,0,FALSE,NA,NA,FALSE,FALSE,FALSE,FALSE,FALSE,FALSE,FALSE,FALSE,FALSE,FALSE,FALSE,FALSE,NA,NA,0.5866500089237908,11.2,BRAKE_SIZE,EXP3_BRAKE_SIZE,NA,0.7403626894942439,0 lux,4,1,BRAKE_WEAR,FINE,BRAKE_SIZE,BRAKE_WEAR,BWF,FALSE,FALSE,TRUE,TRUE,FALSE,Day 4,NA,0 lux,36,36,1,Experiment 3: Particle size comparison under equal mass loading,Exp. 3 Brake size,BRAKE_WEAR,BRAKE_WEAR,Fine,TRUE,EXP3_BRAKE_SIZE
682,C2207,20250415_C2207_clip.MP4,504,11.2,NA,11.2,11.2,TRUE,EXP3_BRAKE_SIZE,BRAKE_SIZE,FALSE,TRUE,53,25591,4,L. DIGITATA,HW,SPRING,Harwich,BWF,BRAKE_WEAR,NA,FINE,0,NA,0,45,NA,1251,1954,3205,0.3903276131045242,glass,858,NA,NA,NA,NA,2025,NA,NA,LAMINARIA DIGITATA,3205,0.3903276131045242,FALSE,FALSE,FALSE,FALSE,FALSE,FALSE,FALSE,FALSE,FALSE,FALSE,FALSE,0,FALSE,NA,NA,FALSE,FALSE,FALSE,FALSE,FALSE,FALSE,FALSE,FALSE,FALSE,FALSE,FALSE,FALSE,NA,NA,0.6096723868954759,11.2,BRAKE_SIZE,EXP3_BRAKE_SIZE,NA,1.662757831681574,0 lux,4,1,BRAKE_WEAR,FINE,BRAKE_SIZE,BRAKE_WEAR,BWF,FALSE,FALSE,TRUE,TRUE,FALSE,Day 4,NA,0 lux,36,36,1,Experiment 3: Particle size comparison under equal mass loading,Exp. 3 Brake size,BRAKE_WEAR,BRAKE_WEAR,Fine,TRUE,EXP3_BRAKE_SIZE
683,C2208,20250415_C2208_clip.MP4,504,11.2,NA,11.2,11.2,TRUE,EXP3_BRAKE_SIZE,BRAKE_SIZE,FALSE,TRUE,53,25592,4,L. DIGITATA,HW,SPRING,Harwich,BWF,BRAKE_WEAR,NA,FINE,0,NA,0,45,NA,2214,4110,6324,0.35009487666034156,glass,199,NA,NA,NA,NA,2025,NA,NA,LAMINARIA DIGITATA,6324,0.35009487666034156,FALSE,FALSE,FALSE,FALSE,FALSE,FALSE,FALSE,FALSE,FALSE,FALSE,FALSE,0,FALSE,NA,NA,FALSE,FALSE,FALSE,FALSE,FALSE,FALSE,FALSE,FALSE,FALSE,FALSE,FALSE,FALSE,NA,NA,0.6499051233396584,11.2,BRAKE_SIZE,EXP3_BRAKE_SIZE,NA,1.662757831681574,0 lux,4,1,BRAKE_WEAR,FINE,BRAKE_SIZE,BRAKE_WEAR,BWF,FALSE,FALSE,TRUE,TRUE,FALSE,Day 4,NA,0 lux,36,36,1,Experiment 3: Particle size comparison under equal mass loading,Exp. 3 Brake size,BRAKE_WEAR,BRAKE_WEAR,Fine,TRUE,EXP3_BRAKE_SIZE
684,C2209,20250415_C2209_clip.MP4,504,11.2,NA,11.2,11.2,TRUE,EXP3_BRAKE_SIZE,BRAKE_SIZE,FALSE,TRUE,53,25593,4,L. DIGITATA,HW,SPRING,Harwich,BWF,BRAKE_WEAR,NA,FINE,0,NA,0,45,NA,226,672,898,0.2516703786191537,glass,296,NA,NA,NA,NA,2025,NA,NA,LAMINARIA DIGITATA,898,0.2516703786191537,FALSE,FALSE,FALSE,FALSE,FALSE,FALSE,FALSE,FALSE,FALSE,FALSE,FALSE,0,FALSE,NA,NA,FALSE,FALSE,FALSE,FALSE,FALSE,FALSE,FALSE,FALSE,FALSE,FALSE,FALSE,FALSE,NA,NA,0.7483296213808464,11.2,BRAKE_SIZE,EXP3_BRAKE_SIZE,NA,1.662757831681574,0 lux,4,1,BRAKE_WEAR,FINE,BRAKE_SIZE,BRAKE_WEAR,BWF,FALSE,FALSE,TRUE,TRUE,FALSE,Day 4,NA,0 lux,36,36,1,Experiment 3: Particle size comparison under equal mass loading,Exp. 3 Brake size,BRAKE_WEAR,BRAKE_WEAR,Fine,TRUE,EXP3_BRAKE_SIZE
685,C2210,20250415_C2210_clip.MP4,504,11.2,NA,11.2,11.2,TRUE,EXP3_BRAKE_SIZE,BRAKE_SIZE,FALSE,TRUE,53,25594,4,L. DIGITATA,HW,SPRING,Harwich,BWF,BRAKE_WEAR,NA,FINE,0,NA,0,45,NA,27311,29487,56798,0.4808443959294341,glass,334,NA,NA,NA,NA,2025,NA,NA,LAMINARIA DIGITATA,56798,0.4808443959294341,FALSE,FALSE,FALSE,FALSE,FALSE,FALSE,FALSE,FALSE,FALSE,FALSE,FALSE,0,FALSE,NA,NA,FALSE,FALSE,FALSE,FALSE,FALSE,FALSE,FALSE,FALSE,FALSE,FALSE,FALSE,FALSE,NA,NA,0.5191556040705658,11.2,BRAKE_SIZE,EXP3_BRAKE_SIZE,NA,1.662757831681574,0 lux,4,1,BRAKE_WEAR,FINE,BRAKE_SIZE,BRAKE_WEAR,BWF,FALSE,FALSE,TRUE,TRUE,FALSE,Day 4,NA,0 lux,36,36,1,Experiment 3: Particle size comparison under equal mass loading,Exp. 3 Brake size,BRAKE_WEAR,BRAKE_WEAR,Fine,TRUE,EXP3_BRAKE_SIZE
686,C2211,20250415_C2211_clip.MP4,504,11.2,NA,11.2,11.2,TRUE,EXP3_BRAKE_SIZE,BRAKE_SIZE,FALSE,TRUE,53,25595,4,L. DIGITATA,HW,SPRING,Harwich,BWF,BRAKE_WEAR,NA,FINE,0,NA,0,45,NA,31262,28755,60017,0.5208857490377726,glass,106,NA,NA,NA,NA,2025,NA,NA,LAMINARIA DIGITATA,60017,0.5208857490377726,FALSE,FALSE,FALSE,FALSE,FALSE,FALSE,FALSE,FALSE,FALSE,FALSE,FALSE,0,FALSE,NA,NA,FALSE,FALSE,FALSE,FALSE,FALSE,FALSE,FALSE,FALSE,FALSE,FALSE,FALSE,FALSE,NA,NA,0.4791142509622274,11.2,BRAKE_SIZE,EXP3_BRAKE_SIZE,NA,1.662757831681574,0 lux,4,1,BRAKE_WEAR,FINE,BRAKE_SIZE,BRAKE_WEAR,BWF,FALSE,FALSE,TRUE,TRUE,FALSE,Day 4,NA,0 lux,36,36,1,Experiment 3: Particle size comparison under equal mass loading,Exp. 3 Brake size,BRAKE_WEAR,BRAKE_WEAR,Fine,TRUE,EXP3_BRAKE_SIZE
687,C2212,20250415_C2212_clip.MP4,504,11.2,NA,11.2,11.2,TRUE,EXP3_BRAKE_SIZE,BRAKE_SIZE,FALSE,TRUE,53,25596,4,L. DIGITATA,HW,SPRING,Harwich,BWF,BRAKE_WEAR,NA,FINE,0,NA,0,450,NA,1827,2703,4530,0.4033112582781457,glass,64,NA,NA,NA,NA,2025,NA,NA,LAMINARIA DIGITATA,4530,0.4033112582781457,FALSE,FALSE,FALSE,FALSE,FALSE,FALSE,FALSE,FALSE,FALSE,FALSE,FALSE,0,FALSE,NA,NA,FALSE,FALSE,FALSE,FALSE,FALSE,FALSE,FALSE,FALSE,FALSE,FALSE,FALSE,FALSE,NA,NA,0.5966887417218543,11.2,BRAKE_SIZE,EXP3_BRAKE_SIZE,NA,2.6541765418779604,0 lux,4,1,BRAKE_WEAR,FINE,BRAKE_SIZE,BRAKE_WEAR,BWF,FALSE,FALSE,TRUE,TRUE,FALSE,Day 4,NA,0 lux,36,36,1,Experiment 3: Particle size comparison under equal mass loading,Exp. 3 Brake size,BRAKE_WEAR,BRAKE_WEAR,Fine,TRUE,EXP3_BRAKE_SIZE
688,C2213,20250415_C2213_clip.MP4,504,11.2,NA,11.2,11.2,TRUE,EXP3_BRAKE_SIZE,BRAKE_SIZE,FALSE,TRUE,53,25601,4,L. DIGITATA,HW,SPRING,Harwich,BWF,BRAKE_WEAR,NA,FINE,0,NA,0,450,NA,30102,31004,61106,0.4926193827120086,glass,75,NA,NA,NA,NA,2025,NA,NA,LAMINARIA DIGITATA,61106,0.4926193827120086,FALSE,FALSE,FALSE,FALSE,FALSE,FALSE,FALSE,FALSE,FALSE,FALSE,FALSE,0,FALSE,NA,NA,FALSE,FALSE,FALSE,FALSE,FALSE,FALSE,FALSE,FALSE,FALSE,FALSE,FALSE,FALSE,NA,NA,0.5073806172879913,11.2,BRAKE_SIZE,EXP3_BRAKE_SIZE,NA,2.6541765418779604,0 lux,4,1,BRAKE_WEAR,FINE,BRAKE_SIZE,BRAKE_WEAR,BWF,FALSE,FALSE,TRUE,TRUE,FALSE,Day 4,NA,0 lux,36,36,1,Experiment 3: Particle size comparison under equal mass loading,Exp. 3 Brake size,BRAKE_WEAR,BRAKE_WEAR,Fine,TRUE,EXP3_BRAKE_SIZE
689,C2214,20250415_C2214_clip.MP4,504,11.2,NA,11.2,11.2,TRUE,EXP3_BRAKE_SIZE,BRAKE_SIZE,FALSE,TRUE,53,26502,4,L. DIGITATA,HW,SPRING,Harwich,BWF,BRAKE_WEAR,NA,FINE,0,NA,0,450,NA,118,1959,2077,0.05681271064034665,glass,1041,NA,NA,NA,NA,2025,NA,NA,LAMINARIA DIGITATA,2077,0.05681271064034665,FALSE,FALSE,FALSE,FALSE,FALSE,FALSE,FALSE,FALSE,FALSE,FALSE,FALSE,0,FALSE,NA,NA,FALSE,FALSE,FALSE,FALSE,FALSE,FALSE,FALSE,FALSE,FALSE,FALSE,FALSE,FALSE,NA,NA,0.9431872893596533,11.2,BRAKE_SIZE,EXP3_BRAKE_SIZE,NA,2.6541765418779604,0 lux,4,1,BRAKE_WEAR,FINE,BRAKE_SIZE,BRAKE_WEAR,BWF,FALSE,FALSE,TRUE,TRUE,FALSE,Day 4,NA,0 lux,36,36,1,Experiment 3: Particle size comparison under equal mass loading,Exp. 3 Brake size,BRAKE_WEAR,BRAKE_WEAR,Fine,TRUE,EXP3_BRAKE_SIZE
690,C2215,20250415_C2215_clip.MP4,504,11.2,NA,11.2,11.2,TRUE,EXP3_BRAKE_SIZE,BRAKE_SIZE,FALSE,TRUE,53,25603,4,L. DIGITATA,HW,SPRING,Harwich,BWF,BRAKE_WEAR,NA,FINE,0,NA,0,450,NA,1903,7764,9667,0.1968552808523844,glass,266,NA,NA,NA,NA,2025,NA,NA,LAMINARIA DIGITATA,9667,0.1968552808523844,FALSE,FALSE,FALSE,FALSE,FALSE,FALSE,FALSE,FALSE,FALSE,FALSE,FALSE,0,FALSE,NA,NA,FALSE,FALSE,FALSE,FALSE,FALSE,FALSE,FALSE,FALSE,FALSE,FALSE,FALSE,FALSE,NA,NA,0.8031447191476156,11.2,BRAKE_SIZE,EXP3_BRAKE_SIZE,NA,2.6541765418779604,0 lux,4,1,BRAKE_WEAR,FINE,BRAKE_SIZE,BRAKE_WEAR,BWF,FALSE,FALSE,TRUE,TRUE,FALSE,Day 4,NA,0 lux,36,36,1,Experiment 3: Particle size comparison under equal mass loading,Exp. 3 Brake size,BRAKE_WEAR,BRAKE_WEAR,Fine,TRUE,EXP3_BRAKE_SIZE
691,C2216,20250415_C2216_clip.MP4,504,11.2,NA,11.2,11.2,TRUE,EXP3_BRAKE_SIZE,BRAKE_SIZE,FALSE,TRUE,53,25604,4,L. DIGITATA,HW,SPRING,Harwich,BWF,BRAKE_WEAR,NA,FINE,0,NA,0,450,NA,9672,9679,19351,0.4998191307942742,glass,434,NA,NA,NA,NA,2025,NA,NA,LAMINARIA DIGITATA,19351,0.4998191307942742,FALSE,FALSE,FALSE,FALSE,FALSE,FALSE,FALSE,FALSE,FALSE,FALSE,FALSE,0,FALSE,NA,NA,FALSE,FALSE,FALSE,FALSE,FALSE,FALSE,FALSE,FALSE,FALSE,FALSE,FALSE,FALSE,NA,NA,0.5001808692057258,11.2,BRAKE_SIZE,EXP3_BRAKE_SIZE,NA,2.6541765418779604,0 lux,4,1,BRAKE_WEAR,FINE,BRAKE_SIZE,BRAKE_WEAR,BWF,FALSE,FALSE,TRUE,TRUE,FALSE,Day 4,NA,0 lux,36,36,1,Experiment 3: Particle size comparison under equal mass loading,Exp. 3 Brake size,BRAKE_WEAR,BRAKE_WEAR,Fine,TRUE,EXP3_BRAKE_SIZE
692,C2217,20250415_C2217_clip.MP4,504,11.2,NA,11.2,11.2,TRUE,EXP3_BRAKE_SIZE,BRAKE_SIZE,FALSE,TRUE,53,25605,4,L. DIGITATA,HW,SPRING,Harwich,BWF,BRAKE_WEAR,NA,FINE,0,NA,0,450,NA,10896,11333,22229,0.4901704979981106,glass,2001,NA,NA,NA,NA,2025,NA,NA,LAMINARIA DIGITATA,22229,0.4901704979981106,FALSE,FALSE,FALSE,FALSE,FALSE,FALSE,FALSE,FALSE,FALSE,FALSE,FALSE,0,FALSE,NA,NA,FALSE,FALSE,FALSE,FALSE,FALSE,FALSE,FALSE,FALSE,FALSE,FALSE,FALSE,FALSE,NA,NA,0.5098295020018895,11.2,BRAKE_SIZE,EXP3_BRAKE_SIZE,NA,2.6541765418779604,0 lux,4,1,BRAKE_WEAR,FINE,BRAKE_SIZE,BRAKE_WEAR,BWF,FALSE,FALSE,TRUE,TRUE,FALSE,Day 4,NA,0 lux,36,36,1,Experiment 3: Particle size comparison under equal mass loading,Exp. 3 Brake size,BRAKE_WEAR,BRAKE_WEAR,Fine,TRUE,EXP3_BRAKE_SIZE
693,C2218,20250415_C2218_clip.MP4,504,11.2,NA,11.2,11.2,TRUE,EXP3_BRAKE_SIZE,BRAKE_SIZE,FALSE,TRUE,53,25606,4,L. DIGITATA,HW,SPRING,Harwich,BWF,BRAKE_WEAR,NA,FINE,0,NA,0,450,NA,1947,2992,4939,0.39420935412026725,glass,738,NA,NA,NA,NA,2025,NA,NA,LAMINARIA DIGITATA,4939,0.39420935412026725,FALSE,FALSE,FALSE,FALSE,FALSE,FALSE,FALSE,FALSE,FALSE,FALSE,FALSE,0,FALSE,NA,NA,FALSE,FALSE,FALSE,FALSE,FALSE,FALSE,FALSE,FALSE,FALSE,FALSE,FALSE,FALSE,NA,NA,0.6057906458797327,11.2,BRAKE_SIZE,EXP3_BRAKE_SIZE,NA,2.6541765418779604,0 lux,4,1,BRAKE_WEAR,FINE,BRAKE_SIZE,BRAKE_WEAR,BWF,FALSE,FALSE,TRUE,TRUE,FALSE,Day 4,NA,0 lux,36,36,1,Experiment 3: Particle size comparison under equal mass loading,Exp. 3 Brake size,BRAKE_WEAR,BRAKE_WEAR,Fine,TRUE,EXP3_BRAKE_SIZE
694,C2219,20250415_C2219_clip.MP4,504,11.2,NA,11.2,11.2,TRUE,EXP3_BRAKE_SIZE,BRAKE_SIZE,FALSE,TRUE,53,25611,4,L. DIGITATA,HW,SPRING,Harwich,BWC,BRAKE_WEAR,NA,COARSE,0,NA,0,4.5,NA,1820,3330,5150,0.3533980582524272,glass,221,NA,NA,NA,NA,2025,NA,NA,LAMINARIA DIGITATA,5150,0.3533980582524272,FALSE,FALSE,FALSE,FALSE,FALSE,FALSE,FALSE,FALSE,FALSE,FALSE,FALSE,0,FALSE,NA,NA,FALSE,FALSE,FALSE,FALSE,FALSE,FALSE,FALSE,FALSE,FALSE,FALSE,FALSE,FALSE,NA,NA,0.6466019417475728,11.2,BRAKE_SIZE,EXP3_BRAKE_SIZE,NA,0.7403626894942439,0 lux,4,1,BRAKE_WEAR,COARSE,BRAKE_SIZE,BRAKE_WEAR,BWC,FALSE,FALSE,TRUE,TRUE,FALSE,Day 4,NA,0 lux,36,36,1,Experiment 3: Particle size comparison under equal mass loading,Exp. 3 Brake size,BRAKE_WEAR,BRAKE_WEAR,Coarse,TRUE,EXP3_BRAKE_SIZE
695,C2220,20250415_C2220_clip.MP4,504,11.2,NA,11.2,11.2,TRUE,EXP3_BRAKE_SIZE,BRAKE_SIZE,FALSE,TRUE,53,25612,4,L. DIGITATA,HW,SPRING,Harwich,BWC,BRAKE_WEAR,NA,COARSE,0,NA,0,4.5,NA,4896,5502,10398,0.4708597807270629,glass,1487,NA,NA,NA,NA,2025,NA,NA,LAMINARIA DIGITATA,10398,0.4708597807270629,FALSE,FALSE,FALSE,FALSE,FALSE,FALSE,FALSE,FALSE,FALSE,FALSE,FALSE,0,FALSE,NA,NA,FALSE,FALSE,FALSE,FALSE,FALSE,FALSE,FALSE,FALSE,FALSE,FALSE,FALSE,FALSE,NA,NA,0.5291402192729371,11.2,BRAKE_SIZE,EXP3_BRAKE_SIZE,NA,0.7403626894942439,0 lux,4,1,BRAKE_WEAR,COARSE,BRAKE_SIZE,BRAKE_WEAR,BWC,FALSE,FALSE,TRUE,TRUE,FALSE,Day 4,NA,0 lux,36,36,1,Experiment 3: Particle size comparison under equal mass loading,Exp. 3 Brake size,BRAKE_WEAR,BRAKE_WEAR,Coarse,TRUE,EXP3_BRAKE_SIZE
696,C2221,20250415_C2221_clip.MP4,504,11.2,NA,11.2,11.2,TRUE,EXP3_BRAKE_SIZE,BRAKE_SIZE,FALSE,TRUE,53,25613,4,L. DIGITATA,HW,SPRING,Harwich,BWC,BRAKE_WEAR,NA,COARSE,0,NA,0,4.5,NA,1590,2382,3972,0.4003021148036254,glass,100,NA,NA,NA,NA,2025,NA,NA,LAMINARIA DIGITATA,3972,0.4003021148036254,FALSE,FALSE,FALSE,FALSE,FALSE,FALSE,FALSE,FALSE,FALSE,FALSE,FALSE,0,FALSE,NA,NA,FALSE,FALSE,FALSE,FALSE,FALSE,FALSE,FALSE,FALSE,FALSE,FALSE,FALSE,FALSE,NA,NA,0.5996978851963746,11.2,BRAKE_SIZE,EXP3_BRAKE_SIZE,NA,0.7403626894942439,0 lux,4,1,BRAKE_WEAR,COARSE,BRAKE_SIZE,BRAKE_WEAR,BWC,FALSE,FALSE,TRUE,TRUE,FALSE,Day 4,NA,0 lux,36,36,1,Experiment 3: Particle size comparison under equal mass loading,Exp. 3 Brake size,BRAKE_WEAR,BRAKE_WEAR,Coarse,TRUE,EXP3_BRAKE_SIZE
697,C2222,20250415_C2222_clip.MP4,504,11.2,NA,11.2,11.2,TRUE,EXP3_BRAKE_SIZE,BRAKE_SIZE,FALSE,TRUE,53,25614,4,L. DIGITATA,HW,SPRING,Harwich,BWC,BRAKE_WEAR,NA,COARSE,0,NA,0,4.5,NA,492,836,1328,0.3704819277108434,glass,586,NA,NA,NA,NA,2025,NA,NA,LAMINARIA DIGITATA,1328,0.3704819277108434,FALSE,FALSE,FALSE,FALSE,FALSE,FALSE,FALSE,FALSE,FALSE,FALSE,FALSE,0,FALSE,NA,NA,FALSE,FALSE,FALSE,FALSE,FALSE,FALSE,FALSE,FALSE,FALSE,FALSE,FALSE,FALSE,NA,NA,0.6295180722891566,11.2,BRAKE_SIZE,EXP3_BRAKE_SIZE,NA,0.7403626894942439,0 lux,4,1,BRAKE_WEAR,COARSE,BRAKE_SIZE,BRAKE_WEAR,BWC,FALSE,FALSE,TRUE,TRUE,FALSE,Day 4,NA,0 lux,36,36,1,Experiment 3: Particle size comparison under equal mass loading,Exp. 3 Brake size,BRAKE_WEAR,BRAKE_WEAR,Coarse,TRUE,EXP3_BRAKE_SIZE
698,C2223,20250415_C2223_clip.MP4,504,11.2,NA,11.2,11.2,TRUE,EXP3_BRAKE_SIZE,BRAKE_SIZE,FALSE,TRUE,53,25615,4,L. DIGITATA,HW,SPRING,Harwich,BWC,BRAKE_WEAR,NA,COARSE,0,NA,0,4.5,NA,18254,18317,36571,0.49913866178119276,glass,1069,NA,NA,NA,NA,2025,NA,NA,LAMINARIA DIGITATA,36571,0.49913866178119276,FALSE,FALSE,FALSE,FALSE,FALSE,FALSE,FALSE,FALSE,FALSE,FALSE,FALSE,0,FALSE,NA,NA,FALSE,FALSE,FALSE,FALSE,FALSE,FALSE,FALSE,FALSE,FALSE,FALSE,FALSE,FALSE,NA,NA,0.5008613382188073,11.2,BRAKE_SIZE,EXP3_BRAKE_SIZE,NA,0.7403626894942439,0 lux,4,1,BRAKE_WEAR,COARSE,BRAKE_SIZE,BRAKE_WEAR,BWC,FALSE,FALSE,TRUE,TRUE,FALSE,Day 4,NA,0 lux,36,36,1,Experiment 3: Particle size comparison under equal mass loading,Exp. 3 Brake size,BRAKE_WEAR,BRAKE_WEAR,Coarse,TRUE,EXP3_BRAKE_SIZE
699,C2224,20250415_C2224_clip.MP4,504,11.2,NA,11.2,11.2,TRUE,EXP3_BRAKE_SIZE,BRAKE_SIZE,FALSE,TRUE,53,25616,4,L. DIGITATA,HW,SPRING,Harwich,BWC,BRAKE_WEAR,NA,COARSE,0,NA,0,4.5,NA,26195,30377,56572,0.4630382521388673,glass,223,NA,NA,NA,NA,2025,NA,NA,LAMINARIA DIGITATA,56572,0.4630382521388673,FALSE,FALSE,FALSE,FALSE,FALSE,FALSE,FALSE,FALSE,FALSE,FALSE,FALSE,0,FALSE,NA,NA,FALSE,FALSE,FALSE,FALSE,FALSE,FALSE,FALSE,FALSE,FALSE,FALSE,FALSE,FALSE,NA,NA,0.5369617478611327,11.2,BRAKE_SIZE,EXP3_BRAKE_SIZE,NA,0.7403626894942439,0 lux,4,1,BRAKE_WEAR,COARSE,BRAKE_SIZE,BRAKE_WEAR,BWC,FALSE,FALSE,TRUE,TRUE,FALSE,Day 4,NA,0 lux,36,36,1,Experiment 3: Particle size comparison under equal mass loading,Exp. 3 Brake size,BRAKE_WEAR,BRAKE_WEAR,Coarse,TRUE,EXP3_BRAKE_SIZE
700,C2225,20250415_C2225_clip.MP4,504,11.2,NA,11.2,11.2,TRUE,EXP3_BRAKE_SIZE,BRAKE_SIZE,FALSE,TRUE,53,25621,4,L. DIGITATA,HW,SPRING,Harwich,BWC,BRAKE_WEAR,NA,COARSE,0,NA,0,45,NA,19243,22449,41692,0.4615513767629281,glass,901,NA,NA,NA,NA,2025,NA,NA,LAMINARIA DIGITATA,41692,0.4615513767629281,FALSE,FALSE,FALSE,FALSE,FALSE,FALSE,FALSE,FALSE,FALSE,FALSE,FALSE,0,FALSE,NA,NA,FALSE,FALSE,FALSE,FALSE,FALSE,FALSE,FALSE,FALSE,FALSE,FALSE,FALSE,FALSE,NA,NA,0.5384486232370719,11.2,BRAKE_SIZE,EXP3_BRAKE_SIZE,NA,1.662757831681574,0 lux,4,1,BRAKE_WEAR,COARSE,BRAKE_SIZE,BRAKE_WEAR,BWC,FALSE,FALSE,TRUE,TRUE,FALSE,Day 4,NA,0 lux,36,36,1,Experiment 3: Particle size comparison under equal mass loading,Exp. 3 Brake size,BRAKE_WEAR,BRAKE_WEAR,Coarse,TRUE,EXP3_BRAKE_SIZE
701,C2226,20250415_C2226_clip.MP4,504,11.2,NA,11.2,11.2,TRUE,EXP3_BRAKE_SIZE,BRAKE_SIZE,FALSE,TRUE,53,25622,4,L. DIGITATA,HW,SPRING,Harwich,BWC,BRAKE_WEAR,NA,COARSE,0,NA,0,45,NA,1147,1548,2695,0.4256029684601113,glass,1234,NA,NA,NA,NA,2025,NA,NA,LAMINARIA DIGITATA,2695,0.4256029684601113,FALSE,FALSE,FALSE,FALSE,FALSE,FALSE,FALSE,FALSE,FALSE,FALSE,FALSE,0,FALSE,NA,NA,FALSE,FALSE,FALSE,FALSE,FALSE,FALSE,FALSE,FALSE,FALSE,FALSE,FALSE,FALSE,NA,NA,0.5743970315398886,11.2,BRAKE_SIZE,EXP3_BRAKE_SIZE,NA,1.662757831681574,0 lux,4,1,BRAKE_WEAR,COARSE,BRAKE_SIZE,BRAKE_WEAR,BWC,FALSE,FALSE,TRUE,TRUE,FALSE,Day 4,NA,0 lux,36,36,1,Experiment 3: Particle size comparison under equal mass loading,Exp. 3 Brake size,BRAKE_WEAR,BRAKE_WEAR,Coarse,TRUE,EXP3_BRAKE_SIZE
702,C2227,20250415_C2227_clip.MP4,504,11.2,NA,11.2,11.2,TRUE,EXP3_BRAKE_SIZE,BRAKE_SIZE,FALSE,TRUE,53,25623,4,L. DIGITATA,HW,SPRING,Harwich,BWC,BRAKE_WEAR,NA,COARSE,0,NA,0,45,NA,18421,20942,39363,0.4679775423621167,glass,216,NA,NA,NA,NA,2025,NA,NA,LAMINARIA DIGITATA,39363,0.4679775423621167,FALSE,FALSE,FALSE,FALSE,FALSE,FALSE,FALSE,FALSE,FALSE,FALSE,FALSE,0,FALSE,NA,NA,FALSE,FALSE,FALSE,FALSE,FALSE,FALSE,FALSE,FALSE,FALSE,FALSE,FALSE,FALSE,NA,NA,0.5320224576378833,11.2,BRAKE_SIZE,EXP3_BRAKE_SIZE,NA,1.662757831681574,0 lux,4,1,BRAKE_WEAR,COARSE,BRAKE_SIZE,BRAKE_WEAR,BWC,FALSE,FALSE,TRUE,TRUE,FALSE,Day 4,NA,0 lux,36,36,1,Experiment 3: Particle size comparison under equal mass loading,Exp. 3 Brake size,BRAKE_WEAR,BRAKE_WEAR,Coarse,TRUE,EXP3_BRAKE_SIZE
703,C2228,20250415_C2228_clip.MP4,504,11.2,NA,11.2,11.2,TRUE,EXP3_BRAKE_SIZE,BRAKE_SIZE,FALSE,TRUE,53,25624,4,L. DIGITATA,HW,SPRING,Harwich,BWC,BRAKE_WEAR,NA,COARSE,0,NA,0,45,NA,17582,18085,35667,0.49294866403117726,glass,457,NA,NA,NA,NA,2025,NA,NA,LAMINARIA DIGITATA,35667,0.49294866403117726,FALSE,FALSE,FALSE,FALSE,FALSE,FALSE,FALSE,FALSE,FALSE,FALSE,FALSE,0,FALSE,NA,NA,FALSE,FALSE,FALSE,FALSE,FALSE,FALSE,FALSE,FALSE,FALSE,FALSE,FALSE,FALSE,NA,NA,0.5070513359688227,11.2,BRAKE_SIZE,EXP3_BRAKE_SIZE,NA,1.662757831681574,0 lux,4,1,BRAKE_WEAR,COARSE,BRAKE_SIZE,BRAKE_WEAR,BWC,FALSE,FALSE,TRUE,TRUE,FALSE,Day 4,NA,0 lux,36,36,1,Experiment 3: Particle size comparison under equal mass loading,Exp. 3 Brake size,BRAKE_WEAR,BRAKE_WEAR,Coarse,TRUE,EXP3_BRAKE_SIZE
704,C2229,20250415_C2229_clip.MP4,504,11.2,NA,11.2,11.2,TRUE,EXP3_BRAKE_SIZE,BRAKE_SIZE,FALSE,TRUE,53,25625,4,L. DIGITATA,HW,SPRING,Harwich,BWC,BRAKE_WEAR,NA,COARSE,0,NA,0,45,NA,17485,16246,33731,0.5183658948741514,glass,201,NA,NA,NA,NA,2025,NA,NA,LAMINARIA DIGITATA,33731,0.5183658948741514,FALSE,FALSE,FALSE,FALSE,FALSE,FALSE,FALSE,FALSE,FALSE,FALSE,FALSE,0,FALSE,NA,NA,FALSE,FALSE,FALSE,FALSE,FALSE,FALSE,FALSE,FALSE,FALSE,FALSE,FALSE,FALSE,NA,NA,0.48163410512584864,11.2,BRAKE_SIZE,EXP3_BRAKE_SIZE,NA,1.662757831681574,0 lux,4,1,BRAKE_WEAR,COARSE,BRAKE_SIZE,BRAKE_WEAR,BWC,FALSE,FALSE,TRUE,TRUE,FALSE,Day 4,NA,0 lux,36,36,1,Experiment 3: Particle size comparison under equal mass loading,Exp. 3 Brake size,BRAKE_WEAR,BRAKE_WEAR,Coarse,TRUE,EXP3_BRAKE_SIZE
705,C2230,20250415_C2230_clip.MP4,504,11.2,NA,11.2,11.2,TRUE,EXP3_BRAKE_SIZE,BRAKE_SIZE,FALSE,TRUE,53,25626,4,L. DIGITATA,HW,SPRING,Harwich,BWC,BRAKE_WEAR,NA,COARSE,0,NA,0,45,NA,21295,21334,42629,0.49954256492059396,glass,4469,NA,NA,NA,NA,2025,NA,NA,LAMINARIA DIGITATA,42629,0.49954256492059396,FALSE,FALSE,FALSE,FALSE,FALSE,FALSE,FALSE,FALSE,FALSE,FALSE,FALSE,0,FALSE,NA,NA,FALSE,FALSE,FALSE,FALSE,FALSE,FALSE,FALSE,FALSE,FALSE,FALSE,FALSE,FALSE,NA,NA,0.500457435079406,11.2,BRAKE_SIZE,EXP3_BRAKE_SIZE,NA,1.662757831681574,0 lux,4,1,BRAKE_WEAR,COARSE,BRAKE_SIZE,BRAKE_WEAR,BWC,FALSE,FALSE,TRUE,TRUE,FALSE,Day 4,NA,0 lux,36,36,1,Experiment 3: Particle size comparison under equal mass loading,Exp. 3 Brake size,BRAKE_WEAR,BRAKE_WEAR,Coarse,TRUE,EXP3_BRAKE_SIZE
706,C2231,20250415_C2231_clip.MP4,504,11.2,NA,11.2,11.2,TRUE,EXP3_BRAKE_SIZE,BRAKE_SIZE,FALSE,TRUE,53,25631,4,L. DIGITATA,HW,SPRING,Harwich,BWC,BRAKE_WEAR,NA,COARSE,0,NA,0,450,NA,1164,2017,3181,0.36592266582835586,glass,1743,NA,NA,NA,NA,2025,NA,NA,LAMINARIA DIGITATA,3181,0.36592266582835586,FALSE,FALSE,FALSE,FALSE,FALSE,FALSE,FALSE,FALSE,FALSE,FALSE,FALSE,0,FALSE,NA,NA,FALSE,FALSE,FALSE,FALSE,FALSE,FALSE,FALSE,FALSE,FALSE,FALSE,FALSE,FALSE,NA,NA,0.6340773341716441,11.2,BRAKE_SIZE,EXP3_BRAKE_SIZE,NA,2.6541765418779604,0 lux,4,1,BRAKE_WEAR,COARSE,BRAKE_SIZE,BRAKE_WEAR,BWC,FALSE,FALSE,TRUE,TRUE,FALSE,Day 4,NA,0 lux,36,36,1,Experiment 3: Particle size comparison under equal mass loading,Exp. 3 Brake size,BRAKE_WEAR,BRAKE_WEAR,Coarse,TRUE,EXP3_BRAKE_SIZE
707,C2232,20250415_C2232_clip.MP4,504,11.2,NA,11.2,11.2,TRUE,EXP3_BRAKE_SIZE,BRAKE_SIZE,FALSE,TRUE,53,25632,4,L. DIGITATA,HW,SPRING,Harwich,BWC,BRAKE_WEAR,NA,COARSE,0,NA,0,450,NA,23098,25646,48744,0.47386344986049567,glass,556,NA,NA,NA,NA,2025,NA,NA,LAMINARIA DIGITATA,48744,0.47386344986049567,FALSE,FALSE,FALSE,FALSE,FALSE,FALSE,FALSE,FALSE,FALSE,FALSE,FALSE,0,FALSE,NA,NA,FALSE,FALSE,FALSE,FALSE,FALSE,FALSE,FALSE,FALSE,FALSE,FALSE,FALSE,FALSE,NA,NA,0.5261365501395043,11.2,BRAKE_SIZE,EXP3_BRAKE_SIZE,NA,2.6541765418779604,0 lux,4,1,BRAKE_WEAR,COARSE,BRAKE_SIZE,BRAKE_WEAR,BWC,FALSE,FALSE,TRUE,TRUE,FALSE,Day 4,NA,0 lux,36,36,1,Experiment 3: Particle size comparison under equal mass loading,Exp. 3 Brake size,BRAKE_WEAR,BRAKE_WEAR,Coarse,TRUE,EXP3_BRAKE_SIZE
708,C2233,20250415_C2233_clip.MP4,504,11.2,NA,11.2,11.2,TRUE,EXP3_BRAKE_SIZE,BRAKE_SIZE,FALSE,TRUE,53,25633,4,L. DIGITATA,HW,SPRING,Harwich,BWC,BRAKE_WEAR,NA,COARSE,0,NA,0,450,NA,14719,20087,34806,0.42288685858759983,glass,1225,NA,NA,NA,NA,2025,NA,NA,LAMINARIA DIGITATA,34806,0.42288685858759983,FALSE,FALSE,FALSE,FALSE,FALSE,FALSE,FALSE,FALSE,FALSE,FALSE,FALSE,0,FALSE,NA,NA,FALSE,FALSE,FALSE,FALSE,FALSE,FALSE,FALSE,FALSE,FALSE,FALSE,FALSE,FALSE,NA,NA,0.5771131414124001,11.2,BRAKE_SIZE,EXP3_BRAKE_SIZE,NA,2.6541765418779604,0 lux,4,1,BRAKE_WEAR,COARSE,BRAKE_SIZE,BRAKE_WEAR,BWC,FALSE,FALSE,TRUE,TRUE,FALSE,Day 4,NA,0 lux,36,36,1,Experiment 3: Particle size comparison under equal mass loading,Exp. 3 Brake size,BRAKE_WEAR,BRAKE_WEAR,Coarse,TRUE,EXP3_BRAKE_SIZE
709,C2234,20250415_C2234_clip.MP4,504,11.2,NA,11.2,11.2,TRUE,EXP3_BRAKE_SIZE,BRAKE_SIZE,FALSE,TRUE,53,25634,4,L. DIGITATA,HW,SPRING,Harwich,BWC,BRAKE_WEAR,NA,COARSE,0,NA,0,450,NA,27924,26109,54033,0.5167952917661429,glass,190,NA,NA,NA,NA,2025,NA,NA,LAMINARIA DIGITATA,54033,0.5167952917661429,FALSE,FALSE,FALSE,FALSE,FALSE,FALSE,FALSE,FALSE,FALSE,FALSE,FALSE,0,FALSE,NA,NA,FALSE,FALSE,FALSE,FALSE,FALSE,FALSE,FALSE,FALSE,FALSE,FALSE,FALSE,FALSE,NA,NA,0.4832047082338571,11.2,BRAKE_SIZE,EXP3_BRAKE_SIZE,NA,2.6541765418779604,0 lux,4,1,BRAKE_WEAR,COARSE,BRAKE_SIZE,BRAKE_WEAR,BWC,FALSE,FALSE,TRUE,TRUE,FALSE,Day 4,NA,0 lux,36,36,1,Experiment 3: Particle size comparison under equal mass loading,Exp. 3 Brake size,BRAKE_WEAR,BRAKE_WEAR,Coarse,TRUE,EXP3_BRAKE_SIZE
710,C2235,20250415_C2235_clip.MP4,504,11.2,NA,11.2,11.2,TRUE,EXP3_BRAKE_SIZE,BRAKE_SIZE,FALSE,TRUE,53,25635,4,L. DIGITATA,HW,SPRING,Harwich,BWC,BRAKE_WEAR,NA,COARSE,0,NA,0,450,NA,14983,18790,33773,0.44363840938027416,glass,383,NA,NA,NA,NA,2025,NA,NA,LAMINARIA DIGITATA,33773,0.44363840938027416,FALSE,FALSE,FALSE,FALSE,FALSE,FALSE,FALSE,FALSE,FALSE,FALSE,FALSE,0,FALSE,NA,NA,FALSE,FALSE,FALSE,FALSE,FALSE,FALSE,FALSE,FALSE,FALSE,FALSE,FALSE,FALSE,NA,NA,0.5563615906197258,11.2,BRAKE_SIZE,EXP3_BRAKE_SIZE,NA,2.6541765418779604,0 lux,4,1,BRAKE_WEAR,COARSE,BRAKE_SIZE,BRAKE_WEAR,BWC,FALSE,FALSE,TRUE,TRUE,FALSE,Day 4,NA,0 lux,36,36,1,Experiment 3: Particle size comparison under equal mass loading,Exp. 3 Brake size,BRAKE_WEAR,BRAKE_WEAR,Coarse,TRUE,EXP3_BRAKE_SIZE
711,C2236,20250415_C2236_clip.MP4,504,11.2,NA,11.2,11.2,TRUE,EXP3_BRAKE_SIZE,BRAKE_SIZE,FALSE,TRUE,53,25636,4,L. DIGITATA,HW,SPRING,Harwich,BWC,BRAKE_WEAR,NA,COARSE,0,NA,0,450,NA,29463,27897,57360,0.5136506276150627,glass,264,NA,NA,NA,NA,2025,NA,NA,LAMINARIA DIGITATA,57360,0.5136506276150627,FALSE,FALSE,FALSE,FALSE,FALSE,FALSE,FALSE,FALSE,FALSE,FALSE,FALSE,0,FALSE,NA,NA,FALSE,FALSE,FALSE,FALSE,FALSE,FALSE,FALSE,FALSE,FALSE,FALSE,FALSE,FALSE,NA,NA,0.48634937238493725,11.2,BRAKE_SIZE,EXP3_BRAKE_SIZE,NA,2.6541765418779604,0 lux,4,1,BRAKE_WEAR,COARSE,BRAKE_SIZE,BRAKE_WEAR,BWC,FALSE,FALSE,TRUE,TRUE,FALSE,Day 4,NA,0 lux,36,36,1,Experiment 3: Particle size comparison under equal mass loading,Exp. 3 Brake size,BRAKE_WEAR,BRAKE_WEAR,Coarse,TRUE,EXP3_BRAKE_SIZE
